transaction_id,transaction_date,customer_id,product_category,product_name,quantity,unit_price,total_amount,payment_method,region
TXN100000,2025-01-01,CUST831,Snacks,Bingo Mad Angles,2,25,50,UPI,Mumbai
TXN100001,2025-02-19,CUST302,Personal Care,Vivel Soap,1,35,35,Card,Chennai
TXN100002,2025-06-04,CUST742,Beverages,Sunbean Coffee,4,180,720,Card,Hyderabad
TXN100003,2025-04-16,CUST514,Snacks,Bingo Chips,1,20,20,UPI,Mumbai
TXN100004,2025-01-10,CUST740,Personal Care,Savlon Sanitizer,4,70,280,Cash,Bangalore
TXN100005,2025-05-13,CUST599,Snacks,Bingo Chips,3,20,60,Card,Delhi
TXN100006,2025-01-05,CUST990,FMCG,Aashirvaad Atta,4,65,260,Cash,Mumbai
TXN100007,2025-04-13,CUST962,Beverages,Sunbean Coffee,3,180,540,UPI,Kolkata
TXN100008,2025-05-23,CUST713,Personal Care,Savlon Sanitizer,1,70,70,Cash,Hyderabad
TXN100009,2025-01-19,CUST563,FMCG,Aashirvaad Atta,3,65,195,Cash,Hyderabad
TXN100010,2025-03-27,CUST771,Snacks,Bingo Mad Angles,2,25,50,Card,Delhi
TXN100011,2025-06-06,CUST985,Beverages,Sunbean Coffee,3,180,540,UPI,Chennai
TXN100012,2025-04-15,CUST453,FMCG,Aashirvaad Atta,2,65,130,Card,Bangalore
TXN100013,2025-01-08,CUST652,Personal Care,Savlon Sanitizer,1,70,70,Cash,Delhi
TXN100014,2025-05-14,CUST199,Beverages,B Natural Juice,1,40,40,Cash,Kolkata
TXN100015,2025-03-21,CUST982,Snacks,Bingo Chips,1,20,20,Card,Hyderabad
TXN100016,2025-02-13,CUST359,Beverages,Sunbean Coffee,4,180,720,Card,Chennai
TXN100017,2025-01-17,CUST947,FMCG,Aashirvaad Atta,2,65,130,Card,Bangalore
TXN100018,2025-02-28,CUST745,FMCG,Aashirvaad Atta,4,65,260,Card,Delhi
TXN100019,2025-05-16,CUST400,Snacks,Bingo Mad Angles,1,25,25,UPI,Hyderabad
TXN100020,2025-03-31,CUST557,FMCG,Aashirvaad Atta,4,65,260,UPI,Mumbai
TXN100021,2025-02-26,CUST154,Snacks,Bingo Chips,2,20,40,UPI,Delhi
TXN100022,2025-05-23,CUST988,Beverages,Sunbean Coffee,1,180,180,UPI,Mumbai
TXN100023,2025-06-04,CUST331,Beverages,B Natural Juice,3,40,120,UPI,Delhi
TXN100024,2025-03-31,CUST273,Beverages,B Natural Juice,4,40,160,Cash,Kolkata
TXN100025,2025-04-24,CUST409,Snacks,Bingo Chips,3,20,60,UPI,Kolkata
TXN100026,2025-02-09,CUST482,Beverages,B Natural Juice,4,40,160,Cash,Chennai
TXN100027,2025-05-09,CUST715,Beverages,B Natural Juice,2,40,80,Cash,Bangalore
TXN100028,2025-06-03,CUST905,Snacks,Bingo Chips,1,20,20,UPI,Hyderabad
TXN100029,2025-06-21,CUST193,Snacks,Bingo Mad Angles,3,25,75,UPI,Delhi
TXN100030,2025-03-03,CUST562,Personal Care,Savlon Sanitizer,5,70,350,Card,Hyderabad
TXN100031,2025-06-12,CUST754,Snacks,Bingo Chips,4,20,80,Card,Mumbai
TXN100032,2025-06-09,CUST405,Snacks,Bingo Chips,3,20,60,Card,Hyderabad
TXN100033,2025-05-03,CUST563,Personal Care,Savlon Handwash,1,95,95,Card,Chennai
TXN100034,2025-05-10,CUST367,Personal Care,Savlon Handwash,4,95,380,UPI,Delhi
TXN100035,2025-04-26,CUST435,Beverages,Sunbean Coffee,2,180,360,Card,Hyderabad
TXN100036,2025-06-15,CUST654,Beverages,B Natural Juice,1,40,40,Card,Hyderabad
TXN100037,2025-06-12,CUST771,Snacks,Bingo Mad Angles,2,25,50,Card,Mumbai
TXN100038,2025-02-05,CUST956,Beverages,Sunbean Coffee,1,180,180,Cash,Mumbai
TXN100039,2025-04-08,CUST373,Beverages,B Natural Juice,1,40,40,Cash,Hyderabad
TXN100040,2025-05-16,CUST896,Beverages,B Natural Juice,5,40,200,Card,Hyderabad
TXN100041,2025-03-27,CUST886,Personal Care,Savlon Sanitizer,1,70,70,Card,Bangalore
TXN100042,2025-04-13,CUST167,Snacks,Bingo Chips,4,20,80,UPI,Kolkata
TXN100043,2025-06-28,CUST443,FMCG,Aashirvaad Atta,3,65,195,UPI,Hyderabad
TXN100044,2025-02-26,CUST236,Beverages,B Natural Juice,2,40,80,UPI,Delhi
TXN100045,2025-05-14,CUST759,Personal Care,Vivel Soap,5,35,175,Cash,Chennai
TXN100046,2025-06-13,CUST783,Snacks,Bingo Chips,2,20,40,UPI,Mumbai
TXN100047,2025-03-13,CUST987,Snacks,Bingo Mad Angles,1,25,25,Card,Hyderabad
TXN100048,2025-05-22,CUST161,Snacks,Bingo Chips,3,20,60,Cash,Mumbai
TXN100049,2025-02-20,CUST302,Snacks,Bingo Mad Angles,2,25,50,Cash,Mumbai
TXN100050,2025-02-18,CUST134,Personal Care,Vivel Soap,2,35,70,UPI,Mumbai
TXN100051,2025-01-22,CUST715,Beverages,Sunbean Coffee,5,180,900,UPI,Bangalore
TXN100052,2025-06-12,CUST470,Snacks,Bingo Chips,2,20,40,Card,Hyderabad
TXN100053,2025-03-04,CUST951,Snacks,Bingo Mad Angles,1,25,25,UPI,Chennai
TXN100054,2025-06-25,CUST946,Snacks,Bingo Chips,5,20,100,Card,Bangalore
TXN100055,2025-01-13,CUST745,Beverages,Sunbean Coffee,3,180,540,UPI,Chennai
TXN100056,2025-05-24,CUST310,Beverages,Sunbean Coffee,2,180,360,Card,Chennai
TXN100057,2025-03-09,CUST825,Personal Care,Vivel Soap,2,35,70,Cash,Delhi
TXN100058,2025-01-21,CUST873,Snacks,Bingo Mad Angles,3,25,75,Cash,Hyderabad
TXN100059,2025-01-01,CUST570,Personal Care,Vivel Soap,2,35,70,UPI,Hyderabad
TXN100060,2025-01-27,CUST700,Personal Care,Savlon Handwash,1,95,95,Cash,Hyderabad
TXN100061,2025-05-15,CUST457,Beverages,Sunbean Coffee,5,180,900,Card,Bangalore
TXN100062,2025-05-03,CUST541,Personal Care,Savlon Sanitizer,5,70,350,UPI,Mumbai
TXN100063,2025-01-25,CUST930,Beverages,B Natural Juice,1,40,40,UPI,Hyderabad
TXN100064,2025-03-21,CUST326,Beverages,Sunbean Coffee,1,180,180,Card,Hyderabad
TXN100065,2025-04-12,CUST164,Personal Care,Savlon Handwash,2,95,190,Cash,Mumbai
TXN100066,2025-03-27,CUST274,Personal Care,Savlon Sanitizer,1,70,70,Cash,Delhi
TXN100067,2025-06-08,CUST415,Personal Care,Vivel Soap,1,35,35,UPI,Kolkata
TXN100068,2025-06-09,CUST219,Beverages,B Natural Juice,1,40,40,Cash,Bangalore
TXN100069,2025-03-24,CUST513,Personal Care,Savlon Handwash,1,95,95,Card,Kolkata
TXN100070,2025-06-13,CUST315,Beverages,B Natural Juice,5,40,200,Cash,Bangalore
TXN100071,2025-05-13,CUST173,Beverages,Sunbean Coffee,2,180,360,Card,Bangalore
TXN100072,2025-04-13,CUST729,Personal Care,Savlon Handwash,4,95,380,Cash,Mumbai
TXN100073,2025-01-10,CUST744,Personal Care,Savlon Handwash,1,95,95,Cash,Delhi
TXN100074,2025-06-21,CUST275,Personal Care,Vivel Soap,4,35,140,Card,Kolkata
TXN100075,2025-04-01,CUST474,FMCG,Aashirvaad Atta,2,65,130,Cash,Mumbai
TXN100076,2025-03-29,CUST294,FMCG,Aashirvaad Atta,2,65,130,UPI,Delhi
TXN100077,2025-03-15,CUST287,Personal Care,Vivel Soap,1,35,35,Card,Delhi
TXN100078,2025-05-16,CUST453,Beverages,B Natural Juice,2,40,80,Cash,Bangalore
TXN100079,2025-05-08,CUST149,Snacks,Bingo Chips,3,20,60,Card,Chennai
TXN100080,2025-03-10,CUST279,Snacks,Bingo Chips,2,20,40,UPI,Chennai
TXN100081,2025-05-30,CUST522,Snacks,Bingo Mad Angles,1,25,25,UPI,Bangalore
TXN100082,2025-02-19,CUST407,Personal Care,Savlon Handwash,1,95,95,UPI,Bangalore
TXN100083,2025-03-14,CUST292,Personal Care,Savlon Handwash,2,95,190,Card,Delhi
TXN100084,2025-02-12,CUST626,Snacks,Bingo Chips,1,20,20,UPI,Chennai
TXN100085,2025-03-31,CUST308,Personal Care,Savlon Sanitizer,5,70,350,Card,Mumbai
TXN100086,2025-02-20,CUST798,FMCG,Aashirvaad Atta,3,65,195,Cash,Delhi
TXN100087,2025-04-04,CUST427,Beverages,B Natural Juice,5,40,200,Card,Chennai
TXN100088,2025-06-09,CUST307,Snacks,Bingo Chips,2,20,40,Card,Kolkata
TXN100089,2025-02-02,CUST896,Personal Care,Savlon Sanitizer,5,70,350,UPI,Mumbai
TXN100090,2025-05-05,CUST123,FMCG,Aashirvaad Atta,5,65,325,Cash,Kolkata
TXN100091,2025-02-11,CUST215,Snacks,Bingo Mad Angles,4,25,100,Cash,Hyderabad
TXN100092,2025-03-19,CUST561,Personal Care,Savlon Sanitizer,5,70,350,UPI,Mumbai
TXN100093,2025-06-30,CUST277,Beverages,B Natural Juice,2,40,80,UPI,Kolkata
TXN100094,2025-02-02,CUST240,Personal Care,Savlon Sanitizer,5,70,350,UPI,Delhi
TXN100095,2025-02-24,CUST909,Snacks,Bingo Mad Angles,3,25,75,UPI,Delhi
TXN100096,2025-05-28,CUST163,FMCG,Aashirvaad Atta,1,65,65,UPI,Hyderabad
TXN100097,2025-01-31,CUST377,Beverages,B Natural Juice,3,40,120,Card,Delhi
TXN100098,2025-05-19,CUST323,Snacks,Bingo Mad Angles,3,25,75,Cash,Mumbai
TXN100099,2025-03-04,CUST432,FMCG,Aashirvaad Atta,4,65,260,Card,Hyderabad
TXN100100,2025-01-17,CUST102,Personal Care,Savlon Sanitizer,5,70,350,Cash,Chennai
TXN100101,2025-03-13,CUST279,FMCG,Aashirvaad Atta,3,65,195,UPI,Hyderabad
TXN100102,2025-03-19,CUST669,Snacks,Bingo Chips,3,20,60,Card,Mumbai
TXN100103,2025-02-06,CUST757,FMCG,Aashirvaad Atta,4,65,260,Cash,Chennai
TXN100104,2025-02-13,CUST516,Personal Care,Savlon Sanitizer,3,70,210,Card,Delhi
TXN100105,2025-01-16,CUST117,Snacks,Bingo Mad Angles,5,25,125,Cash,Hyderabad
TXN100106,2025-04-19,CUST405,Personal Care,Savlon Sanitizer,2,70,140,UPI,Delhi
TXN100107,2025-01-06,CUST776,Personal Care,Savlon Handwash,3,95,285,Card,Delhi
TXN100108,2025-02-25,CUST469,Snacks,Bingo Mad Angles,1,25,25,Card,Hyderabad
TXN100109,2025-05-08,CUST343,Snacks,Bingo Chips,3,20,60,Cash,Chennai
TXN100110,2025-06-06,CUST649,Personal Care,Savlon Sanitizer,3,70,210,UPI,Delhi
TXN100111,2025-03-09,CUST398,Personal Care,Vivel Soap,3,35,105,Card,Delhi
TXN100112,2025-05-22,CUST210,Beverages,B Natural Juice,5,40,200,Cash,Mumbai
TXN100113,2025-06-30,CUST322,Snacks,Bingo Chips,2,20,40,Card,Chennai
TXN100114,2025-05-10,CUST828,FMCG,Aashirvaad Atta,1,65,65,Card,Kolkata
TXN100115,2025-03-26,CUST794,Snacks,Bingo Chips,3,20,60,Card,Hyderabad
TXN100116,2025-03-09,CUST340,Beverages,Sunbean Coffee,3,180,540,UPI,Hyderabad
TXN100117,2025-06-22,CUST244,Personal Care,Savlon Sanitizer,5,70,350,UPI,Kolkata
TXN100118,2025-04-28,CUST651,Personal Care,Savlon Handwash,4,95,380,Card,Mumbai
TXN100119,2025-02-03,CUST192,Personal Care,Vivel Soap,4,35,140,UPI,Bangalore
TXN100120,2025-05-28,CUST691,Personal Care,Vivel Soap,4,35,140,Card,Hyderabad
TXN100121,2025-06-05,CUST433,Beverages,B Natural Juice,4,40,160,UPI,Kolkata
TXN100122,2025-03-11,CUST117,FMCG,Aashirvaad Atta,4,65,260,Card,Bangalore
TXN100123,2025-04-23,CUST538,Personal Care,Savlon Handwash,4,95,380,Card,Delhi
TXN100124,2025-06-16,CUST413,Beverages,Sunbean Coffee,2,180,360,Cash,Bangalore
TXN100125,2025-04-20,CUST385,Snacks,Bingo Chips,4,20,80,Cash,Mumbai
TXN100126,2025-02-22,CUST682,Snacks,Bingo Mad Angles,1,25,25,UPI,Delhi
TXN100127,2025-05-08,CUST266,Beverages,B Natural Juice,2,40,80,UPI,Delhi
TXN100128,2025-03-18,CUST883,Personal Care,Savlon Sanitizer,4,70,280,UPI,Mumbai
TXN100129,2025-04-26,CUST655,Personal Care,Savlon Handwash,1,95,95,Card,Mumbai
TXN100130,2025-04-04,CUST514,Beverages,Sunbean Coffee,2,180,360,Card,Bangalore
TXN100131,2025-03-23,CUST652,Beverages,Sunbean Coffee,2,180,360,UPI,Mumbai
TXN100132,2025-05-25,CUST799,FMCG,Aashirvaad Atta,5,65,325,Card,Hyderabad
TXN100133,2025-01-13,CUST750,Personal Care,Savlon Sanitizer,4,70,280,Cash,Bangalore
TXN100134,2025-04-11,CUST402,Personal Care,Savlon Handwash,5,95,475,UPI,Hyderabad
TXN100135,2025-05-28,CUST152,Beverages,Sunbean Coffee,4,180,720,UPI,Delhi
TXN100136,2025-02-11,CUST861,Snacks,Bingo Mad Angles,2,25,50,Card,Hyderabad
TXN100137,2025-06-13,CUST418,Beverages,B Natural Juice,3,40,120,Cash,Hyderabad
TXN100138,2025-04-13,CUST551,Personal Care,Savlon Sanitizer,2,70,140,UPI,Hyderabad
TXN100139,2025-03-03,CUST157,Personal Care,Savlon Handwash,2,95,190,Card,Hyderabad
TXN100140,2025-05-05,CUST643,Beverages,Sunbean Coffee,1,180,180,Cash,Mumbai
TXN100141,2025-06-26,CUST575,Snacks,Bingo Chips,3,20,60,Card,Chennai
TXN100142,2025-01-31,CUST654,FMCG,Aashirvaad Atta,3,65,195,Card,Bangalore
TXN100143,2025-04-17,CUST358,Personal Care,Savlon Handwash,5,95,475,Cash,Chennai
TXN100144,2025-06-15,CUST866,Personal Care,Vivel Soap,3,35,105,UPI,Kolkata
TXN100145,2025-04-22,CUST567,Beverages,Sunbean Coffee,1,180,180,UPI,Mumbai
TXN100146,2025-06-29,CUST643,Snacks,Bingo Chips,4,20,80,Card,Hyderabad
TXN100147,2025-03-30,CUST522,Personal Care,Savlon Sanitizer,3,70,210,Cash,Kolkata
TXN100148,2025-03-27,CUST829,Snacks,Bingo Mad Angles,2,25,50,Cash,Delhi
TXN100149,2025-04-04,CUST174,Personal Care,Savlon Sanitizer,2,70,140,Card,Delhi
TXN100150,2025-06-03,CUST884,Snacks,Bingo Mad Angles,4,25,100,UPI,Mumbai
TXN100151,2025-06-29,CUST469,Beverages,B Natural Juice,2,40,80,UPI,Delhi
TXN100152,2025-01-16,CUST773,Personal Care,Savlon Sanitizer,5,70,350,UPI,Bangalore
TXN100153,2025-06-25,CUST679,Snacks,Bingo Chips,2,20,40,Card,Bangalore
TXN100154,2025-05-28,CUST486,Beverages,B Natural Juice,3,40,120,Card,Chennai
TXN100155,2025-01-19,CUST186,Personal Care,Vivel Soap,5,35,175,Card,Delhi
TXN100156,2025-04-30,CUST560,Snacks,Bingo Mad Angles,5,25,125,Card,Hyderabad
TXN100157,2025-02-06,CUST486,Snacks,Bingo Mad Angles,1,25,25,Cash,Kolkata
TXN100158,2025-06-14,CUST923,Beverages,B Natural Juice,2,40,80,UPI,Hyderabad
TXN100159,2025-03-19,CUST635,Personal Care,Vivel Soap,2,35,70,Card,Mumbai
TXN100160,2025-01-28,CUST942,Beverages,B Natural Juice,1,40,40,Card,Bangalore
TXN100161,2025-03-20,CUST288,Personal Care,Savlon Handwash,3,95,285,Cash,Mumbai
TXN100162,2025-01-17,CUST406,Snacks,Bingo Mad Angles,3,25,75,Cash,Kolkata
TXN100163,2025-02-14,CUST598,Personal Care,Savlon Sanitizer,5,70,350,Cash,Chennai
TXN100164,2025-06-09,CUST157,Beverages,B Natural Juice,1,40,40,Cash,Hyderabad
TXN100165,2025-04-19,CUST186,Beverages,B Natural Juice,4,40,160,Cash,Bangalore
TXN100166,2025-06-21,CUST673,Snacks,Bingo Mad Angles,3,25,75,Cash,Chennai
TXN100167,2025-04-14,CUST965,Personal Care,Vivel Soap,4,35,140,Card,Hyderabad
TXN100168,2025-06-15,CUST491,FMCG,Aashirvaad Atta,4,65,260,UPI,Hyderabad
TXN100169,2025-03-14,CUST725,Snacks,Bingo Mad Angles,5,25,125,Cash,Mumbai
TXN100170,2025-03-19,CUST433,Beverages,B Natural Juice,1,40,40,Cash,Chennai
TXN100171,2025-04-05,CUST183,Personal Care,Savlon Sanitizer,1,70,70,UPI,Bangalore
TXN100172,2025-03-02,CUST172,Beverages,B Natural Juice,4,40,160,UPI,Bangalore
TXN100173,2025-02-28,CUST173,Beverages,B Natural Juice,2,40,80,Card,Hyderabad
TXN100174,2025-03-08,CUST842,Beverages,Sunbean Coffee,1,180,180,Cash,Bangalore
TXN100175,2025-05-16,CUST694,Snacks,Bingo Mad Angles,5,25,125,Card,Chennai
TXN100176,2025-05-18,CUST752,Personal Care,Savlon Handwash,4,95,380,UPI,Delhi
TXN100177,2025-04-09,CUST732,Beverages,Sunbean Coffee,1,180,180,UPI,Hyderabad
TXN100178,2025-05-08,CUST140,Snacks,Bingo Chips,4,20,80,UPI,Hyderabad
TXN100179,2025-01-11,CUST557,Personal Care,Vivel Soap,5,35,175,UPI,Kolkata
TXN100180,2025-01-28,CUST679,Snacks,Bingo Chips,1,20,20,Cash,Hyderabad
TXN100181,2025-04-25,CUST701,Personal Care,Savlon Sanitizer,4,70,280,Cash,Mumbai
TXN100182,2025-04-01,CUST691,Beverages,Sunbean Coffee,4,180,720,UPI,Chennai
TXN100183,2025-03-08,CUST307,Personal Care,Savlon Sanitizer,3,70,210,Cash,Delhi
TXN100184,2025-04-21,CUST115,Personal Care,Savlon Sanitizer,3,70,210,Cash,Kolkata
TXN100185,2025-04-26,CUST667,Beverages,Sunbean Coffee,4,180,720,Card,Bangalore
TXN100186,2025-05-12,CUST963,Beverages,B Natural Juice,2,40,80,Cash,Delhi
TXN100187,2025-01-25,CUST583,Personal Care,Vivel Soap,5,35,175,Card,Mumbai
TXN100188,2025-05-08,CUST162,Beverages,B Natural Juice,3,40,120,Card,Kolkata
TXN100189,2025-04-13,CUST301,Personal Care,Vivel Soap,4,35,140,Cash,Chennai
TXN100190,2025-02-22,CUST137,Personal Care,Vivel Soap,2,35,70,Cash,Mumbai
TXN100191,2025-01-20,CUST792,Personal Care,Savlon Handwash,1,95,95,Card,Mumbai
TXN100192,2025-02-25,CUST371,Snacks,Bingo Chips,1,20,20,UPI,Mumbai
TXN100193,2025-04-30,CUST585,Personal Care,Vivel Soap,4,35,140,Card,Kolkata
TXN100194,2025-02-03,CUST780,Beverages,Sunbean Coffee,1,180,180,UPI,Hyderabad
TXN100195,2025-01-30,CUST116,Snacks,Bingo Mad Angles,2,25,50,UPI,Hyderabad
TXN100196,2025-06-13,CUST740,Snacks,Bingo Mad Angles,4,25,100,UPI,Mumbai
TXN100197,2025-01-11,CUST234,Personal Care,Savlon Handwash,4,95,380,Cash,Chennai
TXN100198,2025-06-26,CUST284,Personal Care,Savlon Handwash,4,95,380,Card,Kolkata
TXN100199,2025-02-14,CUST707,Snacks,Bingo Mad Angles,1,25,25,Card,Chennai
TXN100200,2025-03-31,CUST932,Personal Care,Savlon Handwash,1,95,95,UPI,Mumbai
TXN100201,2025-01-28,CUST533,Snacks,Bingo Chips,2,20,40,Cash,Kolkata
TXN100202,2025-04-26,CUST883,Personal Care,Savlon Handwash,5,95,475,Card,Bangalore
TXN100203,2025-06-09,CUST318,Beverages,B Natural Juice,1,40,40,UPI,Mumbai
TXN100204,2025-02-09,CUST569,Personal Care,Savlon Sanitizer,2,70,140,UPI,Bangalore
TXN100205,2025-06-23,CUST811,FMCG,Aashirvaad Atta,4,65,260,Cash,Bangalore
TXN100206,2025-06-07,CUST272,Beverages,Sunbean Coffee,5,180,900,Card,Kolkata
TXN100207,2025-06-19,CUST100,Snacks,Bingo Mad Angles,5,25,125,UPI,Delhi
TXN100208,2025-06-27,CUST208,Personal Care,Vivel Soap,3,35,105,Card,Bangalore
TXN100209,2025-06-12,CUST786,Personal Care,Savlon Sanitizer,5,70,350,Cash,Hyderabad
TXN100210,2025-06-24,CUST526,FMCG,Aashirvaad Atta,2,65,130,UPI,Bangalore
TXN100211,2025-02-12,CUST201,Snacks,Bingo Chips,1,20,20,UPI,Kolkata
TXN100212,2025-01-06,CUST838,Personal Care,Savlon Sanitizer,4,70,280,Card,Chennai
TXN100213,2025-02-28,CUST549,Personal Care,Savlon Handwash,5,95,475,UPI,Kolkata
TXN100214,2025-03-30,CUST113,Personal Care,Savlon Handwash,1,95,95,Cash,Delhi
TXN100215,2025-01-03,CUST802,Snacks,Bingo Mad Angles,3,25,75,Cash,Bangalore
TXN100216,2025-05-12,CUST121,Beverages,Sunbean Coffee,2,180,360,Card,Bangalore
TXN100217,2025-03-26,CUST633,Personal Care,Savlon Sanitizer,1,70,70,Cash,Chennai
TXN100218,2025-02-24,CUST593,Personal Care,Savlon Handwash,4,95,380,UPI,Delhi
TXN100219,2025-01-05,CUST732,Personal Care,Savlon Handwash,1,95,95,Card,Chennai
TXN100220,2025-01-06,CUST715,Personal Care,Savlon Handwash,3,95,285,Card,Mumbai
TXN100221,2025-02-05,CUST937,Personal Care,Vivel Soap,2,35,70,UPI,Delhi
TXN100222,2025-03-26,CUST589,Personal Care,Savlon Sanitizer,3,70,210,UPI,Mumbai
TXN100223,2025-02-17,CUST466,Personal Care,Vivel Soap,3,35,105,UPI,Kolkata
TXN100224,2025-03-08,CUST510,Snacks,Bingo Mad Angles,2,25,50,Cash,Delhi
TXN100225,2025-02-06,CUST881,Personal Care,Savlon Sanitizer,1,70,70,Card,Chennai
TXN100226,2025-03-26,CUST771,Beverages,Sunbean Coffee,4,180,720,UPI,Mumbai
TXN100227,2025-04-20,CUST432,Beverages,Sunbean Coffee,2,180,360,Cash,Delhi
TXN100228,2025-04-10,CUST626,Snacks,Bingo Mad Angles,5,25,125,Cash,Hyderabad
TXN100229,2025-03-05,CUST881,Personal Care,Savlon Handwash,5,95,475,UPI,Delhi
TXN100230,2025-01-18,CUST227,FMCG,Aashirvaad Atta,3,65,195,UPI,Delhi
TXN100231,2025-01-05,CUST107,Personal Care,Savlon Sanitizer,5,70,350,Cash,Kolkata
TXN100232,2025-03-02,CUST693,Beverages,B Natural Juice,2,40,80,Cash,Hyderabad
TXN100233,2025-05-06,CUST711,Beverages,Sunbean Coffee,4,180,720,Card,Kolkata
TXN100234,2025-04-17,CUST664,Personal Care,Vivel Soap,2,35,70,UPI,Chennai
TXN100235,2025-05-18,CUST321,Personal Care,Savlon Sanitizer,4,70,280,UPI,Delhi
TXN100236,2025-02-13,CUST236,Personal Care,Vivel Soap,5,35,175,Cash,Hyderabad
TXN100237,2025-05-31,CUST595,Beverages,B Natural Juice,3,40,120,Cash,Mumbai
TXN100238,2025-02-23,CUST214,Personal Care,Savlon Handwash,1,95,95,Cash,Bangalore
TXN100239,2025-02-19,CUST283,Personal Care,Savlon Sanitizer,4,70,280,Card,Chennai
TXN100240,2025-02-22,CUST830,FMCG,Aashirvaad Atta,5,65,325,UPI,Bangalore
TXN100241,2025-04-11,CUST222,Personal Care,Vivel Soap,2,35,70,UPI,Delhi
TXN100242,2025-03-31,CUST346,Beverages,B Natural Juice,5,40,200,Cash,Delhi
TXN100243,2025-06-14,CUST671,FMCG,Aashirvaad Atta,5,65,325,Cash,Chennai
TXN100244,2025-02-05,CUST386,Personal Care,Savlon Sanitizer,4,70,280,Cash,Mumbai
TXN100245,2025-06-02,CUST535,Snacks,Bingo Mad Angles,3,25,75,Cash,Kolkata
TXN100246,2025-04-25,CUST117,FMCG,Aashirvaad Atta,2,65,130,UPI,Chennai
TXN100247,2025-01-15,CUST981,Personal Care,Savlon Sanitizer,3,70,210,Cash,Delhi
TXN100248,2025-06-19,CUST612,Personal Care,Vivel Soap,1,35,35,UPI,Chennai
TXN100249,2025-06-09,CUST714,Personal Care,Savlon Sanitizer,2,70,140,Cash,Mumbai
TXN100250,2025-02-20,CUST734,Snacks,Bingo Chips,3,20,60,UPI,Chennai
TXN100251,2025-04-29,CUST264,Beverages,B Natural Juice,3,40,120,Cash,Chennai
TXN100252,2025-05-23,CUST751,Snacks,Bingo Mad Angles,4,25,100,Card,Hyderabad
TXN100253,2025-06-20,CUST700,FMCG,Aashirvaad Atta,4,65,260,UPI,Bangalore
TXN100254,2025-01-31,CUST448,Snacks,Bingo Chips,1,20,20,UPI,Chennai
TXN100255,2025-04-04,CUST645,FMCG,Aashirvaad Atta,5,65,325,UPI,Mumbai
TXN100256,2025-04-11,CUST594,Personal Care,Savlon Handwash,2,95,190,Card,Bangalore
TXN100257,2025-02-25,CUST504,Personal Care,Vivel Soap,2,35,70,Card,Chennai
TXN100258,2025-05-07,CUST596,Snacks,Bingo Chips,5,20,100,Cash,Chennai
TXN100259,2025-02-12,CUST191,Personal Care,Savlon Handwash,4,95,380,Cash,Hyderabad
TXN100260,2025-06-23,CUST859,Snacks,Bingo Mad Angles,3,25,75,UPI,Delhi
TXN100261,2025-06-23,CUST561,Snacks,Bingo Mad Angles,4,25,100,UPI,Hyderabad
TXN100262,2025-04-10,CUST831,Snacks,Bingo Chips,2,20,40,UPI,Hyderabad
TXN100263,2025-06-24,CUST379,Personal Care,Vivel Soap,1,35,35,Cash,Bangalore
TXN100264,2025-06-09,CUST830,Beverages,Sunbean Coffee,1,180,180,Cash,Bangalore
TXN100265,2025-05-11,CUST182,Snacks,Bingo Mad Angles,5,25,125,Cash,Bangalore
TXN100266,2025-06-19,CUST712,Snacks,Bingo Chips,4,20,80,Cash,Bangalore
TXN100267,2025-03-20,CUST613,FMCG,Aashirvaad Atta,4,65,260,Cash,Delhi
TXN100268,2025-02-05,CUST699,Personal Care,Vivel Soap,5,35,175,Card,Delhi
TXN100269,2025-03-06,CUST636,Snacks,Bingo Chips,1,20,20,UPI,Chennai
TXN100270,2025-02-10,CUST826,Beverages,Sunbean Coffee,5,180,900,Cash,Kolkata
TXN100271,2025-05-24,CUST794,Personal Care,Vivel Soap,3,35,105,UPI,Kolkata
TXN100272,2025-04-02,CUST331,Snacks,Bingo Chips,2,20,40,Card,Mumbai
TXN100273,2025-06-23,CUST969,Personal Care,Savlon Sanitizer,1,70,70,UPI,Bangalore
TXN100274,2025-04-09,CUST292,Snacks,Bingo Chips,2,20,40,UPI,Hyderabad
TXN100275,2025-05-03,CUST369,Snacks,Bingo Mad Angles,4,25,100,Cash,Hyderabad
TXN100276,2025-02-05,CUST158,Snacks,Bingo Mad Angles,1,25,25,Card,Bangalore
TXN100277,2025-04-03,CUST579,Personal Care,Savlon Handwash,5,95,475,UPI,Mumbai
TXN100278,2025-01-28,CUST369,Beverages,Sunbean Coffee,5,180,900,Cash,Kolkata
TXN100279,2025-05-11,CUST467,Personal Care,Vivel Soap,4,35,140,Cash,Chennai
TXN100280,2025-01-13,CUST883,Personal Care,Savlon Handwash,2,95,190,Card,Chennai
TXN100281,2025-01-16,CUST287,FMCG,Aashirvaad Atta,4,65,260,Card,Mumbai
TXN100282,2025-04-11,CUST289,Beverages,Sunbean Coffee,1,180,180,Card,Kolkata
TXN100283,2025-06-29,CUST127,Beverages,Sunbean Coffee,3,180,540,UPI,Delhi
TXN100284,2025-03-25,CUST825,FMCG,Aashirvaad Atta,4,65,260,Cash,Kolkata
TXN100285,2025-05-14,CUST761,Beverages,Sunbean Coffee,2,180,360,Cash,Hyderabad
TXN100286,2025-04-26,CUST552,Beverages,B Natural Juice,4,40,160,UPI,Hyderabad
TXN100287,2025-04-07,CUST462,FMCG,Aashirvaad Atta,2,65,130,UPI,Mumbai
TXN100288,2025-02-07,CUST217,Snacks,Bingo Chips,5,20,100,UPI,Chennai
TXN100289,2025-06-15,CUST703,Snacks,Bingo Chips,2,20,40,UPI,Mumbai
TXN100290,2025-06-21,CUST563,Beverages,B Natural Juice,5,40,200,UPI,Chennai
TXN100291,2025-02-20,CUST167,Snacks,Bingo Mad Angles,2,25,50,Card,Hyderabad
TXN100292,2025-04-01,CUST976,Snacks,Bingo Mad Angles,1,25,25,Card,Chennai
TXN100293,2025-06-15,CUST168,Beverages,Sunbean Coffee,2,180,360,Cash,Delhi
TXN100294,2025-02-06,CUST606,Snacks,Bingo Chips,4,20,80,Cash,Bangalore
TXN100295,2025-03-15,CUST277,Personal Care,Savlon Sanitizer,2,70,140,UPI,Bangalore
TXN100296,2025-06-05,CUST271,Snacks,Bingo Chips,3,20,60,Card,Kolkata
TXN100297,2025-03-21,CUST340,Personal Care,Vivel Soap,5,35,175,UPI,Delhi
TXN100298,2025-04-04,CUST911,Beverages,Sunbean Coffee,1,180,180,Cash,Mumbai
TXN100299,2025-03-20,CUST630,Personal Care,Savlon Handwash,3,95,285,Card,Kolkata
TXN100300,2025-06-19,CUST423,Personal Care,Savlon Sanitizer,5,70,350,Cash,Hyderabad
TXN100301,2025-04-01,CUST586,Beverages,Sunbean Coffee,2,180,360,Card,Mumbai
TXN100302,2025-01-05,CUST445,Personal Care,Savlon Sanitizer,3,70,210,UPI,Mumbai
TXN100303,2025-03-20,CUST315,Personal Care,Savlon Sanitizer,4,70,280,Card,Delhi
TXN100304,2025-01-04,CUST986,Personal Care,Vivel Soap,3,35,105,UPI,Chennai
TXN100305,2025-02-25,CUST882,Personal Care,Vivel Soap,3,35,105,Cash,Hyderabad
TXN100306,2025-04-10,CUST319,Personal Care,Savlon Handwash,2,95,190,UPI,Delhi
TXN100307,2025-05-09,CUST108,Beverages,B Natural Juice,5,40,200,Card,Delhi
TXN100308,2025-02-12,CUST603,Snacks,Bingo Chips,4,20,80,UPI,Kolkata
TXN100309,2025-04-12,CUST269,Snacks,Bingo Mad Angles,4,25,100,Card,Mumbai
TXN100310,2025-06-04,CUST868,FMCG,Aashirvaad Atta,1,65,65,UPI,Mumbai
TXN100311,2025-05-14,CUST471,Beverages,Sunbean Coffee,4,180,720,UPI,Hyderabad
TXN100312,2025-03-28,CUST102,Snacks,Bingo Chips,5,20,100,UPI,Hyderabad
TXN100313,2025-02-02,CUST373,FMCG,Aashirvaad Atta,2,65,130,UPI,Kolkata
TXN100314,2025-06-29,CUST701,FMCG,Aashirvaad Atta,4,65,260,Cash,Kolkata
TXN100315,2025-03-05,CUST265,Beverages,B Natural Juice,2,40,80,Card,Hyderabad
TXN100316,2025-01-30,CUST378,Beverages,Sunbean Coffee,3,180,540,Cash,Chennai
TXN100317,2025-01-17,CUST800,Personal Care,Vivel Soap,4,35,140,UPI,Chennai
TXN100318,2025-01-24,CUST770,Personal Care,Savlon Handwash,3,95,285,Cash,Hyderabad
TXN100319,2025-05-26,CUST743,Personal Care,Savlon Sanitizer,2,70,140,Cash,Hyderabad
TXN100320,2025-04-06,CUST971,Personal Care,Savlon Handwash,1,95,95,Card,Delhi
TXN100321,2025-02-14,CUST656,Snacks,Bingo Mad Angles,1,25,25,Card,Bangalore
TXN100322,2025-03-27,CUST379,Snacks,Bingo Chips,4,20,80,Cash,Kolkata
TXN100323,2025-03-12,CUST313,Beverages,Sunbean Coffee,2,180,360,UPI,Delhi
TXN100324,2025-04-28,CUST912,Personal Care,Savlon Sanitizer,2,70,140,Card,Mumbai
TXN100325,2025-03-05,CUST903,Personal Care,Vivel Soap,4,35,140,Cash,Kolkata
TXN100326,2025-06-08,CUST581,Personal Care,Vivel Soap,1,35,35,Cash,Bangalore
TXN100327,2025-03-14,CUST557,FMCG,Aashirvaad Atta,1,65,65,Card,Bangalore
TXN100328,2025-01-05,CUST995,Snacks,Bingo Mad Angles,4,25,100,Card,Delhi
TXN100329,2025-03-09,CUST659,Personal Care,Vivel Soap,3,35,105,UPI,Hyderabad
TXN100330,2025-05-20,CUST802,Beverages,B Natural Juice,3,40,120,Cash,Kolkata
TXN100331,2025-04-01,CUST759,FMCG,Aashirvaad Atta,4,65,260,Card,Delhi
TXN100332,2025-02-20,CUST607,Personal Care,Savlon Sanitizer,4,70,280,UPI,Mumbai
TXN100333,2025-04-02,CUST497,FMCG,Aashirvaad Atta,2,65,130,UPI,Chennai
TXN100334,2025-06-23,CUST924,Snacks,Bingo Mad Angles,1,25,25,UPI,Kolkata
TXN100335,2025-05-10,CUST317,Personal Care,Savlon Handwash,2,95,190,Cash,Mumbai
TXN100336,2025-03-18,CUST153,FMCG,Aashirvaad Atta,5,65,325,UPI,Hyderabad
TXN100337,2025-01-03,CUST638,Snacks,Bingo Mad Angles,1,25,25,Cash,Chennai
TXN100338,2025-02-16,CUST765,Personal Care,Savlon Sanitizer,5,70,350,Card,Hyderabad
TXN100339,2025-01-19,CUST548,Beverages,Sunbean Coffee,2,180,360,Cash,Delhi
TXN100340,2025-04-09,CUST370,Personal Care,Vivel Soap,2,35,70,Card,Delhi
TXN100341,2025-06-24,CUST539,FMCG,Aashirvaad Atta,5,65,325,UPI,Chennai
TXN100342,2025-05-24,CUST796,FMCG,Aashirvaad Atta,5,65,325,Cash,Bangalore
TXN100343,2025-04-10,CUST599,Snacks,Bingo Chips,5,20,100,Cash,Delhi
TXN100344,2025-01-08,CUST889,Personal Care,Savlon Sanitizer,4,70,280,Cash,Delhi
TXN100345,2025-01-27,CUST684,Snacks,Bingo Mad Angles,5,25,125,Cash,Bangalore
TXN100346,2025-05-19,CUST516,Personal Care,Savlon Sanitizer,3,70,210,Cash,Kolkata
TXN100347,2025-06-17,CUST756,Personal Care,Savlon Handwash,1,95,95,Cash,Kolkata
TXN100348,2025-04-25,CUST414,Personal Care,Savlon Sanitizer,3,70,210,Card,Mumbai
TXN100349,2025-03-02,CUST423,Snacks,Bingo Chips,5,20,100,Card,Kolkata
TXN100350,2025-05-24,CUST525,Personal Care,Vivel Soap,1,35,35,Card,Mumbai
TXN100351,2025-01-30,CUST304,FMCG,Aashirvaad Atta,2,65,130,Card,Kolkata
TXN100352,2025-05-07,CUST309,FMCG,Aashirvaad Atta,4,65,260,Card,Kolkata
TXN100353,2025-03-11,CUST979,Snacks,Bingo Chips,2,20,40,Card,Kolkata
TXN100354,2025-04-11,CUST377,Beverages,B Natural Juice,3,40,120,Card,Bangalore
TXN100355,2025-04-08,CUST543,Snacks,Bingo Mad Angles,5,25,125,Card,Kolkata
TXN100356,2025-06-21,CUST872,Personal Care,Savlon Handwash,1,95,95,Cash,Bangalore
TXN100357,2025-01-27,CUST489,Personal Care,Savlon Sanitizer,5,70,350,Card,Bangalore
TXN100358,2025-02-22,CUST667,Beverages,B Natural Juice,2,40,80,Cash,Kolkata
TXN100359,2025-05-26,CUST985,Personal Care,Vivel Soap,5,35,175,Card,Hyderabad
TXN100360,2025-06-19,CUST431,FMCG,Aashirvaad Atta,3,65,195,UPI,Bangalore
TXN100361,2025-01-25,CUST244,Personal Care,Savlon Handwash,1,95,95,UPI,Mumbai
TXN100362,2025-05-18,CUST885,Personal Care,Savlon Sanitizer,1,70,70,Cash,Kolkata
TXN100363,2025-06-25,CUST562,Beverages,Sunbean Coffee,2,180,360,UPI,Kolkata
TXN100364,2025-02-15,CUST692,Beverages,Sunbean Coffee,4,180,720,Cash,Delhi
TXN100365,2025-06-06,CUST558,Beverages,B Natural Juice,3,40,120,Cash,Delhi
TXN100366,2025-03-28,CUST541,FMCG,Aashirvaad Atta,3,65,195,Card,Chennai
TXN100367,2025-04-12,CUST498,Snacks,Bingo Mad Angles,2,25,50,UPI,Chennai
TXN100368,2025-05-17,CUST477,Personal Care,Vivel Soap,4,35,140,Card,Delhi
TXN100369,2025-04-24,CUST584,Personal Care,Vivel Soap,1,35,35,Card,Chennai
TXN100370,2025-04-12,CUST893,Personal Care,Vivel Soap,5,35,175,Card,Kolkata
TXN100371,2025-03-15,CUST975,Personal Care,Savlon Handwash,4,95,380,Cash,Bangalore
TXN100372,2025-04-08,CUST741,Snacks,Bingo Mad Angles,4,25,100,UPI,Kolkata
TXN100373,2025-04-08,CUST955,FMCG,Aashirvaad Atta,4,65,260,Cash,Delhi
TXN100374,2025-02-02,CUST886,Snacks,Bingo Mad Angles,1,25,25,UPI,Mumbai
TXN100375,2025-06-20,CUST799,Beverages,B Natural Juice,1,40,40,Cash,Hyderabad
TXN100376,2025-05-09,CUST257,Personal Care,Vivel Soap,5,35,175,Card,Hyderabad
TXN100377,2025-03-28,CUST449,Beverages,B Natural Juice,2,40,80,UPI,Mumbai
TXN100378,2025-06-11,CUST597,FMCG,Aashirvaad Atta,5,65,325,UPI,Chennai
TXN100379,2025-04-08,CUST504,Personal Care,Vivel Soap,4,35,140,Card,Kolkata
TXN100380,2025-02-28,CUST523,Beverages,Sunbean Coffee,1,180,180,Card,Mumbai
TXN100381,2025-05-11,CUST922,Personal Care,Savlon Handwash,4,95,380,UPI,Hyderabad
TXN100382,2025-01-28,CUST894,Personal Care,Vivel Soap,2,35,70,UPI,Bangalore
TXN100383,2025-04-24,CUST611,Snacks,Bingo Mad Angles,2,25,50,UPI,Chennai
TXN100384,2025-02-26,CUST593,Personal Care,Vivel Soap,3,35,105,UPI,Mumbai
TXN100385,2025-02-23,CUST250,Snacks,Bingo Mad Angles,5,25,125,UPI,Kolkata
TXN100386,2025-04-25,CUST396,Personal Care,Savlon Sanitizer,5,70,350,Card,Kolkata
TXN100387,2025-04-14,CUST633,Snacks,Bingo Mad Angles,3,25,75,Cash,Hyderabad
TXN100388,2025-06-02,CUST455,Beverages,B Natural Juice,3,40,120,Cash,Chennai
TXN100389,2025-02-17,CUST704,Snacks,Bingo Mad Angles,4,25,100,Card,Chennai
TXN100390,2025-04-06,CUST118,Snacks,Bingo Mad Angles,5,25,125,UPI,Kolkata
TXN100391,2025-04-27,CUST508,Beverages,B Natural Juice,4,40,160,UPI,Bangalore
TXN100392,2025-05-07,CUST220,Beverages,B Natural Juice,2,40,80,Cash,Delhi
TXN100393,2025-01-06,CUST733,Personal Care,Savlon Handwash,5,95,475,Cash,Chennai
TXN100394,2025-04-11,CUST408,Personal Care,Savlon Handwash,3,95,285,UPI,Kolkata
TXN100395,2025-06-22,CUST682,Personal Care,Savlon Handwash,1,95,95,Cash,Hyderabad
TXN100396,2025-02-27,CUST858,Personal Care,Vivel Soap,5,35,175,Card,Bangalore
TXN100397,2025-05-04,CUST490,Beverages,Sunbean Coffee,5,180,900,Cash,Kolkata
TXN100398,2025-02-07,CUST751,Beverages,Sunbean Coffee,5,180,900,Card,Bangalore
TXN100399,2025-04-27,CUST480,Beverages,Sunbean Coffee,5,180,900,UPI,Mumbai
TXN100400,2025-02-20,CUST417,Snacks,Bingo Chips,3,20,60,UPI,Hyderabad
TXN100401,2025-05-17,CUST748,Snacks,Bingo Chips,2,20,40,Card,Chennai
TXN100402,2025-02-05,CUST292,Personal Care,Savlon Handwash,1,95,95,Card,Delhi
TXN100403,2025-04-20,CUST875,Beverages,B Natural Juice,4,40,160,Cash,Bangalore
TXN100404,2025-05-25,CUST552,Snacks,Bingo Chips,4,20,80,Card,Chennai
TXN100405,2025-02-23,CUST251,Beverages,Sunbean Coffee,3,180,540,Cash,Bangalore
TXN100406,2025-05-30,CUST507,Snacks,Bingo Chips,5,20,100,UPI,Mumbai
TXN100407,2025-06-30,CUST850,Beverages,Sunbean Coffee,3,180,540,Cash,Chennai
TXN100408,2025-04-16,CUST244,Personal Care,Savlon Sanitizer,4,70,280,Cash,Kolkata
TXN100409,2025-02-17,CUST242,Snacks,Bingo Chips,5,20,100,Card,Hyderabad
TXN100410,2025-04-25,CUST443,Snacks,Bingo Mad Angles,2,25,50,Cash,Kolkata
TXN100411,2025-05-06,CUST252,Beverages,Sunbean Coffee,4,180,720,UPI,Hyderabad
TXN100412,2025-01-21,CUST152,Personal Care,Savlon Sanitizer,4,70,280,Card,Hyderabad
TXN100413,2025-06-23,CUST615,Snacks,Bingo Mad Angles,4,25,100,UPI,Chennai
TXN100414,2025-05-06,CUST787,Snacks,Bingo Chips,5,20,100,Card,Delhi
TXN100415,2025-06-01,CUST447,Snacks,Bingo Mad Angles,3,25,75,Cash,Bangalore
TXN100416,2025-02-25,CUST818,Personal Care,Savlon Sanitizer,4,70,280,Cash,Delhi
TXN100417,2025-05-24,CUST861,Snacks,Bingo Chips,3,20,60,UPI,Kolkata
TXN100418,2025-06-18,CUST631,Snacks,Bingo Chips,5,20,100,Card,Kolkata
TXN100419,2025-04-27,CUST730,Personal Care,Vivel Soap,4,35,140,Cash,Chennai
TXN100420,2025-03-14,CUST866,Personal Care,Savlon Sanitizer,4,70,280,UPI,Bangalore
TXN100421,2025-04-22,CUST637,Personal Care,Savlon Sanitizer,3,70,210,UPI,Delhi
TXN100422,2025-02-23,CUST971,Snacks,Bingo Mad Angles,1,25,25,Cash,Bangalore
TXN100423,2025-02-10,CUST298,FMCG,Aashirvaad Atta,1,65,65,UPI,Mumbai
TXN100424,2025-01-14,CUST843,Beverages,Sunbean Coffee,4,180,720,Card,Hyderabad
TXN100425,2025-04-21,CUST246,Snacks,Bingo Mad Angles,1,25,25,Cash,Mumbai
TXN100426,2025-03-02,CUST716,Personal Care,Savlon Handwash,5,95,475,UPI,Mumbai
TXN100427,2025-04-04,CUST723,Personal Care,Savlon Handwash,2,95,190,Cash,Delhi
TXN100428,2025-04-23,CUST414,Personal Care,Vivel Soap,5,35,175,Card,Hyderabad
TXN100429,2025-06-17,CUST704,Beverages,B Natural Juice,1,40,40,Card,Delhi
TXN100430,2025-05-14,CUST191,Personal Care,Savlon Sanitizer,2,70,140,Card,Kolkata
TXN100431,2025-05-19,CUST772,Snacks,Bingo Chips,2,20,40,Card,Mumbai
TXN100432,2025-05-30,CUST328,Snacks,Bingo Chips,2,20,40,Cash,Hyderabad
TXN100433,2025-02-16,CUST718,Personal Care,Savlon Sanitizer,1,70,70,UPI,Bangalore
TXN100434,2025-03-16,CUST782,Beverages,Sunbean Coffee,4,180,720,UPI,Kolkata
TXN100435,2025-06-30,CUST914,Beverages,B Natural Juice,4,40,160,Cash,Delhi
TXN100436,2025-04-16,CUST959,Personal Care,Vivel Soap,1,35,35,Cash,Chennai
TXN100437,2025-03-06,CUST662,FMCG,Aashirvaad Atta,3,65,195,Card,Mumbai
TXN100438,2025-04-17,CUST844,Personal Care,Vivel Soap,5,35,175,Cash,Bangalore
TXN100439,2025-01-08,CUST286,Snacks,Bingo Mad Angles,1,25,25,Card,Delhi
TXN100440,2025-05-09,CUST337,FMCG,Aashirvaad Atta,1,65,65,UPI,Bangalore
TXN100441,2025-03-14,CUST422,Snacks,Bingo Mad Angles,1,25,25,Card,Hyderabad
TXN100442,2025-05-14,CUST269,Snacks,Bingo Mad Angles,1,25,25,Card,Delhi
TXN100443,2025-03-28,CUST740,Personal Care,Savlon Sanitizer,1,70,70,Cash,Chennai
TXN100444,2025-03-09,CUST985,Snacks,Bingo Chips,5,20,100,Cash,Mumbai
TXN100445,2025-02-18,CUST986,Beverages,Sunbean Coffee,4,180,720,Card,Hyderabad
TXN100446,2025-02-21,CUST310,Snacks,Bingo Chips,5,20,100,Card,Kolkata
TXN100447,2025-06-27,CUST161,Snacks,Bingo Chips,3,20,60,UPI,Delhi
TXN100448,2025-01-02,CUST999,Personal Care,Savlon Sanitizer,1,70,70,UPI,Delhi
TXN100449,2025-05-06,CUST903,Snacks,Bingo Mad Angles,3,25,75,Cash,Bangalore
TXN100450,2025-04-05,CUST556,Snacks,Bingo Mad Angles,2,25,50,Card,Kolkata
TXN100451,2025-02-14,CUST472,FMCG,Aashirvaad Atta,5,65,325,Card,Delhi
TXN100452,2025-04-17,CUST579,Snacks,Bingo Mad Angles,3,25,75,Cash,Bangalore
TXN100453,2025-01-13,CUST244,Snacks,Bingo Chips,5,20,100,Card,Mumbai
TXN100454,2025-04-11,CUST291,FMCG,Aashirvaad Atta,4,65,260,Card,Mumbai
TXN100455,2025-03-28,CUST226,Snacks,Bingo Chips,4,20,80,Card,Hyderabad
TXN100456,2025-05-31,CUST349,Personal Care,Savlon Sanitizer,4,70,280,UPI,Hyderabad
TXN100457,2025-06-27,CUST365,Personal Care,Savlon Handwash,5,95,475,Cash,Bangalore
TXN100458,2025-03-22,CUST777,Personal Care,Savlon Handwash,1,95,95,UPI,Chennai
TXN100459,2025-01-08,CUST236,Personal Care,Savlon Handwash,2,95,190,UPI,Chennai
TXN100460,2025-04-01,CUST665,Personal Care,Vivel Soap,3,35,105,Cash,Delhi
TXN100461,2025-03-27,CUST706,Beverages,Sunbean Coffee,2,180,360,UPI,Mumbai
TXN100462,2025-06-18,CUST609,Personal Care,Savlon Sanitizer,1,70,70,UPI,Hyderabad
TXN100463,2025-03-17,CUST718,Snacks,Bingo Chips,1,20,20,Cash,Mumbai
TXN100464,2025-04-13,CUST250,Personal Care,Vivel Soap,2,35,70,Card,Chennai
TXN100465,2025-05-23,CUST876,Personal Care,Savlon Sanitizer,4,70,280,UPI,Bangalore
TXN100466,2025-02-09,CUST460,Beverages,Sunbean Coffee,4,180,720,Cash,Mumbai
TXN100467,2025-04-23,CUST889,FMCG,Aashirvaad Atta,2,65,130,Card,Kolkata
TXN100468,2025-05-23,CUST110,FMCG,Aashirvaad Atta,2,65,130,UPI,Delhi
TXN100469,2025-02-17,CUST300,Personal Care,Vivel Soap,2,35,70,Cash,Delhi
TXN100470,2025-01-19,CUST451,Personal Care,Savlon Sanitizer,1,70,70,Card,Mumbai
TXN100471,2025-02-01,CUST509,Personal Care,Savlon Handwash,1,95,95,UPI,Mumbai
TXN100472,2025-06-14,CUST507,Personal Care,Savlon Sanitizer,4,70,280,Card,Kolkata
TXN100473,2025-06-15,CUST372,FMCG,Aashirvaad Atta,2,65,130,UPI,Kolkata
TXN100474,2025-06-23,CUST948,Personal Care,Savlon Sanitizer,5,70,350,Cash,Bangalore
TXN100475,2025-03-02,CUST633,Personal Care,Savlon Handwash,3,95,285,UPI,Chennai
TXN100476,2025-06-14,CUST996,Personal Care,Vivel Soap,1,35,35,Cash,Bangalore
TXN100477,2025-01-30,CUST184,Snacks,Bingo Mad Angles,5,25,125,Cash,Hyderabad
TXN100478,2025-03-12,CUST910,Snacks,Bingo Chips,3,20,60,UPI,Hyderabad
TXN100479,2025-01-11,CUST243,Beverages,B Natural Juice,2,40,80,Cash,Hyderabad
TXN100480,2025-05-08,CUST932,Beverages,B Natural Juice,3,40,120,Card,Hyderabad
TXN100481,2025-06-13,CUST324,Personal Care,Vivel Soap,5,35,175,Cash,Hyderabad
TXN100482,2025-06-30,CUST719,Snacks,Bingo Chips,3,20,60,Cash,Delhi
TXN100483,2025-02-26,CUST830,Beverages,Sunbean Coffee,5,180,900,Card,Delhi
TXN100484,2025-04-04,CUST843,Personal Care,Savlon Sanitizer,5,70,350,UPI,Kolkata
TXN100485,2025-04-27,CUST264,Beverages,B Natural Juice,2,40,80,Card,Kolkata
TXN100486,2025-03-24,CUST548,Snacks,Bingo Mad Angles,4,25,100,Card,Hyderabad
TXN100487,2025-03-05,CUST808,Beverages,B Natural Juice,3,40,120,UPI,Kolkata
TXN100488,2025-05-16,CUST729,Personal Care,Savlon Sanitizer,3,70,210,UPI,Chennai
TXN100489,2025-01-16,CUST302,FMCG,Aashirvaad Atta,1,65,65,UPI,Bangalore
TXN100490,2025-06-04,CUST963,Personal Care,Savlon Handwash,5,95,475,Cash,Hyderabad
TXN100491,2025-03-07,CUST784,Beverages,B Natural Juice,5,40,200,UPI,Kolkata
TXN100492,2025-01-11,CUST575,Snacks,Bingo Mad Angles,5,25,125,Cash,Chennai
TXN100493,2025-05-08,CUST104,Personal Care,Vivel Soap,3,35,105,Card,Hyderabad
TXN100494,2025-02-16,CUST300,Personal Care,Savlon Handwash,3,95,285,Cash,Chennai
TXN100495,2025-06-12,CUST756,Personal Care,Savlon Sanitizer,1,70,70,Cash,Kolkata
TXN100496,2025-05-15,CUST717,Personal Care,Savlon Handwash,4,95,380,Card,Bangalore
TXN100497,2025-02-04,CUST863,FMCG,Aashirvaad Atta,3,65,195,Cash,Kolkata
TXN100498,2025-03-12,CUST576,Personal Care,Savlon Sanitizer,2,70,140,Cash,Kolkata
TXN100499,2025-06-15,CUST271,Snacks,Bingo Mad Angles,4,25,100,Cash,Hyderabad
TXN100500,2025-06-12,CUST271,Snacks,Bingo Mad Angles,1,25,25,Cash,Hyderabad
TXN100501,2025-03-22,CUST107,Personal Care,Savlon Sanitizer,5,70,350,Card,Delhi
TXN100502,2025-04-10,CUST373,FMCG,Aashirvaad Atta,4,65,260,Cash,Kolkata
TXN100503,2025-06-21,CUST154,Snacks,Bingo Mad Angles,2,25,50,Card,Hyderabad
TXN100504,2025-04-17,CUST289,Snacks,Bingo Chips,5,20,100,UPI,Delhi
TXN100505,2025-05-20,CUST928,FMCG,Aashirvaad Atta,5,65,325,Card,Bangalore
TXN100506,2025-03-04,CUST297,Personal Care,Savlon Handwash,3,95,285,Card,Mumbai
TXN100507,2025-03-25,CUST305,Personal Care,Savlon Handwash,2,95,190,Cash,Delhi
TXN100508,2025-04-07,CUST463,Beverages,B Natural Juice,4,40,160,Cash,Bangalore
TXN100509,2025-03-05,CUST646,Personal Care,Vivel Soap,1,35,35,Cash,Kolkata
TXN100510,2025-05-07,CUST551,Beverages,Sunbean Coffee,3,180,540,Card,Bangalore
TXN100511,2025-04-12,CUST349,Personal Care,Vivel Soap,4,35,140,UPI,Mumbai
TXN100512,2025-03-22,CUST519,Snacks,Bingo Mad Angles,4,25,100,UPI,Delhi
TXN100513,2025-02-17,CUST872,Snacks,Bingo Chips,4,20,80,UPI,Delhi
TXN100514,2025-02-15,CUST820,Personal Care,Vivel Soap,2,35,70,Cash,Kolkata
TXN100515,2025-01-15,CUST428,Beverages,B Natural Juice,2,40,80,Cash,Mumbai
TXN100516,2025-05-08,CUST412,Personal Care,Vivel Soap,4,35,140,Cash,Hyderabad
TXN100517,2025-02-18,CUST580,Snacks,Bingo Chips,4,20,80,Cash,Kolkata
TXN100518,2025-06-26,CUST494,Beverages,B Natural Juice,5,40,200,Cash,Kolkata
TXN100519,2025-03-19,CUST236,FMCG,Aashirvaad Atta,3,65,195,Card,Mumbai
TXN100520,2025-03-09,CUST834,Personal Care,Savlon Sanitizer,1,70,70,Cash,Mumbai
TXN100521,2025-03-30,CUST485,Personal Care,Savlon Handwash,5,95,475,Cash,Bangalore
TXN100522,2025-05-02,CUST194,FMCG,Aashirvaad Atta,5,65,325,Card,Hyderabad
TXN100523,2025-04-28,CUST206,Snacks,Bingo Mad Angles,5,25,125,UPI,Bangalore
TXN100524,2025-03-29,CUST164,Personal Care,Savlon Handwash,1,95,95,Cash,Hyderabad
TXN100525,2025-05-02,CUST681,Personal Care,Vivel Soap,5,35,175,UPI,Delhi
TXN100526,2025-02-22,CUST689,Beverages,B Natural Juice,1,40,40,Cash,Delhi
TXN100527,2025-02-15,CUST396,Beverages,Sunbean Coffee,1,180,180,Cash,Mumbai
TXN100528,2025-03-02,CUST899,Snacks,Bingo Chips,4,20,80,UPI,Bangalore
TXN100529,2025-02-22,CUST892,Personal Care,Savlon Handwash,4,95,380,Card,Hyderabad
TXN100530,2025-04-09,CUST105,Personal Care,Vivel Soap,2,35,70,Cash,Chennai
TXN100531,2025-05-24,CUST457,Personal Care,Savlon Sanitizer,5,70,350,Card,Kolkata
TXN100532,2025-06-02,CUST671,Snacks,Bingo Chips,5,20,100,Cash,Delhi
TXN100533,2025-01-07,CUST898,Beverages,Sunbean Coffee,3,180,540,UPI,Delhi
TXN100534,2025-05-29,CUST207,FMCG,Aashirvaad Atta,4,65,260,Cash,Hyderabad
TXN100535,2025-01-10,CUST699,Beverages,B Natural Juice,5,40,200,Card,Chennai
TXN100536,2025-03-13,CUST908,Beverages,B Natural Juice,1,40,40,Card,Chennai
TXN100537,2025-04-21,CUST565,FMCG,Aashirvaad Atta,5,65,325,Cash,Mumbai
TXN100538,2025-06-29,CUST442,Beverages,B Natural Juice,3,40,120,Card,Bangalore
TXN100539,2025-04-12,CUST358,Snacks,Bingo Mad Angles,1,25,25,Card,Hyderabad
TXN100540,2025-06-20,CUST903,Beverages,B Natural Juice,5,40,200,Cash,Mumbai
TXN100541,2025-02-20,CUST964,Beverages,Sunbean Coffee,1,180,180,Card,Kolkata
TXN100542,2025-03-01,CUST435,Beverages,Sunbean Coffee,5,180,900,Card,Mumbai
TXN100543,2025-05-25,CUST295,Personal Care,Savlon Sanitizer,4,70,280,Card,Delhi
TXN100544,2025-03-01,CUST448,Personal Care,Savlon Handwash,5,95,475,Card,Chennai
TXN100545,2025-05-08,CUST418,Snacks,Bingo Chips,5,20,100,Card,Kolkata
TXN100546,2025-06-20,CUST544,Personal Care,Vivel Soap,5,35,175,UPI,Hyderabad
TXN100547,2025-05-30,CUST430,Personal Care,Savlon Handwash,2,95,190,UPI,Kolkata
TXN100548,2025-04-18,CUST564,Snacks,Bingo Mad Angles,1,25,25,UPI,Delhi
TXN100549,2025-06-23,CUST100,Personal Care,Savlon Sanitizer,4,70,280,Cash,Hyderabad
TXN100550,2025-04-07,CUST734,Personal Care,Vivel Soap,1,35,35,UPI,Delhi
TXN100551,2025-05-11,CUST381,Snacks,Bingo Mad Angles,2,25,50,Cash,Kolkata
TXN100552,2025-04-15,CUST544,Personal Care,Vivel Soap,5,35,175,Cash,Bangalore
TXN100553,2025-03-12,CUST710,Snacks,Bingo Mad Angles,3,25,75,Card,Bangalore
TXN100554,2025-04-15,CUST325,Personal Care,Savlon Sanitizer,2,70,140,UPI,Chennai
TXN100555,2025-01-17,CUST871,Beverages,B Natural Juice,5,40,200,UPI,Mumbai
TXN100556,2025-04-03,CUST507,Beverages,Sunbean Coffee,1,180,180,Cash,Chennai
TXN100557,2025-06-13,CUST867,Beverages,B Natural Juice,1,40,40,UPI,Chennai
TXN100558,2025-05-06,CUST470,Beverages,Sunbean Coffee,5,180,900,UPI,Mumbai
TXN100559,2025-05-28,CUST650,Personal Care,Vivel Soap,4,35,140,UPI,Hyderabad
TXN100560,2025-02-28,CUST814,Personal Care,Savlon Handwash,4,95,380,UPI,Delhi
TXN100561,2025-01-24,CUST918,Personal Care,Savlon Sanitizer,5,70,350,Card,Bangalore
TXN100562,2025-04-20,CUST336,Personal Care,Savlon Sanitizer,2,70,140,Card,Bangalore
TXN100563,2025-04-10,CUST632,Personal Care,Savlon Sanitizer,2,70,140,UPI,Hyderabad
TXN100564,2025-01-03,CUST309,Personal Care,Savlon Handwash,5,95,475,Cash,Delhi
TXN100565,2025-05-08,CUST792,Snacks,Bingo Chips,4,20,80,UPI,Chennai
TXN100566,2025-05-15,CUST344,Beverages,B Natural Juice,2,40,80,Cash,Kolkata
TXN100567,2025-05-10,CUST130,Personal Care,Vivel Soap,3,35,105,Cash,Bangalore
TXN100568,2025-02-13,CUST983,FMCG,Aashirvaad Atta,3,65,195,Cash,Delhi
TXN100569,2025-03-29,CUST546,Beverages,B Natural Juice,5,40,200,UPI,Chennai
TXN100570,2025-03-22,CUST450,FMCG,Aashirvaad Atta,2,65,130,Card,Chennai
TXN100571,2025-02-05,CUST293,Snacks,Bingo Chips,3,20,60,Card,Mumbai
TXN100572,2025-05-08,CUST452,Snacks,Bingo Chips,5,20,100,Cash,Delhi
TXN100573,2025-05-06,CUST341,Personal Care,Savlon Sanitizer,5,70,350,Cash,Bangalore
TXN100574,2025-04-12,CUST397,Snacks,Bingo Chips,4,20,80,Cash,Bangalore
TXN100575,2025-04-18,CUST282,Personal Care,Vivel Soap,3,35,105,UPI,Kolkata
TXN100576,2025-06-11,CUST236,Snacks,Bingo Mad Angles,2,25,50,Cash,Delhi
TXN100577,2025-03-12,CUST107,Snacks,Bingo Mad Angles,1,25,25,Cash,Bangalore
TXN100578,2025-01-05,CUST205,Snacks,Bingo Chips,5,20,100,UPI,Delhi
TXN100579,2025-03-21,CUST413,Beverages,Sunbean Coffee,1,180,180,Cash,Kolkata
TXN100580,2025-01-22,CUST517,Snacks,Bingo Chips,2,20,40,Card,Delhi
TXN100581,2025-05-29,CUST257,Personal Care,Savlon Handwash,2,95,190,UPI,Mumbai
TXN100582,2025-06-24,CUST843,Beverages,B Natural Juice,5,40,200,Card,Chennai
TXN100583,2025-03-06,CUST544,Snacks,Bingo Chips,5,20,100,Card,Chennai
TXN100584,2025-02-16,CUST866,Personal Care,Savlon Sanitizer,3,70,210,UPI,Mumbai
TXN100585,2025-01-06,CUST728,Snacks,Bingo Mad Angles,2,25,50,Cash,Delhi
TXN100586,2025-05-19,CUST285,Personal Care,Savlon Sanitizer,4,70,280,Cash,Delhi
TXN100587,2025-03-16,CUST137,Personal Care,Savlon Handwash,1,95,95,Card,Bangalore
TXN100588,2025-06-30,CUST467,FMCG,Aashirvaad Atta,3,65,195,Cash,Delhi
TXN100589,2025-04-26,CUST366,FMCG,Aashirvaad Atta,5,65,325,UPI,Mumbai
TXN100590,2025-03-26,CUST932,Beverages,Sunbean Coffee,4,180,720,Card,Bangalore
TXN100591,2025-04-27,CUST984,Beverages,B Natural Juice,2,40,80,UPI,Chennai
TXN100592,2025-03-04,CUST271,Beverages,B Natural Juice,4,40,160,Cash,Chennai
TXN100593,2025-05-20,CUST705,FMCG,Aashirvaad Atta,3,65,195,UPI,Bangalore
TXN100594,2025-06-28,CUST930,Snacks,Bingo Mad Angles,1,25,25,UPI,Bangalore
TXN100595,2025-04-13,CUST632,Personal Care,Savlon Sanitizer,4,70,280,Card,Kolkata
TXN100596,2025-01-13,CUST681,Personal Care,Vivel Soap,1,35,35,Card,Delhi
TXN100597,2025-02-01,CUST302,Snacks,Bingo Chips,2,20,40,UPI,Chennai
TXN100598,2025-06-10,CUST223,Personal Care,Vivel Soap,5,35,175,UPI,Hyderabad
TXN100599,2025-04-05,CUST959,FMCG,Aashirvaad Atta,5,65,325,Card,Chennai
TXN100600,2025-04-26,CUST530,Snacks,Bingo Mad Angles,3,25,75,Cash,Hyderabad
TXN100601,2025-06-24,CUST879,Personal Care,Savlon Sanitizer,2,70,140,Cash,Bangalore
TXN100602,2025-05-06,CUST555,Snacks,Bingo Chips,5,20,100,Card,Kolkata
TXN100603,2025-03-23,CUST791,Personal Care,Vivel Soap,4,35,140,Cash,Chennai
TXN100604,2025-02-18,CUST739,Personal Care,Vivel Soap,5,35,175,UPI,Bangalore
TXN100605,2025-04-27,CUST255,Beverages,Sunbean Coffee,2,180,360,UPI,Delhi
TXN100606,2025-02-12,CUST378,Personal Care,Savlon Handwash,2,95,190,Cash,Hyderabad
TXN100607,2025-02-06,CUST172,Beverages,Sunbean Coffee,3,180,540,Card,Bangalore
TXN100608,2025-05-03,CUST625,Snacks,Bingo Chips,3,20,60,UPI,Mumbai
TXN100609,2025-03-22,CUST757,Personal Care,Vivel Soap,4,35,140,Cash,Bangalore
TXN100610,2025-04-17,CUST318,Snacks,Bingo Chips,2,20,40,Cash,Mumbai
TXN100611,2025-02-09,CUST922,FMCG,Aashirvaad Atta,4,65,260,Cash,Bangalore
TXN100612,2025-02-16,CUST789,Beverages,B Natural Juice,5,40,200,Cash,Bangalore
TXN100613,2025-01-05,CUST456,Beverages,Sunbean Coffee,3,180,540,UPI,Bangalore
TXN100614,2025-03-27,CUST429,Snacks,Bingo Mad Angles,3,25,75,UPI,Chennai
TXN100615,2025-03-29,CUST566,FMCG,Aashirvaad Atta,4,65,260,Cash,Chennai
TXN100616,2025-05-18,CUST259,Beverages,Sunbean Coffee,3,180,540,Cash,Bangalore
TXN100617,2025-04-13,CUST358,FMCG,Aashirvaad Atta,2,65,130,Cash,Mumbai
TXN100618,2025-03-23,CUST873,Beverages,Sunbean Coffee,1,180,180,UPI,Delhi
TXN100619,2025-02-23,CUST369,Beverages,B Natural Juice,5,40,200,Cash,Bangalore
TXN100620,2025-06-28,CUST168,Personal Care,Savlon Handwash,2,95,190,UPI,Bangalore
TXN100621,2025-05-08,CUST506,Snacks,Bingo Mad Angles,3,25,75,Cash,Hyderabad
TXN100622,2025-05-04,CUST738,Personal Care,Savlon Sanitizer,1,70,70,UPI,Chennai
TXN100623,2025-03-28,CUST141,Personal Care,Savlon Handwash,2,95,190,UPI,Bangalore
TXN100624,2025-04-09,CUST288,Snacks,Bingo Chips,4,20,80,Cash,Bangalore
TXN100625,2025-05-18,CUST247,Personal Care,Vivel Soap,4,35,140,Cash,Bangalore
TXN100626,2025-05-28,CUST440,Personal Care,Savlon Sanitizer,3,70,210,UPI,Chennai
TXN100627,2025-01-11,CUST185,Personal Care,Savlon Handwash,2,95,190,Cash,Mumbai
TXN100628,2025-02-17,CUST134,Snacks,Bingo Mad Angles,2,25,50,Cash,Bangalore
TXN100629,2025-05-24,CUST876,Personal Care,Vivel Soap,3,35,105,UPI,Bangalore
TXN100630,2025-02-07,CUST889,FMCG,Aashirvaad Atta,3,65,195,UPI,Delhi
TXN100631,2025-05-13,CUST981,Personal Care,Savlon Sanitizer,3,70,210,Card,Hyderabad
TXN100632,2025-04-15,CUST792,Snacks,Bingo Mad Angles,2,25,50,Cash,Bangalore
TXN100633,2025-06-28,CUST967,Personal Care,Vivel Soap,3,35,105,Card,Chennai
TXN100634,2025-01-06,CUST397,Personal Care,Vivel Soap,2,35,70,Cash,Chennai
TXN100635,2025-01-06,CUST934,Personal Care,Savlon Sanitizer,3,70,210,UPI,Bangalore
TXN100636,2025-04-20,CUST741,Beverages,Sunbean Coffee,4,180,720,Card,Delhi
TXN100637,2025-04-28,CUST857,Beverages,Sunbean Coffee,4,180,720,Card,Mumbai
TXN100638,2025-04-10,CUST142,Personal Care,Savlon Sanitizer,3,70,210,UPI,Chennai
TXN100639,2025-03-07,CUST207,FMCG,Aashirvaad Atta,3,65,195,Cash,Mumbai
TXN100640,2025-03-22,CUST255,Snacks,Bingo Chips,2,20,40,Cash,Kolkata
TXN100641,2025-03-25,CUST432,Beverages,B Natural Juice,3,40,120,Cash,Chennai
TXN100642,2025-06-09,CUST518,FMCG,Aashirvaad Atta,5,65,325,Card,Bangalore
TXN100643,2025-06-07,CUST263,Personal Care,Savlon Sanitizer,4,70,280,Cash,Delhi
TXN100644,2025-01-03,CUST767,Snacks,Bingo Chips,3,20,60,Cash,Bangalore
TXN100645,2025-02-06,CUST851,Snacks,Bingo Mad Angles,5,25,125,Card,Mumbai
TXN100646,2025-01-26,CUST352,Beverages,Sunbean Coffee,1,180,180,Cash,Delhi
TXN100647,2025-06-29,CUST812,Beverages,B Natural Juice,4,40,160,Cash,Chennai
TXN100648,2025-04-21,CUST829,Personal Care,Savlon Handwash,3,95,285,Card,Bangalore
TXN100649,2025-03-08,CUST445,Personal Care,Vivel Soap,3,35,105,UPI,Bangalore
TXN100650,2025-06-27,CUST265,Beverages,Sunbean Coffee,4,180,720,Cash,Kolkata
TXN100651,2025-03-10,CUST994,Personal Care,Savlon Sanitizer,2,70,140,Card,Chennai
TXN100652,2025-05-14,CUST971,Beverages,B Natural Juice,2,40,80,UPI,Delhi
TXN100653,2025-04-13,CUST904,Beverages,B Natural Juice,2,40,80,Card,Mumbai
TXN100654,2025-01-12,CUST910,Beverages,Sunbean Coffee,1,180,180,Cash,Delhi
TXN100655,2025-05-08,CUST159,Personal Care,Vivel Soap,5,35,175,Cash,Kolkata
TXN100656,2025-05-11,CUST942,Beverages,Sunbean Coffee,5,180,900,Cash,Hyderabad
TXN100657,2025-02-08,CUST775,Beverages,B Natural Juice,3,40,120,Cash,Kolkata
TXN100658,2025-06-10,CUST824,Personal Care,Savlon Sanitizer,2,70,140,Card,Hyderabad
TXN100659,2025-06-04,CUST197,FMCG,Aashirvaad Atta,3,65,195,Cash,Mumbai
TXN100660,2025-03-02,CUST558,Personal Care,Savlon Sanitizer,3,70,210,Card,Chennai
TXN100661,2025-01-26,CUST245,Beverages,Sunbean Coffee,1,180,180,UPI,Chennai
TXN100662,2025-04-07,CUST229,Beverages,B Natural Juice,5,40,200,Cash,Delhi
TXN100663,2025-05-29,CUST883,Beverages,Sunbean Coffee,4,180,720,Card,Hyderabad
TXN100664,2025-03-07,CUST118,FMCG,Aashirvaad Atta,5,65,325,UPI,Chennai
TXN100665,2025-03-19,CUST779,FMCG,Aashirvaad Atta,2,65,130,Card,Kolkata
TXN100666,2025-05-18,CUST525,Beverages,Sunbean Coffee,3,180,540,Card,Mumbai
TXN100667,2025-02-16,CUST393,Beverages,B Natural Juice,1,40,40,Cash,Hyderabad
TXN100668,2025-02-12,CUST692,Personal Care,Vivel Soap,5,35,175,Card,Kolkata
TXN100669,2025-03-17,CUST174,Beverages,Sunbean Coffee,3,180,540,Card,Mumbai
TXN100670,2025-02-26,CUST890,Personal Care,Savlon Handwash,2,95,190,Cash,Kolkata
TXN100671,2025-01-19,CUST578,Personal Care,Savlon Sanitizer,1,70,70,Card,Mumbai
TXN100672,2025-01-03,CUST571,Beverages,B Natural Juice,4,40,160,UPI,Chennai
TXN100673,2025-01-24,CUST285,Personal Care,Savlon Handwash,2,95,190,Card,Kolkata
TXN100674,2025-03-05,CUST989,Personal Care,Savlon Handwash,1,95,95,UPI,Bangalore
TXN100675,2025-01-07,CUST469,Personal Care,Savlon Handwash,4,95,380,UPI,Hyderabad
TXN100676,2025-01-30,CUST399,FMCG,Aashirvaad Atta,3,65,195,Card,Hyderabad
TXN100677,2025-01-20,CUST194,Personal Care,Savlon Sanitizer,1,70,70,Card,Mumbai
TXN100678,2025-01-29,CUST301,Personal Care,Vivel Soap,5,35,175,Cash,Chennai
TXN100679,2025-01-11,CUST232,Beverages,Sunbean Coffee,3,180,540,Card,Bangalore
TXN100680,2025-02-19,CUST331,Personal Care,Savlon Sanitizer,4,70,280,Cash,Chennai
TXN100681,2025-05-01,CUST621,Beverages,B Natural Juice,1,40,40,Cash,Kolkata
TXN100682,2025-05-30,CUST814,Personal Care,Savlon Handwash,2,95,190,UPI,Kolkata
TXN100683,2025-01-18,CUST249,Snacks,Bingo Mad Angles,3,25,75,UPI,Chennai
TXN100684,2025-04-29,CUST872,Snacks,Bingo Mad Angles,3,25,75,UPI,Delhi
TXN100685,2025-02-07,CUST181,Personal Care,Vivel Soap,3,35,105,UPI,Mumbai
TXN100686,2025-05-11,CUST717,Snacks,Bingo Mad Angles,1,25,25,Cash,Bangalore
TXN100687,2025-05-04,CUST482,Beverages,B Natural Juice,3,40,120,UPI,Chennai
TXN100688,2025-04-27,CUST224,Personal Care,Vivel Soap,2,35,70,UPI,Delhi
TXN100689,2025-03-20,CUST932,Beverages,Sunbean Coffee,4,180,720,Cash,Mumbai
TXN100690,2025-03-12,CUST563,Snacks,Bingo Chips,5,20,100,Cash,Kolkata
TXN100691,2025-04-01,CUST526,Snacks,Bingo Mad Angles,5,25,125,UPI,Bangalore
TXN100692,2025-02-16,CUST840,Personal Care,Savlon Handwash,5,95,475,UPI,Chennai
TXN100693,2025-03-07,CUST762,Beverages,Sunbean Coffee,2,180,360,Cash,Mumbai
TXN100694,2025-04-13,CUST540,Snacks,Bingo Chips,2,20,40,UPI,Bangalore
TXN100695,2025-02-12,CUST117,Personal Care,Savlon Handwash,1,95,95,Card,Hyderabad
TXN100696,2025-06-05,CUST747,Personal Care,Vivel Soap,4,35,140,UPI,Delhi
TXN100697,2025-02-06,CUST713,Personal Care,Vivel Soap,1,35,35,Cash,Bangalore
TXN100698,2025-05-23,CUST150,FMCG,Aashirvaad Atta,1,65,65,Card,Hyderabad
TXN100699,2025-03-02,CUST969,Personal Care,Savlon Handwash,5,95,475,Card,Mumbai
TXN100700,2025-04-20,CUST148,Personal Care,Savlon Handwash,2,95,190,UPI,Bangalore
TXN100701,2025-03-17,CUST206,Beverages,Sunbean Coffee,4,180,720,Cash,Hyderabad
TXN100702,2025-05-26,CUST352,Personal Care,Savlon Handwash,3,95,285,UPI,Delhi
TXN100703,2025-01-24,CUST645,Personal Care,Savlon Handwash,5,95,475,UPI,Mumbai
TXN100704,2025-03-03,CUST988,Snacks,Bingo Mad Angles,2,25,50,UPI,Kolkata
TXN100705,2025-06-22,CUST266,Personal Care,Savlon Handwash,1,95,95,Cash,Hyderabad
TXN100706,2025-01-18,CUST678,Personal Care,Savlon Handwash,5,95,475,UPI,Hyderabad
TXN100707,2025-03-01,CUST180,FMCG,Aashirvaad Atta,4,65,260,Card,Hyderabad
TXN100708,2025-01-01,CUST680,FMCG,Aashirvaad Atta,3,65,195,UPI,Delhi
TXN100709,2025-03-05,CUST432,Snacks,Bingo Chips,4,20,80,Cash,Mumbai
TXN100710,2025-04-23,CUST665,Personal Care,Vivel Soap,4,35,140,UPI,Hyderabad
TXN100711,2025-02-05,CUST317,Snacks,Bingo Mad Angles,5,25,125,UPI,Bangalore
TXN100712,2025-02-06,CUST554,Beverages,Sunbean Coffee,1,180,180,Card,Hyderabad
TXN100713,2025-03-28,CUST113,Personal Care,Vivel Soap,2,35,70,Cash,Bangalore
TXN100714,2025-04-15,CUST688,Snacks,Bingo Chips,2,20,40,UPI,Chennai
TXN100715,2025-05-17,CUST862,FMCG,Aashirvaad Atta,1,65,65,Cash,Delhi
TXN100716,2025-04-07,CUST570,Beverages,B Natural Juice,1,40,40,UPI,Kolkata
TXN100717,2025-03-13,CUST549,Beverages,Sunbean Coffee,5,180,900,Cash,Hyderabad
TXN100718,2025-03-24,CUST328,Snacks,Bingo Mad Angles,3,25,75,UPI,Mumbai
TXN100719,2025-01-18,CUST915,Snacks,Bingo Chips,1,20,20,Card,Mumbai
TXN100720,2025-06-02,CUST211,Personal Care,Savlon Sanitizer,5,70,350,Card,Bangalore
TXN100721,2025-02-27,CUST674,Personal Care,Savlon Sanitizer,4,70,280,Card,Kolkata
TXN100722,2025-06-04,CUST932,Personal Care,Savlon Handwash,2,95,190,Cash,Kolkata
TXN100723,2025-02-27,CUST694,Personal Care,Vivel Soap,2,35,70,Card,Mumbai
TXN100724,2025-01-17,CUST489,Snacks,Bingo Chips,2,20,40,UPI,Chennai
TXN100725,2025-04-30,CUST658,Personal Care,Vivel Soap,4,35,140,Card,Mumbai
TXN100726,2025-06-05,CUST351,Beverages,Sunbean Coffee,4,180,720,Cash,Hyderabad
TXN100727,2025-05-19,CUST481,Snacks,Bingo Chips,3,20,60,Card,Delhi
TXN100728,2025-06-14,CUST939,Snacks,Bingo Chips,4,20,80,Card,Mumbai
TXN100729,2025-02-09,CUST390,FMCG,Aashirvaad Atta,5,65,325,Card,Mumbai
TXN100730,2025-03-21,CUST759,FMCG,Aashirvaad Atta,2,65,130,UPI,Bangalore
TXN100731,2025-04-07,CUST444,FMCG,Aashirvaad Atta,5,65,325,UPI,Chennai
TXN100732,2025-05-08,CUST663,Personal Care,Savlon Sanitizer,4,70,280,Card,Delhi
TXN100733,2025-01-15,CUST239,Beverages,Sunbean Coffee,3,180,540,Card,Delhi
TXN100734,2025-04-05,CUST156,Personal Care,Vivel Soap,3,35,105,Cash,Delhi
TXN100735,2025-01-20,CUST984,Personal Care,Vivel Soap,1,35,35,Cash,Chennai
TXN100736,2025-01-08,CUST844,Personal Care,Savlon Handwash,4,95,380,UPI,Mumbai
TXN100737,2025-01-02,CUST357,Beverages,Sunbean Coffee,3,180,540,UPI,Chennai
TXN100738,2025-01-16,CUST542,Beverages,Sunbean Coffee,5,180,900,UPI,Kolkata
TXN100739,2025-01-23,CUST347,FMCG,Aashirvaad Atta,2,65,130,UPI,Bangalore
TXN100740,2025-03-11,CUST908,Snacks,Bingo Mad Angles,4,25,100,Card,Mumbai
TXN100741,2025-02-27,CUST143,Snacks,Bingo Chips,3,20,60,UPI,Chennai
TXN100742,2025-01-28,CUST772,Personal Care,Vivel Soap,2,35,70,Cash,Hyderabad
TXN100743,2025-05-20,CUST524,Snacks,Bingo Chips,2,20,40,UPI,Delhi
TXN100744,2025-03-14,CUST745,FMCG,Aashirvaad Atta,3,65,195,Card,Kolkata
TXN100745,2025-02-24,CUST490,Snacks,Bingo Chips,5,20,100,Card,Hyderabad
TXN100746,2025-05-31,CUST487,Beverages,Sunbean Coffee,5,180,900,Cash,Mumbai
TXN100747,2025-04-23,CUST846,Snacks,Bingo Chips,2,20,40,UPI,Chennai
TXN100748,2025-03-02,CUST141,FMCG,Aashirvaad Atta,1,65,65,Cash,Mumbai
TXN100749,2025-05-09,CUST535,Snacks,Bingo Mad Angles,2,25,50,Card,Bangalore
TXN100750,2025-05-09,CUST617,Snacks,Bingo Mad Angles,4,25,100,Card,Hyderabad
TXN100751,2025-06-25,CUST128,Beverages,Sunbean Coffee,2,180,360,UPI,Kolkata
TXN100752,2025-01-09,CUST628,FMCG,Aashirvaad Atta,2,65,130,Cash,Chennai
TXN100753,2025-01-13,CUST929,FMCG,Aashirvaad Atta,4,65,260,UPI,Hyderabad
TXN100754,2025-04-17,CUST228,Beverages,B Natural Juice,4,40,160,UPI,Delhi
TXN100755,2025-03-01,CUST445,Personal Care,Savlon Sanitizer,4,70,280,UPI,Mumbai
TXN100756,2025-06-26,CUST721,Personal Care,Savlon Sanitizer,2,70,140,Card,Bangalore
TXN100757,2025-05-31,CUST143,Personal Care,Vivel Soap,5,35,175,UPI,Chennai
TXN100758,2025-01-29,CUST543,Beverages,Sunbean Coffee,2,180,360,Card,Kolkata
TXN100759,2025-02-27,CUST988,Personal Care,Savlon Handwash,2,95,190,Cash,Kolkata
TXN100760,2025-05-04,CUST692,Personal Care,Savlon Handwash,4,95,380,Cash,Kolkata
TXN100761,2025-06-13,CUST818,Snacks,Bingo Mad Angles,5,25,125,Card,Kolkata
TXN100762,2025-01-28,CUST600,Beverages,B Natural Juice,3,40,120,Card,Hyderabad
TXN100763,2025-01-26,CUST109,Personal Care,Vivel Soap,1,35,35,Cash,Kolkata
TXN100764,2025-03-22,CUST970,FMCG,Aashirvaad Atta,2,65,130,Card,Mumbai
TXN100765,2025-06-29,CUST579,Snacks,Bingo Chips,5,20,100,Card,Mumbai
TXN100766,2025-06-19,CUST690,Beverages,B Natural Juice,2,40,80,UPI,Bangalore
TXN100767,2025-04-30,CUST573,FMCG,Aashirvaad Atta,1,65,65,Card,Hyderabad
TXN100768,2025-03-18,CUST845,FMCG,Aashirvaad Atta,2,65,130,UPI,Mumbai
TXN100769,2025-03-01,CUST475,Beverages,B Natural Juice,3,40,120,Cash,Bangalore
TXN100770,2025-01-04,CUST246,Beverages,B Natural Juice,1,40,40,Card,Kolkata
TXN100771,2025-04-02,CUST889,Beverages,Sunbean Coffee,1,180,180,Cash,Chennai
TXN100772,2025-03-23,CUST193,Snacks,Bingo Mad Angles,3,25,75,UPI,Bangalore
TXN100773,2025-01-28,CUST762,FMCG,Aashirvaad Atta,1,65,65,Cash,Bangalore
TXN100774,2025-02-25,CUST574,Beverages,B Natural Juice,1,40,40,Cash,Hyderabad
TXN100775,2025-04-10,CUST267,Snacks,Bingo Chips,2,20,40,UPI,Mumbai
TXN100776,2025-05-10,CUST714,FMCG,Aashirvaad Atta,1,65,65,Card,Delhi
TXN100777,2025-04-02,CUST662,Personal Care,Vivel Soap,3,35,105,Card,Hyderabad
TXN100778,2025-02-23,CUST238,Personal Care,Savlon Handwash,3,95,285,Card,Hyderabad
TXN100779,2025-05-15,CUST784,Beverages,Sunbean Coffee,5,180,900,Cash,Kolkata
TXN100780,2025-04-07,CUST481,FMCG,Aashirvaad Atta,2,65,130,UPI,Delhi
TXN100781,2025-04-13,CUST905,Personal Care,Savlon Handwash,3,95,285,Cash,Kolkata
TXN100782,2025-04-10,CUST694,Beverages,Sunbean Coffee,1,180,180,Card,Hyderabad
TXN100783,2025-01-31,CUST641,Snacks,Bingo Mad Angles,3,25,75,Cash,Chennai
TXN100784,2025-06-16,CUST429,FMCG,Aashirvaad Atta,1,65,65,UPI,Hyderabad
TXN100785,2025-04-10,CUST729,Personal Care,Savlon Handwash,3,95,285,Card,Mumbai
TXN100786,2025-03-05,CUST795,FMCG,Aashirvaad Atta,2,65,130,UPI,Hyderabad
TXN100787,2025-05-20,CUST916,Personal Care,Vivel Soap,3,35,105,Cash,Bangalore
TXN100788,2025-04-09,CUST446,Personal Care,Savlon Handwash,2,95,190,Cash,Hyderabad
TXN100789,2025-02-03,CUST295,Personal Care,Vivel Soap,2,35,70,Cash,Hyderabad
TXN100790,2025-05-06,CUST353,Personal Care,Vivel Soap,2,35,70,Cash,Delhi
TXN100791,2025-01-01,CUST192,Personal Care,Savlon Handwash,4,95,380,Card,Mumbai
TXN100792,2025-02-25,CUST105,FMCG,Aashirvaad Atta,1,65,65,Card,Mumbai
TXN100793,2025-06-10,CUST563,Snacks,Bingo Chips,5,20,100,Cash,Delhi
TXN100794,2025-06-25,CUST944,Beverages,Sunbean Coffee,2,180,360,Cash,Mumbai
TXN100795,2025-06-14,CUST150,Personal Care,Savlon Handwash,1,95,95,UPI,Mumbai
TXN100796,2025-01-23,CUST540,Personal Care,Savlon Sanitizer,3,70,210,Card,Chennai
TXN100797,2025-01-05,CUST722,Personal Care,Vivel Soap,1,35,35,Cash,Delhi
TXN100798,2025-04-19,CUST137,Snacks,Bingo Mad Angles,3,25,75,UPI,Mumbai
TXN100799,2025-02-13,CUST536,Beverages,Sunbean Coffee,5,180,900,Card,Chennai
TXN100800,2025-06-17,CUST750,Snacks,Bingo Mad Angles,1,25,25,Card,Hyderabad
TXN100801,2025-02-26,CUST835,Beverages,B Natural Juice,1,40,40,UPI,Kolkata
TXN100802,2025-02-01,CUST647,Beverages,Sunbean Coffee,1,180,180,Card,Bangalore
TXN100803,2025-01-17,CUST542,Snacks,Bingo Chips,2,20,40,Cash,Bangalore
TXN100804,2025-05-29,CUST173,FMCG,Aashirvaad Atta,1,65,65,UPI,Bangalore
TXN100805,2025-05-24,CUST636,Personal Care,Savlon Handwash,4,95,380,Cash,Delhi
TXN100806,2025-05-09,CUST677,Beverages,B Natural Juice,3,40,120,Card,Chennai
TXN100807,2025-04-10,CUST877,Beverages,B Natural Juice,4,40,160,Cash,Bangalore
TXN100808,2025-02-12,CUST215,Snacks,Bingo Chips,1,20,20,Card,Delhi
TXN100809,2025-06-02,CUST524,Beverages,Sunbean Coffee,3,180,540,Cash,Bangalore
TXN100810,2025-03-22,CUST829,Beverages,Sunbean Coffee,2,180,360,Card,Hyderabad
TXN100811,2025-05-20,CUST205,Personal Care,Savlon Sanitizer,1,70,70,UPI,Chennai
TXN100812,2025-05-08,CUST414,Beverages,B Natural Juice,3,40,120,Card,Mumbai
TXN100813,2025-06-27,CUST844,FMCG,Aashirvaad Atta,1,65,65,UPI,Hyderabad
TXN100814,2025-03-28,CUST506,FMCG,Aashirvaad Atta,5,65,325,Card,Hyderabad
TXN100815,2025-06-12,CUST965,Snacks,Bingo Chips,5,20,100,UPI,Kolkata
TXN100816,2025-02-05,CUST591,Beverages,B Natural Juice,2,40,80,Card,Chennai
TXN100817,2025-02-07,CUST957,Snacks,Bingo Chips,1,20,20,UPI,Chennai
TXN100818,2025-02-17,CUST850,Personal Care,Savlon Sanitizer,2,70,140,Cash,Delhi
TXN100819,2025-03-03,CUST525,FMCG,Aashirvaad Atta,5,65,325,UPI,Kolkata
TXN100820,2025-03-06,CUST108,FMCG,Aashirvaad Atta,2,65,130,Cash,Delhi
TXN100821,2025-02-27,CUST394,Personal Care,Savlon Handwash,3,95,285,Card,Kolkata
TXN100822,2025-03-05,CUST777,Snacks,Bingo Mad Angles,1,25,25,Cash,Hyderabad
TXN100823,2025-06-26,CUST439,Personal Care,Savlon Handwash,2,95,190,Cash,Delhi
TXN100824,2025-05-20,CUST950,Personal Care,Vivel Soap,2,35,70,UPI,Mumbai
TXN100825,2025-05-15,CUST568,FMCG,Aashirvaad Atta,3,65,195,UPI,Delhi
TXN100826,2025-06-04,CUST177,Personal Care,Savlon Handwash,4,95,380,Card,Mumbai
TXN100827,2025-01-13,CUST307,Snacks,Bingo Mad Angles,1,25,25,UPI,Bangalore
TXN100828,2025-05-15,CUST893,Snacks,Bingo Mad Angles,2,25,50,Cash,Mumbai
TXN100829,2025-05-17,CUST275,Snacks,Bingo Chips,5,20,100,UPI,Delhi
TXN100830,2025-05-09,CUST578,Snacks,Bingo Chips,5,20,100,UPI,Mumbai
TXN100831,2025-04-11,CUST726,FMCG,Aashirvaad Atta,2,65,130,UPI,Delhi
TXN100832,2025-04-03,CUST744,Beverages,Sunbean Coffee,2,180,360,Cash,Delhi
TXN100833,2025-06-27,CUST583,Snacks,Bingo Chips,4,20,80,UPI,Hyderabad
TXN100834,2025-02-17,CUST729,FMCG,Aashirvaad Atta,4,65,260,Card,Chennai
TXN100835,2025-05-22,CUST608,Beverages,Sunbean Coffee,3,180,540,Cash,Mumbai
TXN100836,2025-02-21,CUST800,FMCG,Aashirvaad Atta,4,65,260,UPI,Hyderabad
TXN100837,2025-02-20,CUST713,Snacks,Bingo Chips,3,20,60,UPI,Delhi
TXN100838,2025-02-15,CUST878,Beverages,B Natural Juice,1,40,40,Card,Chennai
TXN100839,2025-03-28,CUST741,Beverages,B Natural Juice,1,40,40,Card,Bangalore
TXN100840,2025-06-01,CUST135,Personal Care,Savlon Sanitizer,1,70,70,Cash,Hyderabad
TXN100841,2025-02-14,CUST813,Beverages,Sunbean Coffee,1,180,180,Cash,Chennai
TXN100842,2025-06-15,CUST618,Beverages,Sunbean Coffee,1,180,180,Cash,Hyderabad
TXN100843,2025-01-12,CUST943,Snacks,Bingo Mad Angles,1,25,25,UPI,Mumbai
TXN100844,2025-01-04,CUST555,Personal Care,Vivel Soap,5,35,175,Cash,Chennai
TXN100845,2025-03-17,CUST818,Personal Care,Vivel Soap,4,35,140,Card,Hyderabad
TXN100846,2025-06-05,CUST584,Personal Care,Vivel Soap,5,35,175,Card,Delhi
TXN100847,2025-01-18,CUST266,Personal Care,Savlon Sanitizer,4,70,280,UPI,Delhi
TXN100848,2025-03-29,CUST326,FMCG,Aashirvaad Atta,1,65,65,Card,Hyderabad
TXN100849,2025-01-24,CUST747,Personal Care,Savlon Sanitizer,4,70,280,Card,Kolkata
TXN100850,2025-06-06,CUST811,Beverages,Sunbean Coffee,2,180,360,Card,Delhi
TXN100851,2025-03-17,CUST686,Snacks,Bingo Chips,3,20,60,Card,Chennai
TXN100852,2025-01-25,CUST790,Personal Care,Savlon Sanitizer,2,70,140,UPI,Bangalore
TXN100853,2025-03-07,CUST652,Beverages,B Natural Juice,4,40,160,Card,Delhi
TXN100854,2025-02-16,CUST963,Personal Care,Savlon Sanitizer,4,70,280,Cash,Kolkata
TXN100855,2025-06-28,CUST616,Beverages,Sunbean Coffee,2,180,360,Card,Kolkata
TXN100856,2025-01-01,CUST772,Snacks,Bingo Chips,4,20,80,UPI,Mumbai
TXN100857,2025-01-17,CUST310,Snacks,Bingo Mad Angles,3,25,75,Card,Mumbai
TXN100858,2025-01-29,CUST450,Snacks,Bingo Mad Angles,5,25,125,Card,Delhi
TXN100859,2025-02-25,CUST138,Snacks,Bingo Chips,2,20,40,Cash,Mumbai
TXN100860,2025-01-25,CUST806,FMCG,Aashirvaad Atta,3,65,195,UPI,Kolkata
TXN100861,2025-06-05,CUST200,Snacks,Bingo Mad Angles,4,25,100,Card,Hyderabad
TXN100862,2025-03-07,CUST561,Snacks,Bingo Mad Angles,5,25,125,Card,Bangalore
TXN100863,2025-01-20,CUST558,Snacks,Bingo Mad Angles,2,25,50,UPI,Chennai
TXN100864,2025-05-29,CUST137,Snacks,Bingo Mad Angles,5,25,125,UPI,Delhi
TXN100865,2025-03-25,CUST516,Personal Care,Savlon Handwash,4,95,380,Card,Kolkata
TXN100866,2025-03-26,CUST621,Personal Care,Vivel Soap,3,35,105,Cash,Hyderabad
TXN100867,2025-02-27,CUST278,Personal Care,Savlon Handwash,2,95,190,Card,Delhi
TXN100868,2025-05-06,CUST724,Personal Care,Savlon Sanitizer,3,70,210,Card,Hyderabad
TXN100869,2025-05-28,CUST615,Beverages,B Natural Juice,1,40,40,Card,Chennai
TXN100870,2025-01-09,CUST570,FMCG,Aashirvaad Atta,5,65,325,Card,Bangalore
TXN100871,2025-03-25,CUST319,Personal Care,Vivel Soap,3,35,105,Cash,Chennai
TXN100872,2025-06-06,CUST339,Snacks,Bingo Mad Angles,2,25,50,Card,Delhi
TXN100873,2025-05-24,CUST321,Snacks,Bingo Chips,5,20,100,Cash,Hyderabad
TXN100874,2025-02-22,CUST474,Snacks,Bingo Chips,2,20,40,Card,Bangalore
TXN100875,2025-06-24,CUST793,Snacks,Bingo Chips,4,20,80,UPI,Delhi
TXN100876,2025-06-30,CUST178,Snacks,Bingo Mad Angles,3,25,75,UPI,Bangalore
TXN100877,2025-04-07,CUST417,Personal Care,Vivel Soap,2,35,70,UPI,Kolkata
TXN100878,2025-05-30,CUST294,Personal Care,Vivel Soap,5,35,175,UPI,Hyderabad
TXN100879,2025-03-13,CUST137,Personal Care,Savlon Handwash,1,95,95,Card,Chennai
TXN100880,2025-01-02,CUST960,Snacks,Bingo Chips,5,20,100,Cash,Kolkata
TXN100881,2025-01-16,CUST960,Personal Care,Vivel Soap,5,35,175,Cash,Delhi
TXN100882,2025-03-02,CUST590,Personal Care,Savlon Handwash,2,95,190,Cash,Chennai
TXN100883,2025-01-17,CUST922,Personal Care,Vivel Soap,4,35,140,UPI,Hyderabad
TXN100884,2025-04-19,CUST242,Personal Care,Vivel Soap,2,35,70,UPI,Chennai
TXN100885,2025-05-29,CUST913,Personal Care,Vivel Soap,1,35,35,UPI,Delhi
TXN100886,2025-02-09,CUST305,Snacks,Bingo Mad Angles,1,25,25,Cash,Delhi
TXN100887,2025-02-15,CUST802,Beverages,Sunbean Coffee,1,180,180,Cash,Hyderabad
TXN100888,2025-02-03,CUST965,Personal Care,Savlon Sanitizer,3,70,210,Card,Chennai
TXN100889,2025-01-23,CUST350,Personal Care,Savlon Sanitizer,1,70,70,Card,Delhi
TXN100890,2025-06-13,CUST355,Personal Care,Savlon Handwash,4,95,380,UPI,Hyderabad
TXN100891,2025-04-13,CUST393,Personal Care,Savlon Sanitizer,5,70,350,Cash,Delhi
TXN100892,2025-03-20,CUST610,Beverages,B Natural Juice,3,40,120,Card,Hyderabad
TXN100893,2025-02-03,CUST153,Snacks,Bingo Chips,2,20,40,Card,Delhi
TXN100894,2025-01-09,CUST967,Personal Care,Vivel Soap,4,35,140,Card,Delhi
TXN100895,2025-03-24,CUST618,Beverages,B Natural Juice,3,40,120,Cash,Hyderabad
TXN100896,2025-01-20,CUST952,Beverages,Sunbean Coffee,3,180,540,Card,Bangalore
TXN100897,2025-05-09,CUST174,Beverages,B Natural Juice,2,40,80,UPI,Kolkata
TXN100898,2025-01-22,CUST260,Snacks,Bingo Chips,3,20,60,UPI,Hyderabad
TXN100899,2025-05-14,CUST406,Beverages,Sunbean Coffee,2,180,360,UPI,Hyderabad
TXN100900,2025-04-02,CUST166,Snacks,Bingo Mad Angles,3,25,75,UPI,Chennai
TXN100901,2025-06-18,CUST404,Snacks,Bingo Chips,4,20,80,Cash,Chennai
TXN100902,2025-05-08,CUST569,Snacks,Bingo Mad Angles,5,25,125,Card,Kolkata
TXN100903,2025-06-19,CUST765,FMCG,Aashirvaad Atta,3,65,195,UPI,Mumbai
TXN100904,2025-06-03,CUST579,Beverages,B Natural Juice,4,40,160,Cash,Hyderabad
TXN100905,2025-06-23,CUST528,Snacks,Bingo Chips,1,20,20,UPI,Delhi
TXN100906,2025-03-27,CUST361,Personal Care,Vivel Soap,3,35,105,Cash,Hyderabad
TXN100907,2025-01-09,CUST726,Personal Care,Vivel Soap,1,35,35,Cash,Bangalore
TXN100908,2025-06-28,CUST993,Personal Care,Vivel Soap,3,35,105,UPI,Hyderabad
TXN100909,2025-06-19,CUST626,Snacks,Bingo Mad Angles,2,25,50,UPI,Bangalore
TXN100910,2025-01-25,CUST612,FMCG,Aashirvaad Atta,1,65,65,UPI,Kolkata
TXN100911,2025-01-28,CUST354,Beverages,Sunbean Coffee,2,180,360,Card,Mumbai
TXN100912,2025-06-25,CUST345,Snacks,Bingo Chips,3,20,60,Card,Hyderabad
TXN100913,2025-06-23,CUST304,Snacks,Bingo Mad Angles,2,25,50,UPI,Kolkata
TXN100914,2025-03-05,CUST718,Beverages,Sunbean Coffee,2,180,360,Card,Chennai
TXN100915,2025-04-24,CUST744,Snacks,Bingo Mad Angles,5,25,125,Card,Kolkata
TXN100916,2025-01-23,CUST873,Beverages,B Natural Juice,1,40,40,Cash,Kolkata
TXN100917,2025-06-30,CUST849,Personal Care,Vivel Soap,2,35,70,Cash,Chennai
TXN100918,2025-02-17,CUST529,Personal Care,Savlon Handwash,1,95,95,UPI,Chennai
TXN100919,2025-05-13,CUST659,Snacks,Bingo Mad Angles,4,25,100,UPI,Delhi
TXN100920,2025-04-08,CUST153,Snacks,Bingo Chips,4,20,80,Cash,Bangalore
TXN100921,2025-03-23,CUST359,Beverages,B Natural Juice,2,40,80,Card,Mumbai
TXN100922,2025-05-25,CUST528,Beverages,B Natural Juice,1,40,40,Cash,Delhi
TXN100923,2025-03-26,CUST698,Snacks,Bingo Chips,4,20,80,UPI,Chennai
TXN100924,2025-01-31,CUST593,Snacks,Bingo Mad Angles,1,25,25,UPI,Kolkata
TXN100925,2025-01-03,CUST186,Personal Care,Savlon Sanitizer,4,70,280,UPI,Mumbai
TXN100926,2025-06-28,CUST658,Personal Care,Savlon Sanitizer,4,70,280,Card,Hyderabad
TXN100927,2025-01-07,CUST847,Snacks,Bingo Mad Angles,2,25,50,Card,Delhi
TXN100928,2025-04-12,CUST743,Snacks,Bingo Mad Angles,1,25,25,Cash,Chennai
TXN100929,2025-05-27,CUST273,FMCG,Aashirvaad Atta,2,65,130,UPI,Mumbai
TXN100930,2025-05-19,CUST926,Personal Care,Savlon Handwash,2,95,190,Cash,Kolkata
TXN100931,2025-01-18,CUST618,Personal Care,Savlon Sanitizer,2,70,140,Cash,Hyderabad
TXN100932,2025-01-26,CUST317,Beverages,B Natural Juice,2,40,80,UPI,Hyderabad
TXN100933,2025-04-23,CUST139,Personal Care,Vivel Soap,2,35,70,Card,Bangalore
TXN100934,2025-01-09,CUST372,Personal Care,Vivel Soap,5,35,175,Cash,Bangalore
TXN100935,2025-02-23,CUST269,Snacks,Bingo Mad Angles,4,25,100,Card,Mumbai
TXN100936,2025-02-15,CUST360,Personal Care,Savlon Handwash,5,95,475,Cash,Chennai
TXN100937,2025-02-12,CUST473,FMCG,Aashirvaad Atta,1,65,65,Cash,Mumbai
TXN100938,2025-01-03,CUST163,Beverages,B Natural Juice,2,40,80,UPI,Hyderabad
TXN100939,2025-05-20,CUST856,Snacks,Bingo Mad Angles,3,25,75,Card,Hyderabad
TXN100940,2025-01-24,CUST704,Personal Care,Savlon Handwash,3,95,285,Cash,Hyderabad
TXN100941,2025-06-15,CUST306,Snacks,Bingo Chips,2,20,40,UPI,Mumbai
TXN100942,2025-04-09,CUST424,Beverages,B Natural Juice,1,40,40,UPI,Mumbai
TXN100943,2025-05-16,CUST814,Snacks,Bingo Mad Angles,1,25,25,UPI,Chennai
TXN100944,2025-05-14,CUST155,Personal Care,Vivel Soap,4,35,140,Cash,Chennai
TXN100945,2025-04-19,CUST149,Snacks,Bingo Chips,1,20,20,UPI,Chennai
TXN100946,2025-06-06,CUST287,Snacks,Bingo Mad Angles,3,25,75,Cash,Mumbai
TXN100947,2025-03-05,CUST551,Beverages,Sunbean Coffee,2,180,360,Cash,Chennai
TXN100948,2025-04-24,CUST660,Personal Care,Savlon Handwash,5,95,475,Cash,Delhi
TXN100949,2025-01-22,CUST608,Beverages,B Natural Juice,5,40,200,Card,Mumbai
TXN100950,2025-03-05,CUST418,FMCG,Aashirvaad Atta,5,65,325,UPI,Kolkata
TXN100951,2025-02-19,CUST489,FMCG,Aashirvaad Atta,3,65,195,UPI,Bangalore
TXN100952,2025-01-10,CUST391,Personal Care,Savlon Handwash,2,95,190,Cash,Mumbai
TXN100953,2025-05-22,CUST212,Snacks,Bingo Mad Angles,2,25,50,Card,Bangalore
TXN100954,2025-02-09,CUST560,Personal Care,Savlon Handwash,1,95,95,Cash,Delhi
TXN100955,2025-03-23,CUST757,Personal Care,Savlon Sanitizer,2,70,140,Cash,Delhi
TXN100956,2025-06-29,CUST467,Personal Care,Savlon Handwash,3,95,285,Card,Kolkata
TXN100957,2025-06-08,CUST174,Personal Care,Vivel Soap,1,35,35,Cash,Bangalore
TXN100958,2025-03-17,CUST684,Personal Care,Vivel Soap,1,35,35,Cash,Bangalore
TXN100959,2025-04-06,CUST819,Personal Care,Vivel Soap,5,35,175,UPI,Kolkata
TXN100960,2025-06-05,CUST941,Snacks,Bingo Chips,3,20,60,Cash,Hyderabad
TXN100961,2025-05-06,CUST397,FMCG,Aashirvaad Atta,1,65,65,Card,Hyderabad
TXN100962,2025-02-25,CUST128,Personal Care,Vivel Soap,5,35,175,UPI,Bangalore
TXN100963,2025-03-06,CUST994,Personal Care,Savlon Sanitizer,5,70,350,UPI,Chennai
TXN100964,2025-05-13,CUST166,Snacks,Bingo Mad Angles,2,25,50,UPI,Bangalore
TXN100965,2025-03-30,CUST456,FMCG,Aashirvaad Atta,4,65,260,UPI,Bangalore
TXN100966,2025-01-10,CUST549,Beverages,Sunbean Coffee,4,180,720,UPI,Chennai
TXN100967,2025-01-04,CUST263,Personal Care,Savlon Handwash,3,95,285,Card,Mumbai
TXN100968,2025-05-23,CUST712,Snacks,Bingo Mad Angles,1,25,25,Cash,Bangalore
TXN100969,2025-06-30,CUST643,Personal Care,Savlon Sanitizer,1,70,70,Card,Mumbai
TXN100970,2025-05-11,CUST660,Personal Care,Savlon Sanitizer,3,70,210,Cash,Kolkata
TXN100971,2025-01-15,CUST895,Snacks,Bingo Mad Angles,3,25,75,Cash,Chennai
TXN100972,2025-04-19,CUST644,Personal Care,Vivel Soap,3,35,105,UPI,Hyderabad
TXN100973,2025-01-24,CUST540,FMCG,Aashirvaad Atta,4,65,260,Card,Bangalore
TXN100974,2025-02-17,CUST230,Personal Care,Vivel Soap,4,35,140,UPI,Hyderabad
TXN100975,2025-01-12,CUST809,Snacks,Bingo Chips,5,20,100,UPI,Bangalore
TXN100976,2025-04-26,CUST348,FMCG,Aashirvaad Atta,3,65,195,Cash,Chennai
TXN100977,2025-04-19,CUST283,Beverages,B Natural Juice,2,40,80,Cash,Mumbai
TXN100978,2025-05-29,CUST198,Beverages,Sunbean Coffee,4,180,720,Cash,Delhi
TXN100979,2025-05-12,CUST466,Beverages,B Natural Juice,2,40,80,Card,Mumbai
TXN100980,2025-02-09,CUST889,Personal Care,Vivel Soap,5,35,175,Card,Chennai
TXN100981,2025-04-12,CUST524,Snacks,Bingo Mad Angles,4,25,100,UPI,Hyderabad
TXN100982,2025-05-29,CUST612,Personal Care,Savlon Sanitizer,3,70,210,Cash,Mumbai
TXN100983,2025-03-29,CUST350,Personal Care,Vivel Soap,1,35,35,Cash,Mumbai
TXN100984,2025-03-23,CUST198,Beverages,B Natural Juice,3,40,120,Card,Hyderabad
TXN100985,2025-05-29,CUST904,Snacks,Bingo Chips,5,20,100,Cash,Kolkata
TXN100986,2025-01-05,CUST669,Personal Care,Vivel Soap,4,35,140,Cash,Chennai
TXN100987,2025-02-01,CUST436,Snacks,Bingo Mad Angles,2,25,50,UPI,Mumbai
TXN100988,2025-01-17,CUST657,Snacks,Bingo Chips,1,20,20,UPI,Mumbai
TXN100989,2025-03-23,CUST581,Personal Care,Vivel Soap,1,35,35,Cash,Kolkata
TXN100990,2025-06-21,CUST919,Personal Care,Savlon Sanitizer,2,70,140,UPI,Bangalore
TXN100991,2025-05-29,CUST558,Beverages,B Natural Juice,5,40,200,Cash,Bangalore
TXN100992,2025-06-22,CUST164,FMCG,Aashirvaad Atta,4,65,260,Card,Mumbai
TXN100993,2025-05-01,CUST340,FMCG,Aashirvaad Atta,4,65,260,Card,Delhi
TXN100994,2025-06-03,CUST848,Personal Care,Vivel Soap,3,35,105,Card,Chennai
TXN100995,2025-04-28,CUST319,Snacks,Bingo Mad Angles,3,25,75,UPI,Hyderabad
TXN100996,2025-01-22,CUST132,Personal Care,Savlon Handwash,2,95,190,Cash,Hyderabad
TXN100997,2025-05-03,CUST169,Beverages,B Natural Juice,2,40,80,UPI,Kolkata
TXN100998,2025-01-11,CUST424,Beverages,B Natural Juice,1,40,40,Cash,Kolkata
TXN100999,2025-04-02,CUST749,Snacks,Bingo Chips,3,20,60,UPI,Delhi
TXN101000,2025-05-02,CUST280,Personal Care,Savlon Sanitizer,4,70,280,Cash,Chennai
TXN101001,2025-02-27,CUST866,Beverages,Sunbean Coffee,2,180,360,UPI,Chennai
TXN101002,2025-05-26,CUST456,Personal Care,Savlon Handwash,4,95,380,Card,Kolkata
TXN101003,2025-05-07,CUST913,Snacks,Bingo Mad Angles,1,25,25,Cash,Chennai
TXN101004,2025-06-25,CUST719,Snacks,Bingo Mad Angles,2,25,50,Card,Mumbai
TXN101005,2025-05-03,CUST297,Beverages,Sunbean Coffee,3,180,540,Cash,Chennai
TXN101006,2025-01-04,CUST873,Snacks,Bingo Chips,1,20,20,UPI,Chennai
TXN101007,2025-06-10,CUST972,FMCG,Aashirvaad Atta,3,65,195,UPI,Hyderabad
TXN101008,2025-06-01,CUST780,Personal Care,Savlon Sanitizer,1,70,70,UPI,Kolkata
TXN101009,2025-04-15,CUST117,Personal Care,Savlon Handwash,5,95,475,Card,Kolkata
TXN101010,2025-03-27,CUST770,Snacks,Bingo Chips,3,20,60,UPI,Bangalore
TXN101011,2025-03-13,CUST486,Snacks,Bingo Mad Angles,3,25,75,Cash,Hyderabad
TXN101012,2025-01-09,CUST407,Beverages,B Natural Juice,3,40,120,UPI,Bangalore
TXN101013,2025-01-01,CUST745,Beverages,B Natural Juice,2,40,80,Card,Kolkata
TXN101014,2025-06-12,CUST837,Beverages,B Natural Juice,5,40,200,UPI,Chennai
TXN101015,2025-01-07,CUST681,Beverages,Sunbean Coffee,5,180,900,Card,Hyderabad
TXN101016,2025-05-18,CUST650,Personal Care,Vivel Soap,2,35,70,Cash,Hyderabad
TXN101017,2025-05-04,CUST886,Snacks,Bingo Mad Angles,1,25,25,Cash,Delhi
TXN101018,2025-03-20,CUST528,FMCG,Aashirvaad Atta,3,65,195,UPI,Bangalore
TXN101019,2025-03-08,CUST160,Beverages,Sunbean Coffee,3,180,540,UPI,Chennai
TXN101020,2025-05-01,CUST477,Personal Care,Vivel Soap,5,35,175,Cash,Bangalore
TXN101021,2025-06-07,CUST194,Snacks,Bingo Mad Angles,4,25,100,Cash,Bangalore
TXN101022,2025-03-03,CUST918,Personal Care,Vivel Soap,4,35,140,UPI,Kolkata
TXN101023,2025-05-12,CUST746,Personal Care,Savlon Sanitizer,4,70,280,Card,Hyderabad
TXN101024,2025-05-15,CUST173,Snacks,Bingo Mad Angles,5,25,125,Card,Hyderabad
TXN101025,2025-01-20,CUST388,FMCG,Aashirvaad Atta,5,65,325,Card,Mumbai
TXN101026,2025-01-11,CUST728,Snacks,Bingo Mad Angles,1,25,25,Card,Chennai
TXN101027,2025-01-28,CUST105,Personal Care,Savlon Handwash,1,95,95,Cash,Mumbai
TXN101028,2025-05-17,CUST232,Beverages,Sunbean Coffee,4,180,720,Cash,Hyderabad
TXN101029,2025-01-19,CUST228,Personal Care,Savlon Sanitizer,1,70,70,Card,Chennai
TXN101030,2025-04-23,CUST617,Beverages,Sunbean Coffee,1,180,180,UPI,Bangalore
TXN101031,2025-01-13,CUST409,Snacks,Bingo Mad Angles,4,25,100,Card,Mumbai
TXN101032,2025-02-11,CUST122,Snacks,Bingo Mad Angles,1,25,25,UPI,Chennai
TXN101033,2025-03-13,CUST874,FMCG,Aashirvaad Atta,3,65,195,Card,Chennai
TXN101034,2025-06-05,CUST472,FMCG,Aashirvaad Atta,2,65,130,Card,Chennai
TXN101035,2025-05-16,CUST237,Beverages,Sunbean Coffee,4,180,720,Card,Hyderabad
TXN101036,2025-06-13,CUST696,Beverages,Sunbean Coffee,4,180,720,Cash,Delhi
TXN101037,2025-02-25,CUST709,Snacks,Bingo Mad Angles,1,25,25,UPI,Kolkata
TXN101038,2025-05-20,CUST602,Personal Care,Vivel Soap,5,35,175,Card,Mumbai
TXN101039,2025-05-28,CUST289,Snacks,Bingo Mad Angles,3,25,75,Cash,Kolkata
TXN101040,2025-03-19,CUST545,Personal Care,Savlon Sanitizer,3,70,210,Card,Bangalore
TXN101041,2025-02-05,CUST231,FMCG,Aashirvaad Atta,2,65,130,UPI,Chennai
TXN101042,2025-01-13,CUST414,Personal Care,Vivel Soap,2,35,70,Cash,Bangalore
TXN101043,2025-06-17,CUST728,Beverages,Sunbean Coffee,5,180,900,UPI,Chennai
TXN101044,2025-01-09,CUST460,Personal Care,Savlon Sanitizer,4,70,280,UPI,Delhi
TXN101045,2025-04-14,CUST353,Personal Care,Savlon Sanitizer,1,70,70,Card,Chennai
TXN101046,2025-06-08,CUST919,Beverages,Sunbean Coffee,2,180,360,Cash,Mumbai
TXN101047,2025-01-16,CUST143,Snacks,Bingo Mad Angles,4,25,100,UPI,Hyderabad
TXN101048,2025-05-09,CUST494,Personal Care,Savlon Handwash,2,95,190,Card,Kolkata
TXN101049,2025-01-12,CUST321,Beverages,B Natural Juice,1,40,40,Card,Hyderabad
TXN101050,2025-04-10,CUST461,Personal Care,Savlon Handwash,2,95,190,Card,Kolkata
TXN101051,2025-04-08,CUST238,Personal Care,Savlon Sanitizer,3,70,210,Cash,Hyderabad
TXN101052,2025-03-22,CUST884,Beverages,B Natural Juice,3,40,120,UPI,Delhi
TXN101053,2025-04-25,CUST494,Personal Care,Savlon Sanitizer,3,70,210,Cash,Chennai
TXN101054,2025-04-13,CUST128,Beverages,Sunbean Coffee,3,180,540,UPI,Chennai
TXN101055,2025-05-30,CUST346,Beverages,B Natural Juice,4,40,160,Card,Mumbai
TXN101056,2025-01-02,CUST395,Snacks,Bingo Mad Angles,4,25,100,Card,Hyderabad
TXN101057,2025-03-20,CUST370,Snacks,Bingo Mad Angles,4,25,100,Card,Hyderabad
TXN101058,2025-03-31,CUST668,Personal Care,Savlon Handwash,3,95,285,Card,Mumbai
TXN101059,2025-04-20,CUST305,FMCG,Aashirvaad Atta,1,65,65,UPI,Mumbai
TXN101060,2025-04-27,CUST393,Beverages,B Natural Juice,2,40,80,Card,Kolkata
TXN101061,2025-01-26,CUST797,FMCG,Aashirvaad Atta,1,65,65,Cash,Chennai
TXN101062,2025-06-17,CUST476,Beverages,Sunbean Coffee,3,180,540,UPI,Kolkata
TXN101063,2025-01-11,CUST976,Snacks,Bingo Mad Angles,1,25,25,Card,Hyderabad
TXN101064,2025-06-12,CUST784,FMCG,Aashirvaad Atta,3,65,195,Card,Mumbai
TXN101065,2025-03-21,CUST382,Personal Care,Vivel Soap,5,35,175,Card,Chennai
TXN101066,2025-06-06,CUST496,Personal Care,Savlon Sanitizer,1,70,70,Card,Kolkata
TXN101067,2025-05-05,CUST614,Snacks,Bingo Chips,1,20,20,Cash,Chennai
TXN101068,2025-03-27,CUST469,Snacks,Bingo Chips,1,20,20,Cash,Kolkata
TXN101069,2025-02-16,CUST930,FMCG,Aashirvaad Atta,4,65,260,UPI,Mumbai
TXN101070,2025-04-09,CUST159,Personal Care,Savlon Handwash,3,95,285,Card,Mumbai
TXN101071,2025-03-31,CUST588,Beverages,B Natural Juice,1,40,40,Card,Kolkata
TXN101072,2025-06-08,CUST485,Snacks,Bingo Mad Angles,5,25,125,Cash,Hyderabad
TXN101073,2025-03-08,CUST359,Beverages,Sunbean Coffee,3,180,540,Cash,Chennai
TXN101074,2025-05-06,CUST225,Beverages,Sunbean Coffee,5,180,900,Card,Kolkata
TXN101075,2025-03-25,CUST918,Personal Care,Vivel Soap,3,35,105,Card,Chennai
TXN101076,2025-04-07,CUST943,Beverages,Sunbean Coffee,5,180,900,Card,Delhi
TXN101077,2025-01-25,CUST739,FMCG,Aashirvaad Atta,2,65,130,Card,Chennai
TXN101078,2025-06-05,CUST947,Snacks,Bingo Chips,4,20,80,Card,Mumbai
TXN101079,2025-05-22,CUST228,Snacks,Bingo Mad Angles,4,25,100,Card,Delhi
TXN101080,2025-04-14,CUST409,Personal Care,Savlon Handwash,5,95,475,Card,Kolkata
TXN101081,2025-06-09,CUST822,FMCG,Aashirvaad Atta,2,65,130,UPI,Kolkata
TXN101082,2025-03-03,CUST982,Personal Care,Savlon Sanitizer,4,70,280,Card,Hyderabad
TXN101083,2025-02-28,CUST733,Personal Care,Savlon Handwash,4,95,380,Cash,Bangalore
TXN101084,2025-01-02,CUST362,Snacks,Bingo Mad Angles,2,25,50,Card,Mumbai
TXN101085,2025-06-27,CUST573,Snacks,Bingo Chips,3,20,60,Cash,Mumbai
TXN101086,2025-01-22,CUST761,Personal Care,Vivel Soap,2,35,70,UPI,Bangalore
TXN101087,2025-01-12,CUST195,Snacks,Bingo Mad Angles,1,25,25,UPI,Kolkata
TXN101088,2025-05-09,CUST656,Snacks,Bingo Chips,3,20,60,Cash,Hyderabad
TXN101089,2025-05-27,CUST533,Snacks,Bingo Mad Angles,5,25,125,Cash,Hyderabad
TXN101090,2025-06-24,CUST874,Personal Care,Savlon Sanitizer,3,70,210,Cash,Kolkata
TXN101091,2025-05-31,CUST952,Personal Care,Savlon Handwash,1,95,95,UPI,Hyderabad
TXN101092,2025-04-13,CUST292,FMCG,Aashirvaad Atta,1,65,65,UPI,Mumbai
TXN101093,2025-05-04,CUST629,Personal Care,Vivel Soap,5,35,175,Cash,Chennai
TXN101094,2025-02-05,CUST517,FMCG,Aashirvaad Atta,1,65,65,Cash,Hyderabad
TXN101095,2025-04-28,CUST591,Snacks,Bingo Mad Angles,3,25,75,UPI,Bangalore
TXN101096,2025-04-26,CUST378,Snacks,Bingo Chips,4,20,80,UPI,Kolkata
TXN101097,2025-02-11,CUST871,Snacks,Bingo Chips,4,20,80,Cash,Chennai
TXN101098,2025-06-17,CUST750,Personal Care,Savlon Sanitizer,5,70,350,UPI,Mumbai
TXN101099,2025-01-19,CUST394,Personal Care,Savlon Handwash,2,95,190,Cash,Delhi
TXN101100,2025-02-26,CUST710,FMCG,Aashirvaad Atta,3,65,195,UPI,Delhi
TXN101101,2025-05-09,CUST874,Snacks,Bingo Mad Angles,1,25,25,UPI,Bangalore
TXN101102,2025-05-28,CUST930,Beverages,B Natural Juice,4,40,160,Card,Delhi
TXN101103,2025-01-12,CUST196,FMCG,Aashirvaad Atta,5,65,325,Card,Chennai
TXN101104,2025-03-27,CUST688,Beverages,B Natural Juice,5,40,200,Card,Chennai
TXN101105,2025-04-15,CUST433,FMCG,Aashirvaad Atta,4,65,260,Card,Chennai
TXN101106,2025-01-17,CUST258,FMCG,Aashirvaad Atta,3,65,195,Card,Bangalore
TXN101107,2025-01-11,CUST679,Snacks,Bingo Mad Angles,4,25,100,UPI,Bangalore
TXN101108,2025-06-17,CUST834,Personal Care,Savlon Sanitizer,2,70,140,UPI,Kolkata
TXN101109,2025-01-28,CUST500,FMCG,Aashirvaad Atta,5,65,325,Card,Delhi
TXN101110,2025-05-08,CUST943,Beverages,Sunbean Coffee,5,180,900,Cash,Chennai
TXN101111,2025-03-11,CUST785,Snacks,Bingo Mad Angles,3,25,75,Card,Mumbai
TXN101112,2025-04-27,CUST665,Personal Care,Vivel Soap,3,35,105,UPI,Hyderabad
TXN101113,2025-03-28,CUST118,Personal Care,Savlon Sanitizer,5,70,350,UPI,Chennai
TXN101114,2025-04-28,CUST291,Snacks,Bingo Chips,3,20,60,Cash,Chennai
TXN101115,2025-04-22,CUST779,Snacks,Bingo Chips,5,20,100,UPI,Hyderabad
TXN101116,2025-02-28,CUST978,Beverages,B Natural Juice,1,40,40,UPI,Delhi
TXN101117,2025-03-19,CUST105,Beverages,B Natural Juice,1,40,40,UPI,Bangalore
TXN101118,2025-06-22,CUST776,Snacks,Bingo Mad Angles,5,25,125,Cash,Bangalore
TXN101119,2025-04-02,CUST794,Beverages,Sunbean Coffee,5,180,900,Card,Mumbai
TXN101120,2025-05-11,CUST258,Personal Care,Savlon Handwash,2,95,190,Card,Mumbai
TXN101121,2025-06-14,CUST810,FMCG,Aashirvaad Atta,5,65,325,Cash,Hyderabad
TXN101122,2025-02-04,CUST768,Beverages,Sunbean Coffee,1,180,180,UPI,Mumbai
TXN101123,2025-05-14,CUST437,Personal Care,Vivel Soap,5,35,175,Card,Mumbai
TXN101124,2025-02-04,CUST715,Snacks,Bingo Chips,2,20,40,Card,Bangalore
TXN101125,2025-05-01,CUST103,Snacks,Bingo Mad Angles,2,25,50,UPI,Chennai
TXN101126,2025-03-22,CUST120,FMCG,Aashirvaad Atta,4,65,260,Cash,Bangalore
TXN101127,2025-01-19,CUST524,Personal Care,Savlon Sanitizer,2,70,140,UPI,Mumbai
TXN101128,2025-02-21,CUST935,FMCG,Aashirvaad Atta,3,65,195,Cash,Hyderabad
TXN101129,2025-04-01,CUST861,Snacks,Bingo Mad Angles,5,25,125,Card,Chennai
TXN101130,2025-05-26,CUST640,Beverages,Sunbean Coffee,1,180,180,Cash,Hyderabad
TXN101131,2025-01-03,CUST680,Personal Care,Savlon Sanitizer,1,70,70,Card,Hyderabad
TXN101132,2025-03-24,CUST318,Snacks,Bingo Mad Angles,1,25,25,Cash,Delhi
TXN101133,2025-06-05,CUST120,Snacks,Bingo Mad Angles,2,25,50,Cash,Chennai
TXN101134,2025-01-05,CUST845,Beverages,Sunbean Coffee,1,180,180,Cash,Mumbai
TXN101135,2025-04-27,CUST403,Snacks,Bingo Mad Angles,5,25,125,Card,Kolkata
TXN101136,2025-02-23,CUST505,Personal Care,Vivel Soap,4,35,140,UPI,Mumbai
TXN101137,2025-06-22,CUST220,Beverages,Sunbean Coffee,1,180,180,Cash,Mumbai
TXN101138,2025-03-30,CUST268,Personal Care,Savlon Handwash,1,95,95,Cash,Delhi
TXN101139,2025-04-03,CUST490,FMCG,Aashirvaad Atta,4,65,260,UPI,Delhi
TXN101140,2025-06-01,CUST473,Personal Care,Savlon Handwash,4,95,380,UPI,Hyderabad
TXN101141,2025-02-09,CUST380,Personal Care,Savlon Sanitizer,5,70,350,Card,Kolkata
TXN101142,2025-04-18,CUST255,Personal Care,Vivel Soap,4,35,140,UPI,Mumbai
TXN101143,2025-04-17,CUST821,Snacks,Bingo Chips,2,20,40,Cash,Kolkata
TXN101144,2025-03-28,CUST341,Personal Care,Savlon Sanitizer,4,70,280,UPI,Hyderabad
TXN101145,2025-02-27,CUST132,Personal Care,Vivel Soap,2,35,70,UPI,Kolkata
TXN101146,2025-04-08,CUST193,Personal Care,Vivel Soap,3,35,105,Cash,Hyderabad
TXN101147,2025-02-06,CUST927,FMCG,Aashirvaad Atta,2,65,130,Card,Mumbai
TXN101148,2025-06-16,CUST728,Snacks,Bingo Chips,5,20,100,Cash,Mumbai
TXN101149,2025-04-30,CUST247,Personal Care,Savlon Handwash,3,95,285,Card,Chennai
TXN101150,2025-05-27,CUST229,Beverages,Sunbean Coffee,1,180,180,Card,Hyderabad
TXN101151,2025-06-25,CUST339,Snacks,Bingo Chips,4,20,80,Cash,Delhi
TXN101152,2025-04-21,CUST398,Beverages,B Natural Juice,4,40,160,Card,Bangalore
TXN101153,2025-01-18,CUST801,Personal Care,Vivel Soap,4,35,140,UPI,Delhi
TXN101154,2025-05-09,CUST163,Snacks,Bingo Mad Angles,4,25,100,Card,Hyderabad
TXN101155,2025-04-04,CUST612,Snacks,Bingo Chips,1,20,20,UPI,Hyderabad
TXN101156,2025-03-11,CUST137,Personal Care,Savlon Sanitizer,5,70,350,Card,Mumbai
TXN101157,2025-02-19,CUST719,Personal Care,Savlon Sanitizer,1,70,70,Cash,Hyderabad
TXN101158,2025-03-22,CUST486,Snacks,Bingo Chips,5,20,100,Card,Kolkata
TXN101159,2025-04-20,CUST753,Snacks,Bingo Chips,5,20,100,UPI,Bangalore
TXN101160,2025-04-22,CUST260,Personal Care,Savlon Handwash,5,95,475,UPI,Delhi
TXN101161,2025-03-28,CUST321,Beverages,B Natural Juice,2,40,80,Card,Bangalore
TXN101162,2025-05-07,CUST609,Personal Care,Savlon Handwash,4,95,380,UPI,Chennai
TXN101163,2025-01-25,CUST441,FMCG,Aashirvaad Atta,3,65,195,Card,Kolkata
TXN101164,2025-02-22,CUST216,Personal Care,Vivel Soap,4,35,140,Card,Chennai
TXN101165,2025-02-14,CUST351,Beverages,B Natural Juice,2,40,80,Card,Mumbai
TXN101166,2025-03-25,CUST669,Snacks,Bingo Chips,1,20,20,UPI,Chennai
TXN101167,2025-06-03,CUST300,Beverages,Sunbean Coffee,4,180,720,Cash,Kolkata
TXN101168,2025-01-24,CUST980,Beverages,B Natural Juice,1,40,40,Cash,Chennai
TXN101169,2025-01-24,CUST315,Personal Care,Savlon Handwash,4,95,380,Cash,Delhi
TXN101170,2025-01-31,CUST795,Snacks,Bingo Mad Angles,3,25,75,Cash,Bangalore
TXN101171,2025-06-06,CUST117,Snacks,Bingo Mad Angles,4,25,100,UPI,Kolkata
TXN101172,2025-04-27,CUST394,Personal Care,Savlon Sanitizer,2,70,140,Cash,Chennai
TXN101173,2025-06-16,CUST190,FMCG,Aashirvaad Atta,2,65,130,Card,Delhi
TXN101174,2025-05-20,CUST717,Beverages,B Natural Juice,1,40,40,Card,Mumbai
TXN101175,2025-01-25,CUST250,Beverages,B Natural Juice,1,40,40,Cash,Chennai
TXN101176,2025-06-13,CUST360,Personal Care,Savlon Sanitizer,2,70,140,Cash,Kolkata
TXN101177,2025-05-29,CUST399,Beverages,B Natural Juice,3,40,120,UPI,Mumbai
TXN101178,2025-01-10,CUST503,FMCG,Aashirvaad Atta,5,65,325,UPI,Chennai
TXN101179,2025-05-22,CUST570,Snacks,Bingo Chips,1,20,20,Card,Bangalore
TXN101180,2025-01-04,CUST519,Beverages,Sunbean Coffee,1,180,180,UPI,Delhi
TXN101181,2025-01-06,CUST629,Personal Care,Vivel Soap,4,35,140,Card,Hyderabad
TXN101182,2025-05-29,CUST134,Personal Care,Savlon Sanitizer,3,70,210,UPI,Chennai
TXN101183,2025-02-01,CUST246,Beverages,B Natural Juice,4,40,160,Cash,Hyderabad
TXN101184,2025-05-07,CUST267,Beverages,B Natural Juice,3,40,120,UPI,Chennai
TXN101185,2025-03-06,CUST632,Snacks,Bingo Mad Angles,5,25,125,Cash,Mumbai
TXN101186,2025-05-27,CUST750,Beverages,Sunbean Coffee,4,180,720,Card,Chennai
TXN101187,2025-05-08,CUST260,Personal Care,Savlon Sanitizer,4,70,280,Card,Hyderabad
TXN101188,2025-05-31,CUST242,Personal Care,Savlon Sanitizer,1,70,70,UPI,Kolkata
TXN101189,2025-06-26,CUST212,Beverages,B Natural Juice,5,40,200,Card,Bangalore
TXN101190,2025-02-15,CUST185,Beverages,Sunbean Coffee,4,180,720,Card,Delhi
TXN101191,2025-02-01,CUST486,Beverages,B Natural Juice,1,40,40,Card,Hyderabad
TXN101192,2025-06-03,CUST285,Snacks,Bingo Chips,5,20,100,Card,Chennai
TXN101193,2025-04-29,CUST834,Snacks,Bingo Mad Angles,3,25,75,UPI,Mumbai
TXN101194,2025-01-30,CUST174,Personal Care,Vivel Soap,4,35,140,UPI,Hyderabad
TXN101195,2025-05-28,CUST202,Beverages,B Natural Juice,3,40,120,UPI,Mumbai
TXN101196,2025-06-25,CUST617,Personal Care,Savlon Sanitizer,3,70,210,Cash,Kolkata
TXN101197,2025-06-24,CUST345,Snacks,Bingo Mad Angles,4,25,100,Card,Kolkata
TXN101198,2025-02-08,CUST800,FMCG,Aashirvaad Atta,5,65,325,UPI,Mumbai
TXN101199,2025-02-25,CUST453,Personal Care,Savlon Sanitizer,4,70,280,UPI,Bangalore
TXN101200,2025-04-07,CUST195,FMCG,Aashirvaad Atta,2,65,130,Cash,Mumbai
TXN101201,2025-01-09,CUST916,Personal Care,Savlon Handwash,5,95,475,UPI,Mumbai
TXN101202,2025-03-03,CUST752,Personal Care,Savlon Sanitizer,5,70,350,Card,Delhi
TXN101203,2025-06-05,CUST422,Snacks,Bingo Mad Angles,4,25,100,UPI,Mumbai
TXN101204,2025-04-21,CUST200,Snacks,Bingo Chips,2,20,40,Cash,Bangalore
TXN101205,2025-04-20,CUST336,Snacks,Bingo Chips,2,20,40,Card,Kolkata
TXN101206,2025-01-27,CUST651,Beverages,B Natural Juice,1,40,40,UPI,Delhi
TXN101207,2025-04-22,CUST639,Personal Care,Savlon Handwash,1,95,95,Card,Hyderabad
TXN101208,2025-03-24,CUST227,FMCG,Aashirvaad Atta,2,65,130,Cash,Kolkata
TXN101209,2025-04-22,CUST299,Beverages,B Natural Juice,4,40,160,Cash,Hyderabad
TXN101210,2025-04-23,CUST965,Personal Care,Savlon Sanitizer,2,70,140,Cash,Bangalore
TXN101211,2025-01-13,CUST853,FMCG,Aashirvaad Atta,3,65,195,Cash,Mumbai
TXN101212,2025-04-20,CUST295,Personal Care,Vivel Soap,3,35,105,UPI,Kolkata
TXN101213,2025-01-28,CUST168,Snacks,Bingo Mad Angles,5,25,125,Card,Delhi
TXN101214,2025-05-24,CUST337,Personal Care,Vivel Soap,4,35,140,UPI,Kolkata
TXN101215,2025-04-09,CUST979,Snacks,Bingo Chips,2,20,40,Card,Bangalore
TXN101216,2025-02-15,CUST995,FMCG,Aashirvaad Atta,4,65,260,UPI,Mumbai
TXN101217,2025-04-15,CUST220,Snacks,Bingo Mad Angles,5,25,125,Cash,Kolkata
TXN101218,2025-03-23,CUST365,Snacks,Bingo Mad Angles,2,25,50,UPI,Mumbai
TXN101219,2025-01-21,CUST121,Beverages,Sunbean Coffee,4,180,720,Card,Hyderabad
TXN101220,2025-02-08,CUST686,Snacks,Bingo Chips,3,20,60,UPI,Kolkata
TXN101221,2025-03-13,CUST797,Personal Care,Savlon Sanitizer,1,70,70,UPI,Mumbai
TXN101222,2025-04-12,CUST814,Beverages,B Natural Juice,1,40,40,UPI,Kolkata
TXN101223,2025-06-22,CUST424,FMCG,Aashirvaad Atta,3,65,195,Card,Kolkata
TXN101224,2025-01-04,CUST188,Snacks,Bingo Mad Angles,1,25,25,UPI,Bangalore
TXN101225,2025-01-01,CUST891,Personal Care,Savlon Sanitizer,1,70,70,UPI,Mumbai
TXN101226,2025-05-14,CUST843,Snacks,Bingo Mad Angles,5,25,125,Card,Kolkata
TXN101227,2025-05-25,CUST445,Personal Care,Vivel Soap,5,35,175,UPI,Hyderabad
TXN101228,2025-04-30,CUST296,Snacks,Bingo Mad Angles,4,25,100,UPI,Delhi
TXN101229,2025-04-30,CUST651,Snacks,Bingo Mad Angles,5,25,125,UPI,Hyderabad
TXN101230,2025-04-05,CUST445,Beverages,B Natural Juice,5,40,200,Card,Bangalore
TXN101231,2025-02-25,CUST868,Snacks,Bingo Chips,2,20,40,Card,Kolkata
TXN101232,2025-05-20,CUST643,FMCG,Aashirvaad Atta,5,65,325,Cash,Delhi
TXN101233,2025-02-02,CUST868,Personal Care,Vivel Soap,5,35,175,Cash,Bangalore
TXN101234,2025-05-09,CUST813,FMCG,Aashirvaad Atta,4,65,260,Cash,Hyderabad
TXN101235,2025-01-18,CUST954,Personal Care,Savlon Handwash,4,95,380,Cash,Mumbai
TXN101236,2025-05-09,CUST517,Snacks,Bingo Mad Angles,5,25,125,Cash,Hyderabad
TXN101237,2025-06-10,CUST943,Snacks,Bingo Chips,1,20,20,Card,Kolkata
TXN101238,2025-06-04,CUST753,Beverages,B Natural Juice,3,40,120,UPI,Hyderabad
TXN101239,2025-02-15,CUST394,Personal Care,Vivel Soap,2,35,70,Card,Kolkata
TXN101240,2025-05-01,CUST650,Personal Care,Savlon Sanitizer,4,70,280,UPI,Hyderabad
TXN101241,2025-01-28,CUST990,Snacks,Bingo Chips,1,20,20,UPI,Delhi
TXN101242,2025-03-10,CUST659,Personal Care,Vivel Soap,1,35,35,Card,Bangalore
TXN101243,2025-06-14,CUST456,Personal Care,Savlon Handwash,1,95,95,Cash,Mumbai
TXN101244,2025-06-20,CUST692,Personal Care,Savlon Sanitizer,3,70,210,Card,Mumbai
TXN101245,2025-02-20,CUST699,Snacks,Bingo Mad Angles,3,25,75,UPI,Bangalore
TXN101246,2025-02-06,CUST564,Beverages,B Natural Juice,4,40,160,UPI,Mumbai
TXN101247,2025-03-20,CUST177,Snacks,Bingo Chips,1,20,20,Cash,Mumbai
TXN101248,2025-04-03,CUST545,Personal Care,Savlon Sanitizer,5,70,350,UPI,Chennai
TXN101249,2025-03-25,CUST911,Personal Care,Vivel Soap,3,35,105,UPI,Bangalore
TXN101250,2025-01-21,CUST398,Personal Care,Savlon Sanitizer,1,70,70,Cash,Bangalore
TXN101251,2025-02-09,CUST695,Personal Care,Savlon Sanitizer,5,70,350,Cash,Kolkata
TXN101252,2025-06-19,CUST401,Snacks,Bingo Chips,2,20,40,Cash,Bangalore
TXN101253,2025-04-21,CUST778,Personal Care,Savlon Handwash,3,95,285,Cash,Delhi
TXN101254,2025-01-08,CUST940,Beverages,B Natural Juice,5,40,200,Cash,Bangalore
TXN101255,2025-01-14,CUST298,Personal Care,Savlon Handwash,5,95,475,Card,Bangalore
TXN101256,2025-06-17,CUST471,FMCG,Aashirvaad Atta,4,65,260,Cash,Bangalore
TXN101257,2025-02-24,CUST113,Snacks,Bingo Chips,5,20,100,Cash,Hyderabad
TXN101258,2025-04-13,CUST899,Personal Care,Vivel Soap,1,35,35,UPI,Chennai
TXN101259,2025-03-22,CUST489,Beverages,Sunbean Coffee,2,180,360,Cash,Hyderabad
TXN101260,2025-02-07,CUST380,Snacks,Bingo Chips,4,20,80,Cash,Bangalore
TXN101261,2025-03-04,CUST773,Personal Care,Vivel Soap,4,35,140,Card,Delhi
TXN101262,2025-06-10,CUST940,Beverages,B Natural Juice,2,40,80,Card,Bangalore
TXN101263,2025-04-06,CUST757,Personal Care,Vivel Soap,5,35,175,Card,Delhi
TXN101264,2025-02-04,CUST670,Snacks,Bingo Chips,5,20,100,Card,Bangalore
TXN101265,2025-02-15,CUST512,Snacks,Bingo Mad Angles,4,25,100,UPI,Bangalore
TXN101266,2025-05-04,CUST679,Snacks,Bingo Mad Angles,1,25,25,Cash,Bangalore
TXN101267,2025-05-11,CUST360,Beverages,B Natural Juice,5,40,200,Cash,Hyderabad
TXN101268,2025-04-11,CUST992,FMCG,Aashirvaad Atta,4,65,260,Card,Kolkata
TXN101269,2025-03-21,CUST398,Beverages,B Natural Juice,5,40,200,UPI,Chennai
TXN101270,2025-06-26,CUST296,FMCG,Aashirvaad Atta,4,65,260,Cash,Chennai
TXN101271,2025-03-09,CUST884,Snacks,Bingo Chips,3,20,60,UPI,Bangalore
TXN101272,2025-03-08,CUST264,Personal Care,Savlon Handwash,3,95,285,UPI,Mumbai
TXN101273,2025-05-31,CUST789,Personal Care,Vivel Soap,4,35,140,Cash,Mumbai
TXN101274,2025-01-02,CUST168,FMCG,Aashirvaad Atta,3,65,195,Cash,Mumbai
TXN101275,2025-03-29,CUST877,Snacks,Bingo Chips,5,20,100,UPI,Mumbai
TXN101276,2025-03-13,CUST267,FMCG,Aashirvaad Atta,2,65,130,Cash,Kolkata
TXN101277,2025-03-08,CUST604,FMCG,Aashirvaad Atta,4,65,260,Card,Hyderabad
TXN101278,2025-06-13,CUST360,Beverages,Sunbean Coffee,2,180,360,Cash,Chennai
TXN101279,2025-02-09,CUST325,Snacks,Bingo Mad Angles,2,25,50,UPI,Bangalore
TXN101280,2025-01-16,CUST606,Snacks,Bingo Chips,2,20,40,Card,Delhi
TXN101281,2025-03-12,CUST450,FMCG,Aashirvaad Atta,3,65,195,Card,Kolkata
TXN101282,2025-01-28,CUST812,Beverages,B Natural Juice,1,40,40,UPI,Mumbai
TXN101283,2025-06-25,CUST871,Personal Care,Vivel Soap,4,35,140,Cash,Kolkata
TXN101284,2025-05-31,CUST867,FMCG,Aashirvaad Atta,4,65,260,UPI,Mumbai
TXN101285,2025-06-25,CUST374,Personal Care,Savlon Handwash,5,95,475,Cash,Bangalore
TXN101286,2025-05-22,CUST359,Personal Care,Savlon Sanitizer,2,70,140,UPI,Delhi
TXN101287,2025-03-23,CUST708,Personal Care,Vivel Soap,5,35,175,UPI,Hyderabad
TXN101288,2025-05-16,CUST653,Beverages,Sunbean Coffee,4,180,720,Card,Hyderabad
TXN101289,2025-02-03,CUST801,Beverages,Sunbean Coffee,1,180,180,Card,Chennai
TXN101290,2025-04-28,CUST464,Snacks,Bingo Chips,1,20,20,Cash,Mumbai
TXN101291,2025-03-19,CUST626,Personal Care,Savlon Handwash,1,95,95,UPI,Delhi
TXN101292,2025-06-16,CUST844,Personal Care,Savlon Sanitizer,2,70,140,UPI,Bangalore
TXN101293,2025-01-18,CUST631,Personal Care,Vivel Soap,5,35,175,Cash,Hyderabad
TXN101294,2025-02-08,CUST222,Snacks,Bingo Mad Angles,4,25,100,UPI,Chennai
TXN101295,2025-06-02,CUST718,Snacks,Bingo Chips,3,20,60,UPI,Delhi
TXN101296,2025-01-26,CUST444,Personal Care,Savlon Sanitizer,3,70,210,Card,Chennai
TXN101297,2025-04-28,CUST970,Snacks,Bingo Chips,2,20,40,Cash,Chennai
TXN101298,2025-03-09,CUST974,Personal Care,Vivel Soap,2,35,70,Card,Chennai
TXN101299,2025-04-13,CUST766,Personal Care,Savlon Sanitizer,2,70,140,Card,Hyderabad
TXN101300,2025-05-26,CUST483,Personal Care,Vivel Soap,5,35,175,UPI,Kolkata
TXN101301,2025-06-04,CUST569,Personal Care,Savlon Handwash,5,95,475,Cash,Chennai
TXN101302,2025-03-13,CUST441,FMCG,Aashirvaad Atta,5,65,325,Cash,Delhi
TXN101303,2025-04-12,CUST838,Personal Care,Vivel Soap,1,35,35,Card,Hyderabad
TXN101304,2025-05-09,CUST510,Personal Care,Savlon Sanitizer,3,70,210,UPI,Mumbai
TXN101305,2025-06-11,CUST284,Personal Care,Vivel Soap,3,35,105,Card,Kolkata
TXN101306,2025-04-27,CUST992,Personal Care,Vivel Soap,1,35,35,UPI,Mumbai
TXN101307,2025-05-01,CUST365,Personal Care,Savlon Sanitizer,4,70,280,Cash,Chennai
TXN101308,2025-03-25,CUST875,Snacks,Bingo Mad Angles,4,25,100,UPI,Hyderabad
TXN101309,2025-03-15,CUST961,Beverages,Sunbean Coffee,2,180,360,Cash,Chennai
TXN101310,2025-05-18,CUST483,Beverages,Sunbean Coffee,3,180,540,Card,Bangalore
TXN101311,2025-03-31,CUST997,Snacks,Bingo Chips,4,20,80,Card,Kolkata
TXN101312,2025-05-17,CUST620,Beverages,Sunbean Coffee,4,180,720,Card,Delhi
TXN101313,2025-02-07,CUST358,Beverages,Sunbean Coffee,1,180,180,Card,Mumbai
TXN101314,2025-05-02,CUST862,Personal Care,Vivel Soap,2,35,70,UPI,Bangalore
TXN101315,2025-02-16,CUST809,Beverages,Sunbean Coffee,4,180,720,Card,Delhi
TXN101316,2025-03-02,CUST650,Beverages,Sunbean Coffee,5,180,900,Card,Delhi
TXN101317,2025-01-28,CUST249,Beverages,Sunbean Coffee,4,180,720,Card,Hyderabad
TXN101318,2025-01-16,CUST194,Beverages,B Natural Juice,4,40,160,UPI,Chennai
TXN101319,2025-06-26,CUST818,Beverages,B Natural Juice,1,40,40,Card,Kolkata
TXN101320,2025-04-27,CUST350,Beverages,Sunbean Coffee,3,180,540,UPI,Mumbai
TXN101321,2025-04-21,CUST305,Beverages,Sunbean Coffee,2,180,360,UPI,Kolkata
TXN101322,2025-06-27,CUST119,Beverages,B Natural Juice,2,40,80,UPI,Chennai
TXN101323,2025-05-16,CUST315,Personal Care,Vivel Soap,2,35,70,UPI,Hyderabad
TXN101324,2025-01-15,CUST113,Personal Care,Vivel Soap,2,35,70,Card,Hyderabad
TXN101325,2025-01-11,CUST776,Beverages,Sunbean Coffee,5,180,900,Card,Kolkata
TXN101326,2025-04-26,CUST551,Personal Care,Vivel Soap,3,35,105,UPI,Kolkata
TXN101327,2025-01-28,CUST255,Personal Care,Savlon Handwash,3,95,285,Cash,Chennai
TXN101328,2025-04-29,CUST405,Snacks,Bingo Chips,4,20,80,UPI,Delhi
TXN101329,2025-04-03,CUST347,Beverages,B Natural Juice,4,40,160,Cash,Mumbai
TXN101330,2025-01-01,CUST553,Beverages,B Natural Juice,5,40,200,Cash,Chennai
TXN101331,2025-01-25,CUST150,Personal Care,Savlon Handwash,5,95,475,Card,Chennai
TXN101332,2025-06-13,CUST346,Beverages,B Natural Juice,3,40,120,Card,Delhi
TXN101333,2025-04-18,CUST890,Beverages,B Natural Juice,2,40,80,Card,Chennai
TXN101334,2025-05-31,CUST551,Personal Care,Savlon Sanitizer,3,70,210,Cash,Delhi
TXN101335,2025-02-14,CUST181,Snacks,Bingo Chips,4,20,80,Card,Bangalore
TXN101336,2025-03-16,CUST378,Snacks,Bingo Chips,2,20,40,Cash,Chennai
TXN101337,2025-04-07,CUST981,Beverages,B Natural Juice,5,40,200,Cash,Kolkata
TXN101338,2025-01-13,CUST271,Beverages,Sunbean Coffee,3,180,540,Card,Mumbai
TXN101339,2025-04-07,CUST311,Snacks,Bingo Chips,1,20,20,Cash,Mumbai
TXN101340,2025-02-26,CUST157,Snacks,Bingo Mad Angles,3,25,75,Card,Mumbai
TXN101341,2025-05-20,CUST590,Snacks,Bingo Chips,4,20,80,UPI,Mumbai
TXN101342,2025-01-30,CUST134,Personal Care,Vivel Soap,2,35,70,Card,Hyderabad
TXN101343,2025-06-04,CUST313,Personal Care,Savlon Handwash,3,95,285,Card,Hyderabad
TXN101344,2025-06-08,CUST741,Personal Care,Savlon Sanitizer,2,70,140,UPI,Mumbai
TXN101345,2025-03-07,CUST863,Beverages,Sunbean Coffee,2,180,360,Cash,Delhi
TXN101346,2025-01-20,CUST530,Snacks,Bingo Chips,5,20,100,Card,Kolkata
TXN101347,2025-02-12,CUST653,Snacks,Bingo Chips,3,20,60,Card,Hyderabad
TXN101348,2025-03-31,CUST358,Beverages,Sunbean Coffee,2,180,360,Cash,Chennai
TXN101349,2025-03-30,CUST288,FMCG,Aashirvaad Atta,5,65,325,UPI,Bangalore
TXN101350,2025-04-07,CUST528,Snacks,Bingo Chips,5,20,100,Card,Kolkata
TXN101351,2025-05-29,CUST534,Personal Care,Savlon Sanitizer,5,70,350,UPI,Bangalore
TXN101352,2025-02-13,CUST609,Personal Care,Savlon Sanitizer,3,70,210,UPI,Mumbai
TXN101353,2025-02-10,CUST279,Beverages,Sunbean Coffee,1,180,180,Card,Mumbai
TXN101354,2025-04-07,CUST994,Beverages,Sunbean Coffee,2,180,360,Card,Delhi
TXN101355,2025-04-25,CUST876,FMCG,Aashirvaad Atta,1,65,65,UPI,Bangalore
TXN101356,2025-05-23,CUST321,FMCG,Aashirvaad Atta,4,65,260,Card,Bangalore
TXN101357,2025-05-03,CUST141,FMCG,Aashirvaad Atta,1,65,65,Card,Bangalore
TXN101358,2025-01-23,CUST346,Beverages,B Natural Juice,2,40,80,UPI,Hyderabad
TXN101359,2025-05-16,CUST600,FMCG,Aashirvaad Atta,1,65,65,UPI,Mumbai
TXN101360,2025-05-21,CUST413,Snacks,Bingo Chips,2,20,40,Card,Delhi
TXN101361,2025-03-17,CUST821,Snacks,Bingo Chips,4,20,80,UPI,Chennai
TXN101362,2025-03-28,CUST908,FMCG,Aashirvaad Atta,3,65,195,Card,Kolkata
TXN101363,2025-04-06,CUST292,Snacks,Bingo Chips,3,20,60,UPI,Hyderabad
TXN101364,2025-03-21,CUST853,Personal Care,Vivel Soap,4,35,140,Card,Kolkata
TXN101365,2025-06-16,CUST882,Personal Care,Vivel Soap,1,35,35,UPI,Kolkata
TXN101366,2025-01-15,CUST951,Beverages,Sunbean Coffee,1,180,180,Cash,Chennai
TXN101367,2025-01-09,CUST529,Beverages,Sunbean Coffee,3,180,540,Card,Mumbai
TXN101368,2025-01-21,CUST768,FMCG,Aashirvaad Atta,4,65,260,UPI,Hyderabad
TXN101369,2025-03-12,CUST719,Personal Care,Vivel Soap,4,35,140,UPI,Chennai
TXN101370,2025-01-04,CUST908,Beverages,Sunbean Coffee,2,180,360,Cash,Delhi
TXN101371,2025-05-01,CUST130,Personal Care,Vivel Soap,2,35,70,Cash,Delhi
TXN101372,2025-05-18,CUST623,FMCG,Aashirvaad Atta,1,65,65,UPI,Hyderabad
TXN101373,2025-01-01,CUST913,Snacks,Bingo Mad Angles,5,25,125,Cash,Hyderabad
TXN101374,2025-05-26,CUST552,Snacks,Bingo Mad Angles,5,25,125,Cash,Chennai
TXN101375,2025-05-12,CUST760,Personal Care,Savlon Handwash,2,95,190,UPI,Kolkata
TXN101376,2025-03-29,CUST818,Snacks,Bingo Chips,2,20,40,UPI,Delhi
TXN101377,2025-02-08,CUST727,Beverages,B Natural Juice,1,40,40,UPI,Mumbai
TXN101378,2025-06-22,CUST398,Beverages,B Natural Juice,2,40,80,Cash,Mumbai
TXN101379,2025-03-01,CUST404,Snacks,Bingo Mad Angles,2,25,50,Card,Chennai
TXN101380,2025-06-26,CUST649,Beverages,B Natural Juice,3,40,120,Cash,Bangalore
TXN101381,2025-01-13,CUST597,Beverages,B Natural Juice,3,40,120,UPI,Kolkata
TXN101382,2025-01-30,CUST882,FMCG,Aashirvaad Atta,1,65,65,Cash,Mumbai
TXN101383,2025-02-28,CUST457,Snacks,Bingo Chips,5,20,100,Cash,Hyderabad
TXN101384,2025-04-27,CUST690,Personal Care,Vivel Soap,1,35,35,Cash,Bangalore
TXN101385,2025-03-29,CUST160,FMCG,Aashirvaad Atta,2,65,130,Card,Delhi
TXN101386,2025-03-14,CUST513,Beverages,Sunbean Coffee,5,180,900,Cash,Mumbai
TXN101387,2025-01-13,CUST485,Beverages,B Natural Juice,2,40,80,UPI,Bangalore
TXN101388,2025-01-15,CUST594,Beverages,B Natural Juice,4,40,160,Cash,Kolkata
TXN101389,2025-03-31,CUST210,Personal Care,Savlon Sanitizer,2,70,140,Card,Kolkata
TXN101390,2025-03-28,CUST533,FMCG,Aashirvaad Atta,1,65,65,Cash,Chennai
TXN101391,2025-06-17,CUST432,Personal Care,Savlon Handwash,4,95,380,Card,Bangalore
TXN101392,2025-03-24,CUST135,Snacks,Bingo Chips,1,20,20,Cash,Chennai
TXN101393,2025-05-28,CUST153,Personal Care,Vivel Soap,5,35,175,UPI,Bangalore
TXN101394,2025-05-22,CUST542,Beverages,Sunbean Coffee,5,180,900,UPI,Mumbai
TXN101395,2025-05-25,CUST929,FMCG,Aashirvaad Atta,1,65,65,Cash,Delhi
TXN101396,2025-02-02,CUST611,Beverages,Sunbean Coffee,2,180,360,UPI,Delhi
TXN101397,2025-03-03,CUST661,Snacks,Bingo Chips,3,20,60,Card,Delhi
TXN101398,2025-04-30,CUST513,Personal Care,Savlon Sanitizer,5,70,350,UPI,Delhi
TXN101399,2025-03-13,CUST385,Snacks,Bingo Chips,1,20,20,Card,Hyderabad
TXN101400,2025-05-05,CUST479,Personal Care,Savlon Sanitizer,3,70,210,Card,Delhi
TXN101401,2025-04-29,CUST696,Snacks,Bingo Chips,2,20,40,UPI,Mumbai
TXN101402,2025-01-31,CUST343,Beverages,Sunbean Coffee,2,180,360,Cash,Chennai
TXN101403,2025-05-13,CUST386,FMCG,Aashirvaad Atta,3,65,195,UPI,Hyderabad
TXN101404,2025-02-01,CUST510,Snacks,Bingo Mad Angles,4,25,100,UPI,Bangalore
TXN101405,2025-05-30,CUST670,Personal Care,Vivel Soap,5,35,175,Cash,Bangalore
TXN101406,2025-05-09,CUST206,Snacks,Bingo Chips,5,20,100,UPI,Kolkata
TXN101407,2025-05-21,CUST784,Snacks,Bingo Chips,1,20,20,Card,Mumbai
TXN101408,2025-02-01,CUST574,Personal Care,Savlon Handwash,2,95,190,UPI,Chennai
TXN101409,2025-01-20,CUST178,Snacks,Bingo Mad Angles,4,25,100,Card,Bangalore
TXN101410,2025-01-01,CUST577,Snacks,Bingo Mad Angles,4,25,100,Card,Delhi
TXN101411,2025-05-07,CUST278,Beverages,Sunbean Coffee,4,180,720,Cash,Mumbai
TXN101412,2025-02-22,CUST993,Snacks,Bingo Chips,3,20,60,UPI,Kolkata
TXN101413,2025-05-10,CUST238,FMCG,Aashirvaad Atta,3,65,195,Card,Mumbai
TXN101414,2025-04-27,CUST523,FMCG,Aashirvaad Atta,5,65,325,Card,Chennai
TXN101415,2025-03-04,CUST483,Snacks,Bingo Chips,3,20,60,Card,Hyderabad
TXN101416,2025-03-20,CUST110,Personal Care,Savlon Sanitizer,3,70,210,Card,Hyderabad
TXN101417,2025-01-07,CUST275,Personal Care,Savlon Handwash,5,95,475,Card,Chennai
TXN101418,2025-04-01,CUST675,Personal Care,Vivel Soap,1,35,35,Card,Mumbai
TXN101419,2025-05-15,CUST984,Snacks,Bingo Chips,5,20,100,Card,Delhi
TXN101420,2025-05-15,CUST944,Snacks,Bingo Mad Angles,3,25,75,Card,Hyderabad
TXN101421,2025-03-21,CUST753,Snacks,Bingo Mad Angles,5,25,125,Cash,Mumbai
TXN101422,2025-02-16,CUST621,Snacks,Bingo Mad Angles,1,25,25,UPI,Mumbai
TXN101423,2025-01-12,CUST135,Personal Care,Savlon Handwash,3,95,285,Cash,Mumbai
TXN101424,2025-01-07,CUST399,Snacks,Bingo Mad Angles,1,25,25,Cash,Chennai
TXN101425,2025-05-11,CUST395,Personal Care,Savlon Handwash,5,95,475,Card,Kolkata
TXN101426,2025-01-21,CUST358,Personal Care,Savlon Handwash,2,95,190,Cash,Kolkata
TXN101427,2025-03-21,CUST582,FMCG,Aashirvaad Atta,1,65,65,Cash,Mumbai
TXN101428,2025-01-31,CUST265,Personal Care,Savlon Sanitizer,4,70,280,UPI,Kolkata
TXN101429,2025-06-15,CUST456,Personal Care,Vivel Soap,1,35,35,Card,Delhi
TXN101430,2025-03-17,CUST982,Snacks,Bingo Chips,2,20,40,Card,Mumbai
TXN101431,2025-02-15,CUST639,FMCG,Aashirvaad Atta,4,65,260,Card,Chennai
TXN101432,2025-01-16,CUST760,Personal Care,Vivel Soap,2,35,70,UPI,Delhi
TXN101433,2025-02-27,CUST358,Personal Care,Vivel Soap,4,35,140,Cash,Kolkata
TXN101434,2025-03-19,CUST282,Personal Care,Savlon Handwash,3,95,285,UPI,Hyderabad
TXN101435,2025-02-05,CUST682,Snacks,Bingo Mad Angles,3,25,75,Card,Mumbai
TXN101436,2025-03-21,CUST157,Personal Care,Savlon Sanitizer,5,70,350,Card,Hyderabad
TXN101437,2025-01-18,CUST203,FMCG,Aashirvaad Atta,2,65,130,UPI,Kolkata
TXN101438,2025-04-17,CUST179,Personal Care,Savlon Sanitizer,4,70,280,Card,Chennai
TXN101439,2025-03-10,CUST796,FMCG,Aashirvaad Atta,4,65,260,Cash,Delhi
TXN101440,2025-02-25,CUST569,Personal Care,Savlon Sanitizer,5,70,350,Cash,Hyderabad
TXN101441,2025-03-14,CUST273,Personal Care,Savlon Handwash,1,95,95,UPI,Chennai
TXN101442,2025-02-17,CUST452,Personal Care,Vivel Soap,3,35,105,UPI,Hyderabad
TXN101443,2025-02-07,CUST445,Personal Care,Vivel Soap,5,35,175,Card,Mumbai
TXN101444,2025-04-16,CUST228,Personal Care,Savlon Handwash,5,95,475,UPI,Chennai
TXN101445,2025-05-02,CUST837,Personal Care,Vivel Soap,5,35,175,UPI,Bangalore
TXN101446,2025-03-21,CUST290,Personal Care,Savlon Sanitizer,4,70,280,Cash,Chennai
TXN101447,2025-06-01,CUST652,Personal Care,Savlon Sanitizer,4,70,280,UPI,Hyderabad
TXN101448,2025-02-08,CUST511,Snacks,Bingo Chips,1,20,20,UPI,Mumbai
TXN101449,2025-02-23,CUST865,Beverages,B Natural Juice,3,40,120,Cash,Bangalore
TXN101450,2025-04-16,CUST697,Snacks,Bingo Mad Angles,2,25,50,UPI,Kolkata
TXN101451,2025-04-09,CUST805,Beverages,Sunbean Coffee,4,180,720,Cash,Hyderabad
TXN101452,2025-02-17,CUST977,FMCG,Aashirvaad Atta,4,65,260,UPI,Kolkata
TXN101453,2025-03-12,CUST722,Beverages,B Natural Juice,4,40,160,UPI,Hyderabad
TXN101454,2025-03-09,CUST114,Personal Care,Savlon Sanitizer,5,70,350,UPI,Chennai
TXN101455,2025-04-29,CUST465,Snacks,Bingo Chips,4,20,80,UPI,Delhi
TXN101456,2025-02-23,CUST452,Snacks,Bingo Chips,5,20,100,Cash,Delhi
TXN101457,2025-04-01,CUST838,Personal Care,Savlon Handwash,1,95,95,Card,Chennai
TXN101458,2025-03-21,CUST483,Snacks,Bingo Mad Angles,2,25,50,Card,Bangalore
TXN101459,2025-03-20,CUST521,Beverages,B Natural Juice,3,40,120,UPI,Hyderabad
TXN101460,2025-02-21,CUST346,Snacks,Bingo Chips,5,20,100,Cash,Chennai
TXN101461,2025-01-14,CUST682,Beverages,B Natural Juice,3,40,120,UPI,Chennai
TXN101462,2025-04-06,CUST677,Beverages,Sunbean Coffee,1,180,180,Cash,Delhi
TXN101463,2025-04-19,CUST848,Snacks,Bingo Mad Angles,3,25,75,Cash,Kolkata
TXN101464,2025-05-31,CUST174,Beverages,B Natural Juice,5,40,200,Cash,Hyderabad
TXN101465,2025-04-24,CUST409,Beverages,B Natural Juice,4,40,160,UPI,Bangalore
TXN101466,2025-05-03,CUST720,Personal Care,Vivel Soap,1,35,35,UPI,Kolkata
TXN101467,2025-02-05,CUST682,Snacks,Bingo Chips,3,20,60,UPI,Bangalore
TXN101468,2025-01-21,CUST336,Personal Care,Vivel Soap,2,35,70,Cash,Bangalore
TXN101469,2025-02-27,CUST103,Snacks,Bingo Mad Angles,4,25,100,Card,Chennai
TXN101470,2025-06-16,CUST199,Personal Care,Savlon Handwash,4,95,380,UPI,Bangalore
TXN101471,2025-04-06,CUST133,Personal Care,Savlon Handwash,5,95,475,Cash,Bangalore
TXN101472,2025-02-02,CUST432,Beverages,Sunbean Coffee,1,180,180,UPI,Bangalore
TXN101473,2025-06-13,CUST191,Snacks,Bingo Chips,2,20,40,Card,Chennai
TXN101474,2025-02-03,CUST359,Beverages,Sunbean Coffee,4,180,720,UPI,Hyderabad
TXN101475,2025-02-16,CUST985,Personal Care,Savlon Handwash,1,95,95,Cash,Bangalore
TXN101476,2025-05-23,CUST187,Personal Care,Savlon Sanitizer,5,70,350,Card,Chennai
TXN101477,2025-06-27,CUST655,Beverages,B Natural Juice,4,40,160,Cash,Delhi
TXN101478,2025-03-31,CUST355,FMCG,Aashirvaad Atta,2,65,130,Cash,Bangalore
TXN101479,2025-04-09,CUST177,FMCG,Aashirvaad Atta,2,65,130,Cash,Kolkata
TXN101480,2025-03-08,CUST234,Beverages,B Natural Juice,5,40,200,Card,Kolkata
TXN101481,2025-02-09,CUST373,Personal Care,Vivel Soap,3,35,105,Card,Hyderabad
TXN101482,2025-03-18,CUST490,Personal Care,Savlon Sanitizer,1,70,70,Card,Delhi
TXN101483,2025-02-01,CUST750,Snacks,Bingo Chips,4,20,80,Card,Delhi
TXN101484,2025-06-03,CUST769,Snacks,Bingo Mad Angles,3,25,75,Cash,Chennai
TXN101485,2025-01-14,CUST994,Beverages,B Natural Juice,1,40,40,Card,Chennai
TXN101486,2025-05-26,CUST298,FMCG,Aashirvaad Atta,2,65,130,Card,Kolkata
TXN101487,2025-03-13,CUST352,Snacks,Bingo Mad Angles,3,25,75,UPI,Bangalore
TXN101488,2025-02-06,CUST359,Personal Care,Savlon Sanitizer,2,70,140,Card,Hyderabad
TXN101489,2025-03-03,CUST117,Personal Care,Vivel Soap,5,35,175,Cash,Delhi
TXN101490,2025-03-28,CUST927,Snacks,Bingo Chips,3,20,60,UPI,Hyderabad
TXN101491,2025-06-07,CUST589,FMCG,Aashirvaad Atta,2,65,130,Card,Bangalore
TXN101492,2025-04-12,CUST847,Beverages,Sunbean Coffee,3,180,540,UPI,Mumbai
TXN101493,2025-04-16,CUST609,Snacks,Bingo Chips,2,20,40,Cash,Hyderabad
TXN101494,2025-05-10,CUST773,FMCG,Aashirvaad Atta,4,65,260,Cash,Delhi
TXN101495,2025-06-01,CUST605,Personal Care,Savlon Sanitizer,4,70,280,Card,Kolkata
TXN101496,2025-04-21,CUST110,Beverages,Sunbean Coffee,3,180,540,Cash,Kolkata
TXN101497,2025-06-24,CUST360,Beverages,Sunbean Coffee,4,180,720,Cash,Chennai
TXN101498,2025-06-08,CUST879,Beverages,Sunbean Coffee,3,180,540,Cash,Chennai
TXN101499,2025-04-09,CUST451,FMCG,Aashirvaad Atta,5,65,325,Card,Chennai
TXN101500,2025-05-11,CUST395,Snacks,Bingo Chips,3,20,60,UPI,Kolkata
TXN101501,2025-04-14,CUST874,Beverages,Sunbean Coffee,1,180,180,Cash,Hyderabad
TXN101502,2025-04-12,CUST679,Personal Care,Savlon Sanitizer,1,70,70,Card,Delhi
TXN101503,2025-04-05,CUST632,Personal Care,Vivel Soap,1,35,35,UPI,Bangalore
TXN101504,2025-02-16,CUST667,Personal Care,Savlon Sanitizer,4,70,280,Card,Bangalore
TXN101505,2025-04-29,CUST907,Beverages,B Natural Juice,5,40,200,Card,Delhi
TXN101506,2025-03-21,CUST375,Personal Care,Savlon Handwash,2,95,190,UPI,Bangalore
TXN101507,2025-05-01,CUST104,FMCG,Aashirvaad Atta,1,65,65,Cash,Mumbai
TXN101508,2025-03-16,CUST992,Beverages,Sunbean Coffee,1,180,180,Card,Bangalore
TXN101509,2025-05-02,CUST488,Snacks,Bingo Chips,5,20,100,UPI,Mumbai
TXN101510,2025-06-21,CUST452,Beverages,Sunbean Coffee,2,180,360,Card,Hyderabad
TXN101511,2025-05-13,CUST974,FMCG,Aashirvaad Atta,2,65,130,Card,Delhi
TXN101512,2025-06-28,CUST617,Snacks,Bingo Chips,4,20,80,UPI,Kolkata
TXN101513,2025-05-17,CUST873,Personal Care,Vivel Soap,3,35,105,Card,Kolkata
TXN101514,2025-01-04,CUST241,Personal Care,Vivel Soap,5,35,175,UPI,Chennai
TXN101515,2025-05-23,CUST166,Snacks,Bingo Chips,1,20,20,UPI,Kolkata
TXN101516,2025-06-02,CUST959,Personal Care,Savlon Handwash,1,95,95,Card,Hyderabad
TXN101517,2025-01-25,CUST339,Personal Care,Savlon Sanitizer,1,70,70,Card,Bangalore
TXN101518,2025-03-19,CUST831,Beverages,B Natural Juice,2,40,80,UPI,Hyderabad
TXN101519,2025-02-10,CUST445,Personal Care,Vivel Soap,3,35,105,Cash,Bangalore
TXN101520,2025-02-12,CUST446,Personal Care,Savlon Handwash,4,95,380,Card,Hyderabad
TXN101521,2025-05-28,CUST825,Beverages,B Natural Juice,1,40,40,Card,Delhi
TXN101522,2025-04-09,CUST821,Personal Care,Savlon Handwash,5,95,475,Card,Mumbai
TXN101523,2025-06-26,CUST956,Personal Care,Savlon Handwash,5,95,475,Cash,Bangalore
TXN101524,2025-06-17,CUST176,Beverages,B Natural Juice,2,40,80,Cash,Delhi
TXN101525,2025-03-04,CUST537,Snacks,Bingo Chips,2,20,40,UPI,Bangalore
TXN101526,2025-02-04,CUST357,Beverages,Sunbean Coffee,1,180,180,Cash,Mumbai
TXN101527,2025-01-02,CUST532,Snacks,Bingo Mad Angles,3,25,75,UPI,Bangalore
TXN101528,2025-06-11,CUST705,Personal Care,Savlon Sanitizer,3,70,210,Card,Chennai
TXN101529,2025-01-25,CUST536,FMCG,Aashirvaad Atta,2,65,130,Cash,Delhi
TXN101530,2025-05-06,CUST380,Beverages,Sunbean Coffee,3,180,540,UPI,Mumbai
TXN101531,2025-06-15,CUST373,FMCG,Aashirvaad Atta,2,65,130,Cash,Hyderabad
TXN101532,2025-06-11,CUST901,Personal Care,Savlon Handwash,1,95,95,Card,Hyderabad
TXN101533,2025-06-01,CUST348,Snacks,Bingo Mad Angles,4,25,100,UPI,Kolkata
TXN101534,2025-06-29,CUST841,Personal Care,Savlon Handwash,3,95,285,Cash,Delhi
TXN101535,2025-02-18,CUST704,Personal Care,Savlon Sanitizer,2,70,140,UPI,Mumbai
TXN101536,2025-04-12,CUST566,Beverages,Sunbean Coffee,2,180,360,Card,Delhi
TXN101537,2025-05-27,CUST725,Snacks,Bingo Chips,3,20,60,UPI,Hyderabad
TXN101538,2025-01-28,CUST708,Personal Care,Savlon Sanitizer,1,70,70,Cash,Delhi
TXN101539,2025-01-02,CUST200,FMCG,Aashirvaad Atta,1,65,65,UPI,Chennai
TXN101540,2025-02-14,CUST654,Snacks,Bingo Chips,1,20,20,UPI,Hyderabad
TXN101541,2025-01-01,CUST375,Beverages,B Natural Juice,3,40,120,Cash,Mumbai
TXN101542,2025-05-27,CUST397,Snacks,Bingo Chips,5,20,100,UPI,Hyderabad
TXN101543,2025-02-28,CUST393,Snacks,Bingo Chips,1,20,20,Card,Bangalore
TXN101544,2025-03-14,CUST371,Personal Care,Vivel Soap,5,35,175,Cash,Hyderabad
TXN101545,2025-03-24,CUST111,Personal Care,Savlon Handwash,5,95,475,UPI,Bangalore
TXN101546,2025-06-05,CUST947,FMCG,Aashirvaad Atta,5,65,325,UPI,Chennai
TXN101547,2025-04-25,CUST118,Personal Care,Vivel Soap,2,35,70,Card,Kolkata
TXN101548,2025-01-15,CUST383,Beverages,B Natural Juice,1,40,40,Card,Kolkata
TXN101549,2025-03-12,CUST994,Beverages,B Natural Juice,4,40,160,UPI,Bangalore
TXN101550,2025-03-23,CUST603,Beverages,Sunbean Coffee,4,180,720,Cash,Hyderabad
TXN101551,2025-05-25,CUST513,Personal Care,Vivel Soap,3,35,105,Card,Kolkata
TXN101552,2025-01-23,CUST761,FMCG,Aashirvaad Atta,2,65,130,Card,Kolkata
TXN101553,2025-05-22,CUST862,Personal Care,Savlon Handwash,3,95,285,Card,Chennai
TXN101554,2025-04-16,CUST265,Personal Care,Savlon Handwash,3,95,285,UPI,Chennai
TXN101555,2025-04-21,CUST678,Personal Care,Savlon Handwash,3,95,285,UPI,Bangalore
TXN101556,2025-06-11,CUST578,Personal Care,Vivel Soap,1,35,35,Card,Mumbai
TXN101557,2025-05-05,CUST965,Personal Care,Vivel Soap,2,35,70,Cash,Chennai
TXN101558,2025-03-07,CUST615,Personal Care,Savlon Handwash,4,95,380,UPI,Delhi
TXN101559,2025-03-29,CUST887,Snacks,Bingo Mad Angles,1,25,25,Cash,Delhi
TXN101560,2025-01-01,CUST866,Personal Care,Savlon Handwash,2,95,190,Cash,Hyderabad
TXN101561,2025-05-06,CUST439,Snacks,Bingo Mad Angles,2,25,50,Card,Bangalore
TXN101562,2025-02-02,CUST905,Beverages,Sunbean Coffee,1,180,180,Cash,Kolkata
TXN101563,2025-06-29,CUST809,Personal Care,Savlon Sanitizer,2,70,140,UPI,Mumbai
TXN101564,2025-02-25,CUST791,Personal Care,Savlon Handwash,1,95,95,Cash,Bangalore
TXN101565,2025-02-23,CUST114,Personal Care,Savlon Handwash,5,95,475,Cash,Chennai
TXN101566,2025-03-13,CUST375,FMCG,Aashirvaad Atta,2,65,130,Card,Delhi
TXN101567,2025-01-18,CUST672,Beverages,B Natural Juice,2,40,80,UPI,Delhi
TXN101568,2025-06-16,CUST853,FMCG,Aashirvaad Atta,5,65,325,Cash,Mumbai
TXN101569,2025-05-01,CUST675,Personal Care,Savlon Sanitizer,4,70,280,UPI,Mumbai
TXN101570,2025-06-10,CUST979,Snacks,Bingo Chips,4,20,80,Cash,Kolkata
TXN101571,2025-02-09,CUST720,Beverages,Sunbean Coffee,5,180,900,Cash,Kolkata
TXN101572,2025-02-02,CUST856,Personal Care,Vivel Soap,1,35,35,UPI,Chennai
TXN101573,2025-02-18,CUST878,Snacks,Bingo Chips,1,20,20,Cash,Chennai
TXN101574,2025-05-16,CUST342,Personal Care,Vivel Soap,3,35,105,Card,Chennai
TXN101575,2025-06-10,CUST295,Personal Care,Vivel Soap,5,35,175,Card,Delhi
TXN101576,2025-01-02,CUST493,Personal Care,Savlon Handwash,5,95,475,Cash,Mumbai
TXN101577,2025-01-17,CUST925,Personal Care,Savlon Sanitizer,5,70,350,Cash,Hyderabad
TXN101578,2025-03-12,CUST517,Snacks,Bingo Chips,2,20,40,UPI,Delhi
TXN101579,2025-06-30,CUST160,Personal Care,Vivel Soap,1,35,35,UPI,Kolkata
TXN101580,2025-02-13,CUST652,Personal Care,Savlon Handwash,1,95,95,Card,Kolkata
TXN101581,2025-01-01,CUST524,Beverages,B Natural Juice,3,40,120,Card,Kolkata
TXN101582,2025-03-26,CUST431,Beverages,B Natural Juice,3,40,120,Cash,Bangalore
TXN101583,2025-04-02,CUST566,Personal Care,Savlon Sanitizer,5,70,350,Card,Mumbai
TXN101584,2025-05-28,CUST577,Beverages,Sunbean Coffee,2,180,360,Card,Bangalore
TXN101585,2025-02-01,CUST357,Beverages,Sunbean Coffee,5,180,900,Cash,Mumbai
TXN101586,2025-05-22,CUST178,Snacks,Bingo Chips,3,20,60,Card,Delhi
TXN101587,2025-02-06,CUST956,FMCG,Aashirvaad Atta,5,65,325,Card,Chennai
TXN101588,2025-01-11,CUST181,Personal Care,Vivel Soap,5,35,175,UPI,Delhi
TXN101589,2025-04-19,CUST783,Personal Care,Savlon Sanitizer,2,70,140,UPI,Delhi
TXN101590,2025-03-04,CUST646,Snacks,Bingo Chips,3,20,60,UPI,Kolkata
TXN101591,2025-03-21,CUST239,FMCG,Aashirvaad Atta,4,65,260,Card,Bangalore
TXN101592,2025-02-10,CUST935,Personal Care,Savlon Sanitizer,3,70,210,Card,Hyderabad
TXN101593,2025-05-03,CUST956,Beverages,Sunbean Coffee,2,180,360,UPI,Bangalore
TXN101594,2025-03-15,CUST424,Beverages,Sunbean Coffee,2,180,360,Cash,Hyderabad
TXN101595,2025-06-17,CUST908,Beverages,B Natural Juice,3,40,120,Cash,Bangalore
TXN101596,2025-01-22,CUST187,Beverages,B Natural Juice,3,40,120,Cash,Mumbai
TXN101597,2025-03-02,CUST619,Personal Care,Vivel Soap,1,35,35,UPI,Chennai
TXN101598,2025-06-09,CUST519,Beverages,Sunbean Coffee,3,180,540,UPI,Hyderabad
TXN101599,2025-04-30,CUST309,Snacks,Bingo Chips,1,20,20,Card,Delhi
TXN101600,2025-06-03,CUST439,Personal Care,Savlon Sanitizer,2,70,140,UPI,Mumbai
TXN101601,2025-01-03,CUST538,Snacks,Bingo Chips,4,20,80,Card,Chennai
TXN101602,2025-05-24,CUST698,Personal Care,Savlon Handwash,2,95,190,Card,Bangalore
TXN101603,2025-01-11,CUST467,Personal Care,Savlon Sanitizer,1,70,70,Cash,Bangalore
TXN101604,2025-04-25,CUST113,Personal Care,Vivel Soap,2,35,70,UPI,Mumbai
TXN101605,2025-03-24,CUST548,Snacks,Bingo Mad Angles,5,25,125,Card,Mumbai
TXN101606,2025-05-12,CUST702,Beverages,Sunbean Coffee,3,180,540,Cash,Hyderabad
TXN101607,2025-04-09,CUST483,FMCG,Aashirvaad Atta,3,65,195,UPI,Kolkata
TXN101608,2025-06-26,CUST900,Personal Care,Vivel Soap,2,35,70,Card,Hyderabad
TXN101609,2025-05-28,CUST810,Snacks,Bingo Mad Angles,5,25,125,UPI,Kolkata
TXN101610,2025-04-16,CUST908,Personal Care,Vivel Soap,3,35,105,UPI,Kolkata
TXN101611,2025-01-29,CUST763,Personal Care,Savlon Handwash,3,95,285,Card,Mumbai
TXN101612,2025-02-24,CUST515,Personal Care,Savlon Handwash,5,95,475,UPI,Chennai
TXN101613,2025-05-12,CUST931,Beverages,B Natural Juice,4,40,160,UPI,Delhi
TXN101614,2025-05-12,CUST961,Personal Care,Savlon Sanitizer,4,70,280,UPI,Hyderabad
TXN101615,2025-01-01,CUST339,Beverages,B Natural Juice,1,40,40,Card,Kolkata
TXN101616,2025-03-26,CUST566,Beverages,B Natural Juice,2,40,80,UPI,Delhi
TXN101617,2025-06-19,CUST485,Beverages,Sunbean Coffee,2,180,360,Card,Mumbai
TXN101618,2025-01-09,CUST975,Beverages,B Natural Juice,4,40,160,UPI,Kolkata
TXN101619,2025-03-09,CUST643,Snacks,Bingo Chips,3,20,60,Cash,Delhi
TXN101620,2025-06-14,CUST464,Snacks,Bingo Mad Angles,4,25,100,Card,Mumbai
TXN101621,2025-01-15,CUST194,Personal Care,Vivel Soap,1,35,35,Card,Hyderabad
TXN101622,2025-04-24,CUST746,Personal Care,Savlon Sanitizer,4,70,280,Cash,Hyderabad
TXN101623,2025-01-13,CUST596,Snacks,Bingo Mad Angles,3,25,75,Cash,Chennai
TXN101624,2025-06-04,CUST923,Personal Care,Savlon Sanitizer,4,70,280,Card,Kolkata
TXN101625,2025-03-17,CUST475,Beverages,B Natural Juice,5,40,200,Cash,Chennai
TXN101626,2025-05-14,CUST361,Snacks,Bingo Mad Angles,2,25,50,UPI,Chennai
TXN101627,2025-03-14,CUST556,Personal Care,Savlon Sanitizer,2,70,140,Card,Chennai
TXN101628,2025-02-11,CUST408,Personal Care,Vivel Soap,3,35,105,Cash,Bangalore
TXN101629,2025-03-12,CUST138,Snacks,Bingo Chips,4,20,80,Card,Mumbai
TXN101630,2025-05-14,CUST189,Snacks,Bingo Mad Angles,2,25,50,Cash,Hyderabad
TXN101631,2025-01-08,CUST612,FMCG,Aashirvaad Atta,3,65,195,Card,Chennai
TXN101632,2025-06-21,CUST417,Snacks,Bingo Chips,2,20,40,UPI,Chennai
TXN101633,2025-05-03,CUST223,Beverages,B Natural Juice,4,40,160,UPI,Kolkata
TXN101634,2025-05-25,CUST238,Snacks,Bingo Chips,1,20,20,Cash,Delhi
TXN101635,2025-04-13,CUST463,Personal Care,Vivel Soap,2,35,70,UPI,Delhi
TXN101636,2025-05-09,CUST692,Personal Care,Vivel Soap,5,35,175,Cash,Kolkata
TXN101637,2025-04-09,CUST789,Snacks,Bingo Chips,5,20,100,Cash,Kolkata
TXN101638,2025-03-04,CUST205,FMCG,Aashirvaad Atta,5,65,325,UPI,Chennai
TXN101639,2025-06-11,CUST102,FMCG,Aashirvaad Atta,1,65,65,Cash,Kolkata
TXN101640,2025-04-01,CUST470,Personal Care,Vivel Soap,1,35,35,Card,Hyderabad
TXN101641,2025-01-18,CUST174,Snacks,Bingo Chips,3,20,60,UPI,Hyderabad
TXN101642,2025-01-25,CUST338,Beverages,Sunbean Coffee,5,180,900,Card,Mumbai
TXN101643,2025-04-29,CUST385,Snacks,Bingo Chips,5,20,100,Cash,Kolkata
TXN101644,2025-05-25,CUST675,Personal Care,Vivel Soap,4,35,140,Card,Kolkata
TXN101645,2025-03-25,CUST915,FMCG,Aashirvaad Atta,5,65,325,Card,Bangalore
TXN101646,2025-03-08,CUST560,Personal Care,Savlon Sanitizer,5,70,350,Card,Chennai
TXN101647,2025-02-18,CUST364,Personal Care,Savlon Sanitizer,2,70,140,Cash,Delhi
TXN101648,2025-01-15,CUST286,FMCG,Aashirvaad Atta,4,65,260,UPI,Bangalore
TXN101649,2025-01-20,CUST928,Personal Care,Savlon Sanitizer,4,70,280,UPI,Hyderabad
TXN101650,2025-05-29,CUST789,Personal Care,Savlon Sanitizer,1,70,70,UPI,Mumbai
TXN101651,2025-06-18,CUST318,Beverages,B Natural Juice,2,40,80,Cash,Bangalore
TXN101652,2025-06-15,CUST569,Personal Care,Savlon Sanitizer,1,70,70,UPI,Hyderabad
TXN101653,2025-02-05,CUST913,FMCG,Aashirvaad Atta,3,65,195,Card,Mumbai
TXN101654,2025-02-13,CUST194,Personal Care,Vivel Soap,5,35,175,Cash,Mumbai
TXN101655,2025-06-30,CUST919,Snacks,Bingo Chips,5,20,100,Cash,Mumbai
TXN101656,2025-01-02,CUST251,Snacks,Bingo Chips,1,20,20,UPI,Hyderabad
TXN101657,2025-02-16,CUST712,Snacks,Bingo Chips,5,20,100,UPI,Delhi
TXN101658,2025-03-05,CUST418,Personal Care,Vivel Soap,3,35,105,Card,Hyderabad
TXN101659,2025-04-12,CUST920,FMCG,Aashirvaad Atta,4,65,260,Cash,Kolkata
TXN101660,2025-02-27,CUST207,Beverages,B Natural Juice,2,40,80,UPI,Delhi
TXN101661,2025-02-11,CUST357,Personal Care,Savlon Handwash,4,95,380,Cash,Mumbai
TXN101662,2025-05-24,CUST888,Snacks,Bingo Mad Angles,4,25,100,Cash,Delhi
TXN101663,2025-06-24,CUST825,Beverages,Sunbean Coffee,5,180,900,UPI,Delhi
TXN101664,2025-02-17,CUST904,Personal Care,Savlon Sanitizer,3,70,210,UPI,Hyderabad
TXN101665,2025-01-11,CUST583,Beverages,B Natural Juice,1,40,40,Cash,Kolkata
TXN101666,2025-05-25,CUST112,Personal Care,Savlon Handwash,3,95,285,UPI,Kolkata
TXN101667,2025-06-20,CUST752,Personal Care,Savlon Handwash,4,95,380,Card,Chennai
TXN101668,2025-02-02,CUST768,Personal Care,Savlon Handwash,2,95,190,Cash,Bangalore
TXN101669,2025-03-15,CUST140,Personal Care,Vivel Soap,5,35,175,UPI,Mumbai
TXN101670,2025-05-26,CUST694,Snacks,Bingo Mad Angles,5,25,125,UPI,Delhi
TXN101671,2025-04-26,CUST540,Beverages,Sunbean Coffee,1,180,180,Cash,Chennai
TXN101672,2025-05-28,CUST362,Personal Care,Savlon Handwash,1,95,95,Card,Chennai
TXN101673,2025-06-02,CUST166,Personal Care,Savlon Handwash,5,95,475,Cash,Kolkata
TXN101674,2025-02-23,CUST331,Beverages,B Natural Juice,1,40,40,Cash,Hyderabad
TXN101675,2025-02-19,CUST720,Personal Care,Vivel Soap,5,35,175,UPI,Chennai
TXN101676,2025-05-31,CUST341,FMCG,Aashirvaad Atta,4,65,260,Cash,Delhi
TXN101677,2025-04-27,CUST529,FMCG,Aashirvaad Atta,2,65,130,Card,Hyderabad
TXN101678,2025-04-02,CUST398,Snacks,Bingo Chips,3,20,60,Cash,Hyderabad
TXN101679,2025-04-01,CUST472,Snacks,Bingo Chips,4,20,80,Cash,Kolkata
TXN101680,2025-06-28,CUST699,Snacks,Bingo Mad Angles,1,25,25,Cash,Hyderabad
TXN101681,2025-06-19,CUST997,Snacks,Bingo Mad Angles,3,25,75,Card,Bangalore
TXN101682,2025-03-15,CUST859,Personal Care,Vivel Soap,4,35,140,Card,Hyderabad
TXN101683,2025-03-29,CUST285,Personal Care,Savlon Handwash,1,95,95,Card,Chennai
TXN101684,2025-06-21,CUST500,Personal Care,Savlon Handwash,1,95,95,Card,Kolkata
TXN101685,2025-05-03,CUST804,Beverages,Sunbean Coffee,1,180,180,UPI,Kolkata
TXN101686,2025-02-15,CUST740,Personal Care,Vivel Soap,5,35,175,Card,Mumbai
TXN101687,2025-03-19,CUST141,Personal Care,Savlon Sanitizer,3,70,210,Cash,Chennai
TXN101688,2025-06-10,CUST991,Snacks,Bingo Chips,4,20,80,Card,Kolkata
TXN101689,2025-02-03,CUST990,Beverages,Sunbean Coffee,2,180,360,Card,Delhi
TXN101690,2025-01-15,CUST342,Personal Care,Savlon Sanitizer,5,70,350,UPI,Chennai
TXN101691,2025-06-09,CUST990,Snacks,Bingo Mad Angles,5,25,125,UPI,Chennai
TXN101692,2025-04-28,CUST620,Snacks,Bingo Mad Angles,2,25,50,UPI,Chennai
TXN101693,2025-03-25,CUST412,Personal Care,Savlon Sanitizer,2,70,140,Cash,Kolkata
TXN101694,2025-02-21,CUST441,Personal Care,Savlon Sanitizer,2,70,140,Card,Mumbai
TXN101695,2025-06-10,CUST692,Snacks,Bingo Chips,3,20,60,UPI,Delhi
TXN101696,2025-06-06,CUST480,Beverages,Sunbean Coffee,3,180,540,UPI,Bangalore
TXN101697,2025-05-13,CUST556,Personal Care,Savlon Handwash,4,95,380,Card,Hyderabad
TXN101698,2025-04-01,CUST622,Beverages,Sunbean Coffee,5,180,900,Card,Bangalore
TXN101699,2025-01-01,CUST342,Beverages,B Natural Juice,2,40,80,Cash,Mumbai
TXN101700,2025-03-28,CUST452,Snacks,Bingo Mad Angles,2,25,50,Cash,Hyderabad
TXN101701,2025-01-22,CUST101,Personal Care,Savlon Handwash,3,95,285,UPI,Kolkata
TXN101702,2025-04-18,CUST599,Personal Care,Vivel Soap,4,35,140,Card,Delhi
TXN101703,2025-05-06,CUST862,Personal Care,Vivel Soap,1,35,35,UPI,Kolkata
TXN101704,2025-05-19,CUST668,Snacks,Bingo Chips,2,20,40,UPI,Hyderabad
TXN101705,2025-03-23,CUST139,Personal Care,Savlon Sanitizer,4,70,280,Cash,Hyderabad
TXN101706,2025-02-20,CUST366,Personal Care,Savlon Handwash,4,95,380,UPI,Hyderabad
TXN101707,2025-03-24,CUST681,FMCG,Aashirvaad Atta,3,65,195,UPI,Kolkata
TXN101708,2025-02-07,CUST654,Snacks,Bingo Chips,5,20,100,Card,Delhi
TXN101709,2025-05-29,CUST985,Personal Care,Savlon Sanitizer,3,70,210,Card,Chennai
TXN101710,2025-03-06,CUST474,Snacks,Bingo Mad Angles,4,25,100,Card,Kolkata
TXN101711,2025-01-19,CUST337,Beverages,B Natural Juice,3,40,120,Cash,Hyderabad
TXN101712,2025-05-13,CUST664,FMCG,Aashirvaad Atta,3,65,195,Card,Chennai
TXN101713,2025-06-12,CUST620,FMCG,Aashirvaad Atta,3,65,195,Cash,Kolkata
TXN101714,2025-05-31,CUST286,Personal Care,Savlon Sanitizer,3,70,210,Card,Delhi
TXN101715,2025-03-07,CUST695,Personal Care,Savlon Handwash,2,95,190,Card,Delhi
TXN101716,2025-06-11,CUST197,Beverages,Sunbean Coffee,4,180,720,UPI,Hyderabad
TXN101717,2025-04-30,CUST118,Personal Care,Savlon Sanitizer,2,70,140,Cash,Chennai
TXN101718,2025-01-02,CUST729,Beverages,B Natural Juice,4,40,160,Card,Hyderabad
TXN101719,2025-05-23,CUST463,Personal Care,Savlon Handwash,3,95,285,Card,Delhi
TXN101720,2025-01-08,CUST799,Personal Care,Savlon Handwash,2,95,190,UPI,Chennai
TXN101721,2025-03-11,CUST608,Personal Care,Savlon Sanitizer,4,70,280,Card,Chennai
TXN101722,2025-05-13,CUST906,Beverages,Sunbean Coffee,1,180,180,Cash,Chennai
TXN101723,2025-02-25,CUST515,Personal Care,Vivel Soap,4,35,140,Cash,Mumbai
TXN101724,2025-02-26,CUST837,Snacks,Bingo Chips,4,20,80,Card,Delhi
TXN101725,2025-06-23,CUST910,FMCG,Aashirvaad Atta,4,65,260,UPI,Bangalore
TXN101726,2025-01-16,CUST228,Beverages,Sunbean Coffee,2,180,360,Cash,Bangalore
TXN101727,2025-03-27,CUST723,Beverages,Sunbean Coffee,4,180,720,Cash,Chennai
TXN101728,2025-05-09,CUST313,Beverages,Sunbean Coffee,5,180,900,UPI,Mumbai
TXN101729,2025-03-30,CUST568,Personal Care,Savlon Handwash,2,95,190,UPI,Mumbai
TXN101730,2025-04-15,CUST136,Personal Care,Savlon Sanitizer,5,70,350,Card,Hyderabad
TXN101731,2025-03-22,CUST931,Beverages,B Natural Juice,4,40,160,Cash,Mumbai
TXN101732,2025-01-25,CUST172,Personal Care,Savlon Sanitizer,4,70,280,Cash,Kolkata
TXN101733,2025-02-11,CUST442,Personal Care,Savlon Handwash,5,95,475,Card,Hyderabad
TXN101734,2025-01-30,CUST354,Personal Care,Vivel Soap,2,35,70,Cash,Kolkata
TXN101735,2025-05-23,CUST509,FMCG,Aashirvaad Atta,3,65,195,Cash,Mumbai
TXN101736,2025-06-28,CUST725,Personal Care,Vivel Soap,2,35,70,UPI,Bangalore
TXN101737,2025-06-11,CUST552,Snacks,Bingo Chips,1,20,20,Card,Mumbai
TXN101738,2025-04-08,CUST505,Snacks,Bingo Mad Angles,2,25,50,UPI,Kolkata
TXN101739,2025-03-31,CUST749,FMCG,Aashirvaad Atta,1,65,65,Cash,Hyderabad
TXN101740,2025-06-17,CUST189,Personal Care,Savlon Handwash,3,95,285,Cash,Hyderabad
TXN101741,2025-06-24,CUST476,Personal Care,Vivel Soap,4,35,140,Card,Hyderabad
TXN101742,2025-05-12,CUST936,FMCG,Aashirvaad Atta,3,65,195,Cash,Delhi
TXN101743,2025-02-07,CUST259,Personal Care,Savlon Sanitizer,2,70,140,Cash,Mumbai
TXN101744,2025-05-19,CUST831,FMCG,Aashirvaad Atta,1,65,65,UPI,Bangalore
TXN101745,2025-04-25,CUST893,Snacks,Bingo Mad Angles,4,25,100,Card,Mumbai
TXN101746,2025-02-13,CUST352,Personal Care,Vivel Soap,4,35,140,Card,Bangalore
TXN101747,2025-04-24,CUST531,Beverages,Sunbean Coffee,4,180,720,UPI,Mumbai
TXN101748,2025-06-19,CUST119,Snacks,Bingo Mad Angles,5,25,125,Cash,Hyderabad
TXN101749,2025-04-06,CUST928,Personal Care,Savlon Sanitizer,4,70,280,Card,Chennai
TXN101750,2025-05-21,CUST926,Personal Care,Vivel Soap,4,35,140,Cash,Hyderabad
TXN101751,2025-03-21,CUST388,Snacks,Bingo Chips,2,20,40,Card,Bangalore
TXN101752,2025-06-28,CUST139,Beverages,Sunbean Coffee,1,180,180,Card,Delhi
TXN101753,2025-04-13,CUST336,Personal Care,Savlon Handwash,1,95,95,UPI,Bangalore
TXN101754,2025-05-21,CUST933,Personal Care,Savlon Handwash,4,95,380,UPI,Kolkata
TXN101755,2025-06-14,CUST859,Snacks,Bingo Mad Angles,2,25,50,Cash,Hyderabad
TXN101756,2025-04-03,CUST298,Snacks,Bingo Chips,1,20,20,UPI,Mumbai
TXN101757,2025-03-23,CUST454,Beverages,B Natural Juice,3,40,120,Cash,Mumbai
TXN101758,2025-06-24,CUST212,Personal Care,Savlon Handwash,4,95,380,UPI,Bangalore
TXN101759,2025-01-04,CUST140,Personal Care,Savlon Handwash,5,95,475,Cash,Kolkata
TXN101760,2025-06-05,CUST423,Snacks,Bingo Chips,1,20,20,UPI,Bangalore
TXN101761,2025-04-01,CUST405,FMCG,Aashirvaad Atta,2,65,130,Cash,Delhi
TXN101762,2025-04-19,CUST646,Personal Care,Savlon Sanitizer,3,70,210,Cash,Delhi
TXN101763,2025-03-30,CUST406,Snacks,Bingo Mad Angles,3,25,75,Card,Bangalore
TXN101764,2025-01-16,CUST923,FMCG,Aashirvaad Atta,1,65,65,Card,Delhi
TXN101765,2025-06-09,CUST913,FMCG,Aashirvaad Atta,2,65,130,Card,Hyderabad
TXN101766,2025-05-19,CUST701,Snacks,Bingo Chips,5,20,100,UPI,Chennai
TXN101767,2025-03-03,CUST304,Beverages,B Natural Juice,2,40,80,UPI,Hyderabad
TXN101768,2025-04-29,CUST776,Personal Care,Vivel Soap,5,35,175,UPI,Chennai
TXN101769,2025-01-15,CUST215,Beverages,B Natural Juice,4,40,160,UPI,Hyderabad
TXN101770,2025-06-01,CUST854,Personal Care,Savlon Handwash,4,95,380,Cash,Delhi
TXN101771,2025-03-04,CUST972,Beverages,B Natural Juice,5,40,200,Cash,Chennai
TXN101772,2025-04-09,CUST224,Personal Care,Savlon Sanitizer,3,70,210,Cash,Kolkata
TXN101773,2025-03-20,CUST440,Personal Care,Savlon Handwash,1,95,95,Card,Delhi
TXN101774,2025-06-09,CUST945,Personal Care,Savlon Handwash,1,95,95,Card,Kolkata
TXN101775,2025-05-02,CUST790,Beverages,Sunbean Coffee,2,180,360,Cash,Mumbai
TXN101776,2025-06-12,CUST415,Personal Care,Savlon Handwash,3,95,285,Cash,Mumbai
TXN101777,2025-04-15,CUST664,Personal Care,Savlon Handwash,5,95,475,Card,Chennai
TXN101778,2025-02-11,CUST110,Beverages,Sunbean Coffee,5,180,900,UPI,Chennai
TXN101779,2025-02-08,CUST849,Beverages,Sunbean Coffee,3,180,540,Cash,Delhi
TXN101780,2025-01-22,CUST145,Snacks,Bingo Chips,5,20,100,UPI,Mumbai
TXN101781,2025-02-11,CUST560,Personal Care,Vivel Soap,5,35,175,Cash,Mumbai
TXN101782,2025-03-21,CUST803,Personal Care,Savlon Handwash,5,95,475,Card,Hyderabad
TXN101783,2025-02-24,CUST797,Beverages,B Natural Juice,5,40,200,UPI,Bangalore
TXN101784,2025-01-19,CUST367,Snacks,Bingo Chips,5,20,100,Card,Delhi
TXN101785,2025-01-30,CUST805,Beverages,Sunbean Coffee,3,180,540,Card,Chennai
TXN101786,2025-01-26,CUST187,Personal Care,Savlon Sanitizer,2,70,140,UPI,Kolkata
TXN101787,2025-04-18,CUST285,Snacks,Bingo Chips,5,20,100,Card,Chennai
TXN101788,2025-06-10,CUST269,Beverages,Sunbean Coffee,5,180,900,Cash,Chennai
TXN101789,2025-06-25,CUST895,Beverages,B Natural Juice,2,40,80,Cash,Kolkata
TXN101790,2025-02-14,CUST305,Snacks,Bingo Mad Angles,4,25,100,Cash,Chennai
TXN101791,2025-04-03,CUST663,Personal Care,Savlon Handwash,1,95,95,Card,Bangalore
TXN101792,2025-06-28,CUST699,Personal Care,Vivel Soap,2,35,70,Cash,Bangalore
TXN101793,2025-06-26,CUST278,Snacks,Bingo Mad Angles,1,25,25,Cash,Hyderabad
TXN101794,2025-05-18,CUST800,Personal Care,Savlon Handwash,4,95,380,Card,Kolkata
TXN101795,2025-06-09,CUST878,Beverages,Sunbean Coffee,2,180,360,Card,Chennai
TXN101796,2025-01-26,CUST162,Beverages,B Natural Juice,2,40,80,Cash,Bangalore
TXN101797,2025-04-03,CUST411,Personal Care,Vivel Soap,4,35,140,Card,Bangalore
TXN101798,2025-01-03,CUST948,Beverages,Sunbean Coffee,5,180,900,Cash,Chennai
TXN101799,2025-06-13,CUST212,Personal Care,Savlon Sanitizer,4,70,280,UPI,Chennai
TXN101800,2025-06-11,CUST577,FMCG,Aashirvaad Atta,3,65,195,Card,Bangalore
TXN101801,2025-03-26,CUST822,Snacks,Bingo Mad Angles,2,25,50,Cash,Delhi
TXN101802,2025-03-29,CUST132,Snacks,Bingo Mad Angles,3,25,75,Cash,Chennai
TXN101803,2025-06-08,CUST667,Personal Care,Savlon Sanitizer,4,70,280,Card,Kolkata
TXN101804,2025-06-07,CUST103,Personal Care,Savlon Sanitizer,2,70,140,UPI,Bangalore
TXN101805,2025-04-17,CUST352,Personal Care,Savlon Handwash,3,95,285,UPI,Mumbai
TXN101806,2025-01-27,CUST328,Personal Care,Vivel Soap,4,35,140,Cash,Bangalore
TXN101807,2025-05-15,CUST442,Snacks,Bingo Chips,1,20,20,Cash,Kolkata
TXN101808,2025-03-06,CUST375,Beverages,B Natural Juice,5,40,200,Cash,Hyderabad
TXN101809,2025-01-24,CUST775,Personal Care,Vivel Soap,3,35,105,UPI,Chennai
TXN101810,2025-05-17,CUST141,Beverages,B Natural Juice,3,40,120,Cash,Bangalore
TXN101811,2025-04-29,CUST446,Snacks,Bingo Chips,5,20,100,Cash,Hyderabad
TXN101812,2025-05-04,CUST220,Personal Care,Vivel Soap,3,35,105,Cash,Mumbai
TXN101813,2025-01-28,CUST770,Beverages,B Natural Juice,4,40,160,Cash,Bangalore
TXN101814,2025-02-14,CUST632,Beverages,B Natural Juice,5,40,200,Cash,Hyderabad
TXN101815,2025-05-19,CUST292,Beverages,B Natural Juice,4,40,160,UPI,Chennai
TXN101816,2025-05-21,CUST482,Personal Care,Vivel Soap,1,35,35,Cash,Chennai
TXN101817,2025-02-06,CUST571,Personal Care,Savlon Handwash,1,95,95,Cash,Mumbai
TXN101818,2025-01-04,CUST510,Personal Care,Savlon Handwash,4,95,380,UPI,Hyderabad
TXN101819,2025-04-11,CUST483,Personal Care,Vivel Soap,3,35,105,UPI,Delhi
TXN101820,2025-06-25,CUST855,Beverages,B Natural Juice,2,40,80,Card,Delhi
TXN101821,2025-03-04,CUST876,Snacks,Bingo Chips,5,20,100,UPI,Chennai
TXN101822,2025-01-10,CUST149,Personal Care,Savlon Sanitizer,3,70,210,Card,Delhi
TXN101823,2025-02-26,CUST685,Beverages,B Natural Juice,5,40,200,UPI,Kolkata
TXN101824,2025-01-12,CUST963,FMCG,Aashirvaad Atta,2,65,130,Card,Kolkata
TXN101825,2025-06-04,CUST935,Snacks,Bingo Chips,3,20,60,Cash,Hyderabad
TXN101826,2025-02-22,CUST235,Beverages,B Natural Juice,2,40,80,UPI,Mumbai
TXN101827,2025-03-02,CUST957,Snacks,Bingo Mad Angles,1,25,25,Card,Hyderabad
TXN101828,2025-03-07,CUST594,Personal Care,Vivel Soap,2,35,70,UPI,Chennai
TXN101829,2025-01-24,CUST244,Personal Care,Savlon Handwash,2,95,190,Cash,Delhi
TXN101830,2025-06-19,CUST532,Beverages,Sunbean Coffee,2,180,360,UPI,Hyderabad
TXN101831,2025-06-04,CUST136,Beverages,Sunbean Coffee,2,180,360,UPI,Bangalore
TXN101832,2025-01-18,CUST964,Personal Care,Savlon Handwash,3,95,285,Cash,Delhi
TXN101833,2025-02-16,CUST939,Personal Care,Savlon Handwash,3,95,285,Cash,Mumbai
TXN101834,2025-05-05,CUST729,Snacks,Bingo Mad Angles,4,25,100,Card,Mumbai
TXN101835,2025-03-22,CUST774,Personal Care,Savlon Handwash,4,95,380,Cash,Mumbai
TXN101836,2025-01-05,CUST866,Beverages,Sunbean Coffee,4,180,720,Cash,Kolkata
TXN101837,2025-04-21,CUST738,Snacks,Bingo Chips,4,20,80,Cash,Kolkata
TXN101838,2025-06-20,CUST301,Personal Care,Savlon Sanitizer,3,70,210,UPI,Delhi
TXN101839,2025-01-12,CUST938,Beverages,B Natural Juice,1,40,40,UPI,Mumbai
TXN101840,2025-05-27,CUST111,Beverages,Sunbean Coffee,4,180,720,UPI,Hyderabad
TXN101841,2025-04-22,CUST302,FMCG,Aashirvaad Atta,5,65,325,UPI,Bangalore
TXN101842,2025-04-30,CUST348,Personal Care,Vivel Soap,2,35,70,UPI,Delhi
TXN101843,2025-05-05,CUST554,Snacks,Bingo Chips,4,20,80,UPI,Hyderabad
TXN101844,2025-06-08,CUST864,Beverages,Sunbean Coffee,5,180,900,Card,Delhi
TXN101845,2025-06-02,CUST829,Beverages,Sunbean Coffee,3,180,540,Cash,Bangalore
TXN101846,2025-02-23,CUST208,Snacks,Bingo Mad Angles,4,25,100,Cash,Delhi
TXN101847,2025-04-22,CUST190,Snacks,Bingo Chips,1,20,20,Card,Delhi
TXN101848,2025-05-23,CUST392,Snacks,Bingo Mad Angles,3,25,75,Card,Kolkata
TXN101849,2025-04-04,CUST908,Beverages,B Natural Juice,1,40,40,Card,Bangalore
TXN101850,2025-03-24,CUST164,Personal Care,Vivel Soap,1,35,35,UPI,Chennai
TXN101851,2025-04-20,CUST344,Personal Care,Savlon Handwash,3,95,285,Cash,Mumbai
TXN101852,2025-03-14,CUST396,FMCG,Aashirvaad Atta,5,65,325,UPI,Delhi
TXN101853,2025-06-21,CUST836,FMCG,Aashirvaad Atta,4,65,260,UPI,Chennai
TXN101854,2025-02-28,CUST403,FMCG,Aashirvaad Atta,2,65,130,Cash,Bangalore
TXN101855,2025-05-04,CUST960,Personal Care,Vivel Soap,4,35,140,Cash,Bangalore
TXN101856,2025-06-02,CUST874,Snacks,Bingo Mad Angles,3,25,75,Cash,Kolkata
TXN101857,2025-05-28,CUST155,Personal Care,Savlon Handwash,1,95,95,Cash,Chennai
TXN101858,2025-03-09,CUST109,Snacks,Bingo Chips,2,20,40,Cash,Mumbai
TXN101859,2025-05-20,CUST872,Beverages,Sunbean Coffee,3,180,540,Cash,Chennai
TXN101860,2025-04-19,CUST966,Snacks,Bingo Chips,1,20,20,Cash,Mumbai
TXN101861,2025-05-20,CUST160,Personal Care,Savlon Sanitizer,3,70,210,UPI,Mumbai
TXN101862,2025-02-03,CUST955,Snacks,Bingo Mad Angles,4,25,100,Cash,Chennai
TXN101863,2025-01-18,CUST297,Snacks,Bingo Chips,1,20,20,Card,Kolkata
TXN101864,2025-05-19,CUST148,Personal Care,Savlon Sanitizer,5,70,350,Card,Chennai
TXN101865,2025-04-12,CUST125,Snacks,Bingo Chips,2,20,40,Cash,Bangalore
TXN101866,2025-01-12,CUST964,Personal Care,Savlon Handwash,3,95,285,Cash,Chennai
TXN101867,2025-02-13,CUST839,FMCG,Aashirvaad Atta,5,65,325,Card,Mumbai
TXN101868,2025-01-11,CUST379,Snacks,Bingo Mad Angles,2,25,50,UPI,Delhi
TXN101869,2025-02-13,CUST837,Snacks,Bingo Chips,5,20,100,UPI,Chennai
TXN101870,2025-03-07,CUST606,Personal Care,Vivel Soap,2,35,70,Cash,Chennai
TXN101871,2025-04-20,CUST849,Personal Care,Savlon Sanitizer,3,70,210,Card,Bangalore
TXN101872,2025-06-04,CUST980,Snacks,Bingo Chips,3,20,60,Cash,Mumbai
TXN101873,2025-02-22,CUST583,Snacks,Bingo Mad Angles,3,25,75,Card,Bangalore
TXN101874,2025-02-25,CUST946,Beverages,B Natural Juice,1,40,40,Card,Mumbai
TXN101875,2025-06-26,CUST748,Personal Care,Savlon Sanitizer,2,70,140,UPI,Delhi
TXN101876,2025-06-09,CUST913,Snacks,Bingo Chips,3,20,60,UPI,Bangalore
TXN101877,2025-01-18,CUST829,Personal Care,Savlon Handwash,2,95,190,Card,Chennai
TXN101878,2025-01-15,CUST171,Personal Care,Savlon Handwash,1,95,95,Cash,Mumbai
TXN101879,2025-03-30,CUST440,Personal Care,Savlon Handwash,1,95,95,UPI,Hyderabad
TXN101880,2025-02-18,CUST227,Beverages,Sunbean Coffee,5,180,900,UPI,Bangalore
TXN101881,2025-02-17,CUST997,Personal Care,Vivel Soap,1,35,35,Card,Delhi
TXN101882,2025-01-11,CUST713,Beverages,Sunbean Coffee,4,180,720,Cash,Delhi
TXN101883,2025-03-31,CUST753,Personal Care,Savlon Handwash,3,95,285,Cash,Bangalore
TXN101884,2025-06-08,CUST811,Personal Care,Savlon Sanitizer,5,70,350,Card,Hyderabad
TXN101885,2025-02-08,CUST612,Personal Care,Savlon Handwash,5,95,475,Card,Delhi
TXN101886,2025-03-01,CUST644,Beverages,B Natural Juice,5,40,200,UPI,Hyderabad
TXN101887,2025-03-10,CUST922,Personal Care,Vivel Soap,1,35,35,UPI,Kolkata
TXN101888,2025-01-22,CUST987,Beverages,Sunbean Coffee,5,180,900,Card,Delhi
TXN101889,2025-06-16,CUST201,Snacks,Bingo Mad Angles,4,25,100,Card,Mumbai
TXN101890,2025-05-12,CUST736,FMCG,Aashirvaad Atta,2,65,130,UPI,Mumbai
TXN101891,2025-01-04,CUST349,Beverages,B Natural Juice,1,40,40,UPI,Hyderabad
TXN101892,2025-01-05,CUST854,Personal Care,Savlon Handwash,1,95,95,Cash,Hyderabad
TXN101893,2025-06-20,CUST130,Snacks,Bingo Mad Angles,2,25,50,Card,Hyderabad
TXN101894,2025-02-03,CUST838,Personal Care,Vivel Soap,5,35,175,UPI,Chennai
TXN101895,2025-06-24,CUST385,Snacks,Bingo Mad Angles,4,25,100,Card,Bangalore
TXN101896,2025-02-23,CUST703,Beverages,B Natural Juice,5,40,200,Cash,Hyderabad
TXN101897,2025-06-01,CUST965,Beverages,B Natural Juice,3,40,120,Cash,Hyderabad
TXN101898,2025-06-04,CUST235,Snacks,Bingo Chips,4,20,80,Card,Delhi
TXN101899,2025-03-28,CUST257,Personal Care,Savlon Sanitizer,2,70,140,Card,Chennai
TXN101900,2025-01-28,CUST770,Snacks,Bingo Mad Angles,3,25,75,Cash,Mumbai
TXN101901,2025-02-22,CUST964,Beverages,Sunbean Coffee,3,180,540,Cash,Bangalore
TXN101902,2025-01-03,CUST214,Snacks,Bingo Mad Angles,2,25,50,Card,Delhi
TXN101903,2025-01-25,CUST224,Snacks,Bingo Chips,2,20,40,Card,Chennai
TXN101904,2025-05-05,CUST554,FMCG,Aashirvaad Atta,5,65,325,Cash,Bangalore
TXN101905,2025-05-31,CUST228,Personal Care,Savlon Handwash,2,95,190,Card,Chennai
TXN101906,2025-04-27,CUST436,Snacks,Bingo Mad Angles,4,25,100,Cash,Bangalore
TXN101907,2025-06-27,CUST532,Snacks,Bingo Mad Angles,1,25,25,UPI,Bangalore
TXN101908,2025-05-31,CUST680,Beverages,B Natural Juice,3,40,120,UPI,Mumbai
TXN101909,2025-01-15,CUST775,FMCG,Aashirvaad Atta,4,65,260,UPI,Hyderabad
TXN101910,2025-03-05,CUST298,Beverages,Sunbean Coffee,3,180,540,Card,Kolkata
TXN101911,2025-02-01,CUST118,Personal Care,Savlon Sanitizer,3,70,210,Cash,Chennai
TXN101912,2025-01-22,CUST605,FMCG,Aashirvaad Atta,5,65,325,UPI,Mumbai
TXN101913,2025-02-06,CUST748,FMCG,Aashirvaad Atta,1,65,65,Cash,Delhi
TXN101914,2025-01-26,CUST403,Snacks,Bingo Mad Angles,4,25,100,Card,Chennai
TXN101915,2025-04-09,CUST492,Personal Care,Vivel Soap,3,35,105,UPI,Chennai
TXN101916,2025-03-22,CUST736,Personal Care,Savlon Handwash,1,95,95,Cash,Kolkata
TXN101917,2025-03-01,CUST383,Personal Care,Savlon Sanitizer,3,70,210,UPI,Delhi
TXN101918,2025-01-05,CUST457,Beverages,B Natural Juice,5,40,200,Card,Chennai
TXN101919,2025-02-20,CUST648,Personal Care,Savlon Sanitizer,1,70,70,Cash,Hyderabad
TXN101920,2025-02-02,CUST263,Beverages,Sunbean Coffee,5,180,900,Cash,Hyderabad
TXN101921,2025-02-27,CUST687,Beverages,B Natural Juice,2,40,80,Cash,Kolkata
TXN101922,2025-02-03,CUST919,Personal Care,Savlon Sanitizer,4,70,280,UPI,Mumbai
TXN101923,2025-01-06,CUST775,Personal Care,Savlon Sanitizer,5,70,350,Cash,Hyderabad
TXN101924,2025-03-28,CUST682,Beverages,Sunbean Coffee,2,180,360,Card,Hyderabad
TXN101925,2025-01-09,CUST296,Beverages,Sunbean Coffee,2,180,360,Card,Hyderabad
TXN101926,2025-04-01,CUST926,Personal Care,Savlon Handwash,2,95,190,Cash,Delhi
TXN101927,2025-01-22,CUST156,Snacks,Bingo Chips,1,20,20,Card,Bangalore
TXN101928,2025-06-24,CUST622,Beverages,Sunbean Coffee,3,180,540,Cash,Hyderabad
TXN101929,2025-02-11,CUST644,Beverages,B Natural Juice,2,40,80,Cash,Mumbai
TXN101930,2025-04-20,CUST134,Snacks,Bingo Chips,4,20,80,Cash,Kolkata
TXN101931,2025-01-25,CUST808,Beverages,Sunbean Coffee,5,180,900,Cash,Hyderabad
TXN101932,2025-02-23,CUST191,Snacks,Bingo Chips,4,20,80,Card,Hyderabad
TXN101933,2025-04-04,CUST148,FMCG,Aashirvaad Atta,4,65,260,UPI,Bangalore
TXN101934,2025-05-21,CUST972,Snacks,Bingo Mad Angles,4,25,100,UPI,Kolkata
TXN101935,2025-04-13,CUST865,Snacks,Bingo Mad Angles,1,25,25,Cash,Kolkata
TXN101936,2025-03-15,CUST968,Snacks,Bingo Mad Angles,2,25,50,Card,Bangalore
TXN101937,2025-05-09,CUST856,Beverages,Sunbean Coffee,4,180,720,Cash,Bangalore
TXN101938,2025-03-07,CUST873,Snacks,Bingo Chips,3,20,60,Cash,Delhi
TXN101939,2025-04-14,CUST549,Personal Care,Savlon Handwash,2,95,190,UPI,Mumbai
TXN101940,2025-05-07,CUST387,FMCG,Aashirvaad Atta,5,65,325,UPI,Mumbai
TXN101941,2025-06-06,CUST567,FMCG,Aashirvaad Atta,3,65,195,Cash,Kolkata
TXN101942,2025-04-13,CUST301,Personal Care,Savlon Sanitizer,2,70,140,Cash,Kolkata
TXN101943,2025-06-10,CUST783,Personal Care,Savlon Handwash,4,95,380,Cash,Delhi
TXN101944,2025-01-12,CUST231,Personal Care,Savlon Sanitizer,4,70,280,UPI,Kolkata
TXN101945,2025-06-20,CUST345,Beverages,B Natural Juice,4,40,160,Cash,Chennai
TXN101946,2025-01-22,CUST589,Snacks,Bingo Mad Angles,2,25,50,Cash,Chennai
TXN101947,2025-01-16,CUST874,Personal Care,Vivel Soap,3,35,105,Card,Bangalore
TXN101948,2025-02-09,CUST395,Personal Care,Vivel Soap,2,35,70,Cash,Mumbai
TXN101949,2025-01-24,CUST382,Snacks,Bingo Chips,3,20,60,Card,Hyderabad
TXN101950,2025-02-04,CUST157,Snacks,Bingo Mad Angles,1,25,25,UPI,Hyderabad
TXN101951,2025-02-02,CUST384,Beverages,Sunbean Coffee,5,180,900,UPI,Chennai
TXN101952,2025-03-26,CUST544,Personal Care,Vivel Soap,5,35,175,Cash,Mumbai
TXN101953,2025-01-23,CUST142,Personal Care,Savlon Handwash,1,95,95,Cash,Hyderabad
TXN101954,2025-05-07,CUST482,Snacks,Bingo Mad Angles,4,25,100,Cash,Delhi
TXN101955,2025-06-22,CUST641,Snacks,Bingo Chips,4,20,80,Cash,Chennai
TXN101956,2025-04-20,CUST700,FMCG,Aashirvaad Atta,3,65,195,Cash,Mumbai
TXN101957,2025-05-11,CUST904,Personal Care,Vivel Soap,3,35,105,Cash,Bangalore
TXN101958,2025-05-01,CUST839,Personal Care,Savlon Sanitizer,4,70,280,Card,Bangalore
TXN101959,2025-04-01,CUST590,Personal Care,Savlon Sanitizer,3,70,210,UPI,Bangalore
TXN101960,2025-02-02,CUST849,Personal Care,Savlon Sanitizer,5,70,350,Card,Bangalore
TXN101961,2025-04-26,CUST128,Personal Care,Savlon Sanitizer,2,70,140,Card,Hyderabad
TXN101962,2025-05-21,CUST612,Beverages,B Natural Juice,4,40,160,UPI,Kolkata
TXN101963,2025-04-25,CUST484,Beverages,Sunbean Coffee,4,180,720,Card,Chennai
TXN101964,2025-05-28,CUST290,Beverages,Sunbean Coffee,2,180,360,UPI,Chennai
TXN101965,2025-04-01,CUST290,Personal Care,Vivel Soap,2,35,70,Cash,Chennai
TXN101966,2025-01-29,CUST145,Beverages,B Natural Juice,4,40,160,Cash,Hyderabad
TXN101967,2025-04-22,CUST758,Personal Care,Savlon Handwash,5,95,475,Cash,Delhi
TXN101968,2025-01-17,CUST678,Snacks,Bingo Chips,5,20,100,UPI,Mumbai
TXN101969,2025-05-20,CUST683,Beverages,Sunbean Coffee,4,180,720,UPI,Bangalore
TXN101970,2025-05-31,CUST859,Personal Care,Savlon Sanitizer,5,70,350,UPI,Kolkata
TXN101971,2025-03-12,CUST225,Beverages,Sunbean Coffee,2,180,360,UPI,Chennai
TXN101972,2025-05-28,CUST223,Snacks,Bingo Chips,4,20,80,Cash,Mumbai
TXN101973,2025-03-13,CUST633,Snacks,Bingo Chips,1,20,20,Card,Chennai
TXN101974,2025-04-21,CUST437,Beverages,Sunbean Coffee,1,180,180,Card,Bangalore
TXN101975,2025-04-25,CUST190,Personal Care,Savlon Sanitizer,3,70,210,Cash,Kolkata
TXN101976,2025-04-27,CUST152,Snacks,Bingo Chips,1,20,20,Card,Chennai
TXN101977,2025-05-24,CUST967,Personal Care,Savlon Sanitizer,4,70,280,Cash,Delhi
TXN101978,2025-03-15,CUST408,Snacks,Bingo Mad Angles,5,25,125,Card,Hyderabad
TXN101979,2025-04-02,CUST690,Snacks,Bingo Chips,4,20,80,Cash,Hyderabad
TXN101980,2025-03-19,CUST696,Snacks,Bingo Chips,3,20,60,UPI,Chennai
TXN101981,2025-04-30,CUST373,Beverages,Sunbean Coffee,2,180,360,UPI,Kolkata
TXN101982,2025-05-29,CUST179,Personal Care,Savlon Handwash,3,95,285,Cash,Kolkata
TXN101983,2025-06-20,CUST942,Beverages,Sunbean Coffee,5,180,900,UPI,Bangalore
TXN101984,2025-06-05,CUST170,FMCG,Aashirvaad Atta,5,65,325,UPI,Mumbai
TXN101985,2025-05-10,CUST363,Beverages,Sunbean Coffee,3,180,540,Cash,Hyderabad
TXN101986,2025-04-11,CUST522,Beverages,B Natural Juice,2,40,80,UPI,Kolkata
TXN101987,2025-02-09,CUST357,Snacks,Bingo Mad Angles,4,25,100,Card,Hyderabad
TXN101988,2025-02-16,CUST600,FMCG,Aashirvaad Atta,2,65,130,Card,Delhi
TXN101989,2025-03-09,CUST787,Snacks,Bingo Mad Angles,1,25,25,UPI,Delhi
TXN101990,2025-03-21,CUST997,Personal Care,Vivel Soap,4,35,140,Card,Delhi
TXN101991,2025-04-09,CUST589,Beverages,Sunbean Coffee,4,180,720,UPI,Kolkata
TXN101992,2025-01-20,CUST859,Personal Care,Vivel Soap,5,35,175,Card,Hyderabad
TXN101993,2025-06-10,CUST882,Beverages,Sunbean Coffee,4,180,720,Cash,Mumbai
TXN101994,2025-02-05,CUST898,FMCG,Aashirvaad Atta,4,65,260,Card,Hyderabad
TXN101995,2025-05-06,CUST722,Beverages,B Natural Juice,1,40,40,Card,Bangalore
TXN101996,2025-03-15,CUST719,Beverages,B Natural Juice,5,40,200,Card,Chennai
TXN101997,2025-06-27,CUST897,FMCG,Aashirvaad Atta,5,65,325,Cash,Delhi
TXN101998,2025-04-18,CUST387,Personal Care,Savlon Sanitizer,4,70,280,Cash,Chennai
TXN101999,2025-03-23,CUST756,Personal Care,Savlon Sanitizer,3,70,210,Cash,Bangalore
TXN102000,2025-04-03,CUST725,Personal Care,Savlon Sanitizer,2,70,140,Cash,Delhi
TXN102001,2025-04-27,CUST930,Personal Care,Savlon Sanitizer,2,70,140,Card,Delhi
TXN102002,2025-03-20,CUST396,Snacks,Bingo Chips,4,20,80,Cash,Bangalore
TXN102003,2025-03-17,CUST955,Beverages,Sunbean Coffee,1,180,180,Card,Hyderabad
TXN102004,2025-03-10,CUST926,FMCG,Aashirvaad Atta,4,65,260,UPI,Kolkata
TXN102005,2025-04-21,CUST208,Snacks,Bingo Mad Angles,3,25,75,Card,Mumbai
TXN102006,2025-06-01,CUST913,Beverages,Sunbean Coffee,5,180,900,Cash,Delhi
TXN102007,2025-02-17,CUST423,Beverages,B Natural Juice,3,40,120,Cash,Delhi
TXN102008,2025-04-08,CUST414,Snacks,Bingo Mad Angles,3,25,75,Cash,Hyderabad
TXN102009,2025-05-26,CUST613,Snacks,Bingo Chips,4,20,80,Cash,Kolkata
TXN102010,2025-04-25,CUST157,Snacks,Bingo Mad Angles,3,25,75,UPI,Mumbai
TXN102011,2025-04-21,CUST767,Personal Care,Savlon Handwash,5,95,475,UPI,Bangalore
TXN102012,2025-01-21,CUST221,Personal Care,Savlon Handwash,3,95,285,Cash,Mumbai
TXN102013,2025-06-21,CUST156,Personal Care,Savlon Sanitizer,1,70,70,Card,Hyderabad
TXN102014,2025-04-07,CUST833,Snacks,Bingo Mad Angles,2,25,50,UPI,Bangalore
TXN102015,2025-03-28,CUST614,Snacks,Bingo Chips,5,20,100,Card,Kolkata
TXN102016,2025-06-28,CUST518,Snacks,Bingo Mad Angles,4,25,100,Card,Kolkata
TXN102017,2025-04-04,CUST331,FMCG,Aashirvaad Atta,1,65,65,Card,Delhi
TXN102018,2025-03-05,CUST197,Personal Care,Vivel Soap,4,35,140,Card,Hyderabad
TXN102019,2025-02-18,CUST506,Personal Care,Vivel Soap,2,35,70,Cash,Mumbai
TXN102020,2025-05-24,CUST210,Personal Care,Savlon Handwash,2,95,190,UPI,Chennai
TXN102021,2025-02-03,CUST581,Personal Care,Savlon Sanitizer,5,70,350,UPI,Kolkata
TXN102022,2025-06-10,CUST536,Personal Care,Savlon Sanitizer,3,70,210,Cash,Chennai
TXN102023,2025-04-30,CUST759,Snacks,Bingo Chips,3,20,60,Card,Mumbai
TXN102024,2025-03-10,CUST309,Beverages,B Natural Juice,3,40,120,Card,Delhi
TXN102025,2025-03-11,CUST339,Personal Care,Savlon Sanitizer,1,70,70,UPI,Mumbai
TXN102026,2025-06-16,CUST458,Beverages,B Natural Juice,3,40,120,Card,Kolkata
TXN102027,2025-04-19,CUST805,Snacks,Bingo Chips,2,20,40,UPI,Delhi
TXN102028,2025-02-18,CUST580,Snacks,Bingo Chips,5,20,100,Cash,Bangalore
TXN102029,2025-02-12,CUST251,Personal Care,Vivel Soap,2,35,70,UPI,Hyderabad
TXN102030,2025-05-02,CUST899,Beverages,B Natural Juice,5,40,200,UPI,Delhi
TXN102031,2025-03-30,CUST948,Personal Care,Savlon Sanitizer,2,70,140,UPI,Bangalore
TXN102032,2025-02-28,CUST375,Personal Care,Savlon Handwash,2,95,190,Card,Kolkata
TXN102033,2025-04-12,CUST166,Personal Care,Vivel Soap,5,35,175,Cash,Chennai
TXN102034,2025-03-02,CUST342,Personal Care,Vivel Soap,3,35,105,Cash,Delhi
TXN102035,2025-04-24,CUST920,Beverages,B Natural Juice,1,40,40,UPI,Chennai
TXN102036,2025-01-03,CUST736,FMCG,Aashirvaad Atta,3,65,195,Card,Bangalore
TXN102037,2025-05-12,CUST842,Personal Care,Savlon Handwash,5,95,475,Card,Hyderabad
TXN102038,2025-01-03,CUST551,Personal Care,Vivel Soap,5,35,175,UPI,Mumbai
TXN102039,2025-04-14,CUST929,Beverages,B Natural Juice,2,40,80,UPI,Bangalore
TXN102040,2025-03-27,CUST989,Snacks,Bingo Mad Angles,4,25,100,Card,Kolkata
TXN102041,2025-05-24,CUST463,Snacks,Bingo Mad Angles,1,25,25,UPI,Chennai
TXN102042,2025-06-04,CUST904,Snacks,Bingo Chips,5,20,100,UPI,Chennai
TXN102043,2025-02-04,CUST690,Personal Care,Savlon Sanitizer,3,70,210,UPI,Mumbai
TXN102044,2025-01-21,CUST120,Snacks,Bingo Chips,3,20,60,UPI,Chennai
TXN102045,2025-04-08,CUST660,FMCG,Aashirvaad Atta,1,65,65,UPI,Kolkata
TXN102046,2025-03-14,CUST179,Snacks,Bingo Chips,5,20,100,Cash,Delhi
TXN102047,2025-03-03,CUST405,Personal Care,Vivel Soap,3,35,105,Card,Hyderabad
TXN102048,2025-02-28,CUST354,Snacks,Bingo Mad Angles,3,25,75,UPI,Hyderabad
TXN102049,2025-02-20,CUST163,Snacks,Bingo Chips,4,20,80,UPI,Mumbai
TXN102050,2025-05-24,CUST941,Personal Care,Savlon Sanitizer,5,70,350,Card,Bangalore
TXN102051,2025-04-06,CUST181,Personal Care,Savlon Handwash,5,95,475,UPI,Chennai
TXN102052,2025-06-23,CUST752,Personal Care,Savlon Handwash,1,95,95,Cash,Mumbai
TXN102053,2025-02-10,CUST793,Personal Care,Savlon Sanitizer,4,70,280,UPI,Mumbai
TXN102054,2025-05-07,CUST184,Beverages,B Natural Juice,4,40,160,Card,Delhi
TXN102055,2025-01-14,CUST936,Personal Care,Savlon Sanitizer,4,70,280,Card,Kolkata
TXN102056,2025-02-17,CUST829,FMCG,Aashirvaad Atta,4,65,260,UPI,Chennai
TXN102057,2025-02-10,CUST575,Snacks,Bingo Chips,1,20,20,UPI,Chennai
TXN102058,2025-05-23,CUST296,Personal Care,Savlon Sanitizer,5,70,350,UPI,Kolkata
TXN102059,2025-04-06,CUST636,Beverages,B Natural Juice,4,40,160,UPI,Bangalore
TXN102060,2025-05-29,CUST317,Personal Care,Savlon Sanitizer,5,70,350,Card,Delhi
TXN102061,2025-01-13,CUST419,Personal Care,Savlon Sanitizer,2,70,140,Cash,Chennai
TXN102062,2025-06-29,CUST858,Snacks,Bingo Mad Angles,4,25,100,Cash,Kolkata
TXN102063,2025-01-31,CUST892,Snacks,Bingo Chips,2,20,40,Cash,Hyderabad
TXN102064,2025-05-10,CUST594,Beverages,Sunbean Coffee,1,180,180,Card,Bangalore
TXN102065,2025-04-29,CUST987,Beverages,B Natural Juice,5,40,200,Card,Delhi
TXN102066,2025-04-28,CUST704,Snacks,Bingo Chips,4,20,80,Card,Mumbai
TXN102067,2025-02-15,CUST772,Personal Care,Savlon Sanitizer,4,70,280,Cash,Delhi
TXN102068,2025-02-01,CUST406,Personal Care,Vivel Soap,5,35,175,Card,Hyderabad
TXN102069,2025-03-09,CUST817,Personal Care,Savlon Sanitizer,1,70,70,Cash,Chennai
TXN102070,2025-04-18,CUST754,Snacks,Bingo Chips,1,20,20,Cash,Hyderabad
TXN102071,2025-06-30,CUST236,FMCG,Aashirvaad Atta,2,65,130,Cash,Kolkata
TXN102072,2025-01-22,CUST652,Personal Care,Vivel Soap,5,35,175,Card,Kolkata
TXN102073,2025-05-31,CUST375,Personal Care,Vivel Soap,4,35,140,Cash,Bangalore
TXN102074,2025-01-08,CUST674,FMCG,Aashirvaad Atta,5,65,325,Cash,Chennai
TXN102075,2025-04-21,CUST940,Personal Care,Savlon Sanitizer,1,70,70,Card,Bangalore
TXN102076,2025-01-06,CUST353,Snacks,Bingo Chips,4,20,80,Cash,Chennai
TXN102077,2025-05-15,CUST496,Personal Care,Savlon Handwash,4,95,380,Card,Hyderabad
TXN102078,2025-02-08,CUST420,Snacks,Bingo Mad Angles,2,25,50,Card,Chennai
TXN102079,2025-01-17,CUST492,Personal Care,Vivel Soap,2,35,70,Card,Mumbai
TXN102080,2025-03-27,CUST496,Personal Care,Vivel Soap,5,35,175,Cash,Kolkata
TXN102081,2025-05-21,CUST923,Snacks,Bingo Chips,2,20,40,Cash,Hyderabad
TXN102082,2025-03-22,CUST261,Personal Care,Savlon Handwash,5,95,475,Card,Delhi
TXN102083,2025-03-22,CUST405,Personal Care,Savlon Sanitizer,2,70,140,UPI,Bangalore
TXN102084,2025-03-18,CUST105,Snacks,Bingo Mad Angles,4,25,100,Cash,Chennai
TXN102085,2025-01-01,CUST337,FMCG,Aashirvaad Atta,1,65,65,UPI,Mumbai
TXN102086,2025-01-30,CUST288,Snacks,Bingo Mad Angles,3,25,75,Card,Bangalore
TXN102087,2025-01-10,CUST155,Personal Care,Savlon Sanitizer,5,70,350,Cash,Bangalore
TXN102088,2025-02-07,CUST892,Beverages,Sunbean Coffee,1,180,180,Card,Hyderabad
TXN102089,2025-01-05,CUST459,FMCG,Aashirvaad Atta,5,65,325,UPI,Chennai
TXN102090,2025-01-17,CUST520,FMCG,Aashirvaad Atta,1,65,65,UPI,Chennai
TXN102091,2025-06-26,CUST583,Personal Care,Vivel Soap,2,35,70,Cash,Mumbai
TXN102092,2025-02-11,CUST449,FMCG,Aashirvaad Atta,3,65,195,Cash,Hyderabad
TXN102093,2025-02-14,CUST686,Snacks,Bingo Mad Angles,5,25,125,Cash,Hyderabad
TXN102094,2025-06-22,CUST148,Snacks,Bingo Mad Angles,1,25,25,UPI,Kolkata
TXN102095,2025-02-02,CUST270,Beverages,B Natural Juice,4,40,160,UPI,Delhi
TXN102096,2025-02-05,CUST339,Personal Care,Vivel Soap,3,35,105,Card,Hyderabad
TXN102097,2025-06-15,CUST277,Personal Care,Savlon Sanitizer,4,70,280,UPI,Kolkata
TXN102098,2025-06-15,CUST673,Beverages,B Natural Juice,5,40,200,UPI,Delhi
TXN102099,2025-02-20,CUST427,Personal Care,Savlon Sanitizer,1,70,70,Cash,Mumbai
TXN102100,2025-05-25,CUST894,Personal Care,Savlon Sanitizer,2,70,140,UPI,Mumbai
TXN102101,2025-05-18,CUST582,Personal Care,Savlon Handwash,3,95,285,Card,Bangalore
TXN102102,2025-02-03,CUST267,Beverages,B Natural Juice,2,40,80,UPI,Delhi
TXN102103,2025-03-07,CUST204,Snacks,Bingo Mad Angles,4,25,100,UPI,Chennai
TXN102104,2025-04-04,CUST766,Personal Care,Savlon Sanitizer,4,70,280,Cash,Chennai
TXN102105,2025-01-26,CUST831,Personal Care,Savlon Handwash,5,95,475,UPI,Bangalore
TXN102106,2025-02-24,CUST344,Personal Care,Vivel Soap,1,35,35,UPI,Chennai
TXN102107,2025-03-24,CUST450,Personal Care,Savlon Sanitizer,1,70,70,UPI,Kolkata
TXN102108,2025-04-03,CUST778,Personal Care,Vivel Soap,3,35,105,Cash,Delhi
TXN102109,2025-05-26,CUST337,Beverages,B Natural Juice,3,40,120,Card,Delhi
TXN102110,2025-03-16,CUST670,Personal Care,Savlon Sanitizer,1,70,70,UPI,Chennai
TXN102111,2025-04-09,CUST267,Beverages,B Natural Juice,1,40,40,UPI,Delhi
TXN102112,2025-01-25,CUST309,Beverages,Sunbean Coffee,5,180,900,Card,Kolkata
TXN102113,2025-04-06,CUST949,FMCG,Aashirvaad Atta,4,65,260,Card,Kolkata
TXN102114,2025-05-24,CUST149,Personal Care,Vivel Soap,2,35,70,UPI,Kolkata
TXN102115,2025-06-12,CUST966,Beverages,B Natural Juice,1,40,40,Card,Delhi
TXN102116,2025-03-18,CUST750,Personal Care,Vivel Soap,4,35,140,Cash,Bangalore
TXN102117,2025-01-30,CUST428,Personal Care,Vivel Soap,1,35,35,Card,Mumbai
TXN102118,2025-04-06,CUST654,Snacks,Bingo Mad Angles,1,25,25,Card,Hyderabad
TXN102119,2025-05-03,CUST156,Personal Care,Savlon Sanitizer,2,70,140,Cash,Mumbai
TXN102120,2025-02-15,CUST406,Beverages,Sunbean Coffee,3,180,540,UPI,Hyderabad
TXN102121,2025-01-08,CUST503,Beverages,B Natural Juice,3,40,120,Cash,Mumbai
TXN102122,2025-03-14,CUST294,Personal Care,Savlon Handwash,3,95,285,Cash,Hyderabad
TXN102123,2025-04-17,CUST691,Beverages,Sunbean Coffee,5,180,900,Card,Kolkata
TXN102124,2025-03-03,CUST592,Personal Care,Vivel Soap,5,35,175,Card,Hyderabad
TXN102125,2025-05-05,CUST587,Snacks,Bingo Mad Angles,4,25,100,Card,Delhi
TXN102126,2025-06-02,CUST716,Beverages,B Natural Juice,1,40,40,Card,Delhi
TXN102127,2025-04-02,CUST156,Beverages,Sunbean Coffee,3,180,540,Card,Mumbai
TXN102128,2025-01-14,CUST341,Snacks,Bingo Mad Angles,1,25,25,Cash,Delhi
TXN102129,2025-04-27,CUST249,Beverages,Sunbean Coffee,2,180,360,UPI,Kolkata
TXN102130,2025-01-10,CUST838,FMCG,Aashirvaad Atta,2,65,130,Cash,Mumbai
TXN102131,2025-01-14,CUST269,Personal Care,Savlon Sanitizer,5,70,350,Card,Delhi
TXN102132,2025-06-22,CUST421,Personal Care,Savlon Handwash,4,95,380,Card,Kolkata
TXN102133,2025-06-04,CUST624,Personal Care,Vivel Soap,5,35,175,UPI,Chennai
TXN102134,2025-06-27,CUST611,Personal Care,Vivel Soap,4,35,140,UPI,Mumbai
TXN102135,2025-05-13,CUST884,Beverages,Sunbean Coffee,3,180,540,Card,Bangalore
TXN102136,2025-05-14,CUST439,Personal Care,Savlon Handwash,2,95,190,Cash,Kolkata
TXN102137,2025-04-03,CUST218,Personal Care,Savlon Sanitizer,1,70,70,Card,Kolkata
TXN102138,2025-05-17,CUST322,Personal Care,Savlon Handwash,2,95,190,UPI,Chennai
TXN102139,2025-05-02,CUST968,Personal Care,Savlon Handwash,3,95,285,UPI,Delhi
TXN102140,2025-06-09,CUST272,Snacks,Bingo Chips,3,20,60,Cash,Bangalore
TXN102141,2025-05-21,CUST888,Personal Care,Savlon Sanitizer,3,70,210,UPI,Chennai
TXN102142,2025-05-21,CUST535,Beverages,Sunbean Coffee,3,180,540,UPI,Kolkata
TXN102143,2025-01-15,CUST700,Personal Care,Savlon Handwash,5,95,475,UPI,Chennai
TXN102144,2025-06-17,CUST961,Snacks,Bingo Chips,3,20,60,UPI,Mumbai
TXN102145,2025-06-24,CUST751,Snacks,Bingo Chips,5,20,100,Card,Bangalore
TXN102146,2025-05-30,CUST842,Personal Care,Savlon Sanitizer,4,70,280,Cash,Hyderabad
TXN102147,2025-01-01,CUST526,Beverages,Sunbean Coffee,1,180,180,Card,Hyderabad
TXN102148,2025-01-22,CUST977,FMCG,Aashirvaad Atta,2,65,130,UPI,Bangalore
TXN102149,2025-02-14,CUST644,Personal Care,Savlon Handwash,5,95,475,Cash,Kolkata
TXN102150,2025-05-24,CUST553,Snacks,Bingo Mad Angles,1,25,25,Card,Delhi
TXN102151,2025-05-05,CUST831,Beverages,Sunbean Coffee,1,180,180,Card,Kolkata
TXN102152,2025-02-03,CUST678,Beverages,Sunbean Coffee,5,180,900,Card,Kolkata
TXN102153,2025-05-03,CUST796,Personal Care,Savlon Handwash,1,95,95,UPI,Kolkata
TXN102154,2025-02-28,CUST699,Snacks,Bingo Mad Angles,5,25,125,Card,Kolkata
TXN102155,2025-02-22,CUST275,Snacks,Bingo Mad Angles,3,25,75,UPI,Chennai
TXN102156,2025-04-16,CUST534,Snacks,Bingo Chips,1,20,20,Cash,Chennai
TXN102157,2025-04-22,CUST774,Personal Care,Vivel Soap,4,35,140,Cash,Delhi
TXN102158,2025-05-03,CUST156,Beverages,Sunbean Coffee,2,180,360,Card,Hyderabad
TXN102159,2025-01-14,CUST827,Beverages,B Natural Juice,1,40,40,Card,Mumbai
TXN102160,2025-06-02,CUST839,Personal Care,Vivel Soap,2,35,70,Cash,Chennai
TXN102161,2025-06-07,CUST591,Snacks,Bingo Chips,2,20,40,Cash,Chennai
TXN102162,2025-06-04,CUST957,Personal Care,Savlon Handwash,1,95,95,UPI,Bangalore
TXN102163,2025-01-16,CUST783,Personal Care,Savlon Sanitizer,3,70,210,Cash,Kolkata
TXN102164,2025-06-16,CUST946,Beverages,B Natural Juice,5,40,200,Card,Chennai
TXN102165,2025-01-12,CUST258,Beverages,Sunbean Coffee,5,180,900,Cash,Mumbai
TXN102166,2025-04-21,CUST702,Beverages,Sunbean Coffee,2,180,360,Cash,Delhi
TXN102167,2025-01-02,CUST855,Beverages,B Natural Juice,1,40,40,Card,Delhi
TXN102168,2025-01-27,CUST706,Snacks,Bingo Chips,2,20,40,Card,Delhi
TXN102169,2025-04-06,CUST808,FMCG,Aashirvaad Atta,4,65,260,UPI,Delhi
TXN102170,2025-06-28,CUST877,FMCG,Aashirvaad Atta,4,65,260,Card,Kolkata
TXN102171,2025-02-16,CUST708,Snacks,Bingo Chips,1,20,20,UPI,Hyderabad
TXN102172,2025-01-02,CUST857,Snacks,Bingo Chips,1,20,20,UPI,Bangalore
TXN102173,2025-01-02,CUST221,Personal Care,Savlon Sanitizer,2,70,140,Card,Bangalore
TXN102174,2025-04-26,CUST575,Beverages,B Natural Juice,5,40,200,Cash,Delhi
TXN102175,2025-01-25,CUST455,Beverages,Sunbean Coffee,4,180,720,Card,Hyderabad
TXN102176,2025-02-04,CUST138,Personal Care,Savlon Sanitizer,1,70,70,Cash,Hyderabad
TXN102177,2025-06-21,CUST386,Snacks,Bingo Chips,3,20,60,Cash,Mumbai
TXN102178,2025-02-14,CUST260,Personal Care,Savlon Sanitizer,2,70,140,UPI,Hyderabad
TXN102179,2025-02-16,CUST238,Snacks,Bingo Chips,4,20,80,Cash,Kolkata
TXN102180,2025-06-03,CUST708,Snacks,Bingo Chips,4,20,80,UPI,Mumbai
TXN102181,2025-02-17,CUST696,Snacks,Bingo Chips,4,20,80,Card,Hyderabad
TXN102182,2025-01-03,CUST408,Snacks,Bingo Mad Angles,4,25,100,UPI,Hyderabad
TXN102183,2025-01-08,CUST159,Beverages,Sunbean Coffee,3,180,540,Cash,Chennai
TXN102184,2025-02-23,CUST217,Personal Care,Savlon Sanitizer,5,70,350,Card,Chennai
TXN102185,2025-05-12,CUST255,Personal Care,Savlon Sanitizer,5,70,350,UPI,Mumbai
TXN102186,2025-01-01,CUST161,Snacks,Bingo Mad Angles,1,25,25,Card,Chennai
TXN102187,2025-06-18,CUST943,Snacks,Bingo Chips,2,20,40,UPI,Chennai
TXN102188,2025-02-21,CUST794,Beverages,Sunbean Coffee,2,180,360,UPI,Delhi
TXN102189,2025-06-12,CUST374,Personal Care,Savlon Handwash,4,95,380,Cash,Hyderabad
TXN102190,2025-01-01,CUST966,Personal Care,Vivel Soap,4,35,140,UPI,Hyderabad
TXN102191,2025-03-18,CUST408,Personal Care,Vivel Soap,2,35,70,Card,Delhi
TXN102192,2025-06-27,CUST809,Snacks,Bingo Mad Angles,5,25,125,UPI,Mumbai
TXN102193,2025-03-11,CUST353,Snacks,Bingo Mad Angles,3,25,75,UPI,Chennai
TXN102194,2025-06-20,CUST384,Beverages,B Natural Juice,2,40,80,UPI,Delhi
TXN102195,2025-02-06,CUST382,FMCG,Aashirvaad Atta,4,65,260,UPI,Mumbai
TXN102196,2025-03-22,CUST686,Beverages,B Natural Juice,4,40,160,Card,Delhi
TXN102197,2025-01-27,CUST927,Snacks,Bingo Chips,3,20,60,Card,Hyderabad
TXN102198,2025-04-08,CUST988,Beverages,Sunbean Coffee,1,180,180,Cash,Bangalore
TXN102199,2025-02-27,CUST978,Personal Care,Vivel Soap,1,35,35,UPI,Delhi
TXN102200,2025-06-04,CUST656,Personal Care,Savlon Sanitizer,3,70,210,Card,Mumbai
TXN102201,2025-03-21,CUST903,Personal Care,Vivel Soap,3,35,105,Card,Hyderabad
TXN102202,2025-01-03,CUST172,Personal Care,Savlon Handwash,2,95,190,UPI,Hyderabad
TXN102203,2025-05-30,CUST622,Personal Care,Savlon Handwash,5,95,475,Cash,Bangalore
TXN102204,2025-04-02,CUST300,FMCG,Aashirvaad Atta,5,65,325,UPI,Delhi
TXN102205,2025-05-11,CUST387,Snacks,Bingo Mad Angles,2,25,50,UPI,Chennai
TXN102206,2025-04-10,CUST244,Snacks,Bingo Mad Angles,4,25,100,Card,Chennai
TXN102207,2025-03-14,CUST177,Personal Care,Savlon Handwash,5,95,475,Cash,Hyderabad
TXN102208,2025-05-07,CUST678,Snacks,Bingo Mad Angles,1,25,25,Cash,Hyderabad
TXN102209,2025-05-30,CUST489,Personal Care,Savlon Sanitizer,2,70,140,UPI,Hyderabad
TXN102210,2025-04-25,CUST957,Beverages,B Natural Juice,1,40,40,Cash,Chennai
TXN102211,2025-03-25,CUST994,Personal Care,Savlon Sanitizer,5,70,350,UPI,Mumbai
TXN102212,2025-03-22,CUST112,Personal Care,Savlon Sanitizer,5,70,350,Cash,Bangalore
TXN102213,2025-04-19,CUST113,Personal Care,Vivel Soap,4,35,140,Card,Kolkata
TXN102214,2025-06-30,CUST491,Snacks,Bingo Chips,2,20,40,UPI,Hyderabad
TXN102215,2025-03-15,CUST608,Beverages,Sunbean Coffee,5,180,900,Card,Hyderabad
TXN102216,2025-04-13,CUST865,Snacks,Bingo Mad Angles,1,25,25,Card,Hyderabad
TXN102217,2025-01-05,CUST554,Beverages,B Natural Juice,2,40,80,UPI,Bangalore
TXN102218,2025-04-30,CUST341,Personal Care,Savlon Handwash,1,95,95,UPI,Bangalore
TXN102219,2025-04-21,CUST276,Beverages,Sunbean Coffee,2,180,360,Cash,Mumbai
TXN102220,2025-02-02,CUST177,Beverages,B Natural Juice,3,40,120,Cash,Hyderabad
TXN102221,2025-06-24,CUST742,Personal Care,Savlon Sanitizer,5,70,350,Cash,Delhi
TXN102222,2025-03-05,CUST660,Personal Care,Savlon Handwash,1,95,95,UPI,Mumbai
TXN102223,2025-03-26,CUST450,FMCG,Aashirvaad Atta,5,65,325,Cash,Chennai
TXN102224,2025-01-03,CUST212,Personal Care,Savlon Handwash,3,95,285,UPI,Mumbai
TXN102225,2025-01-21,CUST448,Personal Care,Savlon Sanitizer,5,70,350,UPI,Delhi
TXN102226,2025-05-16,CUST523,Beverages,Sunbean Coffee,4,180,720,UPI,Bangalore
TXN102227,2025-03-28,CUST368,Personal Care,Savlon Handwash,5,95,475,UPI,Hyderabad
TXN102228,2025-02-07,CUST467,Personal Care,Savlon Handwash,3,95,285,UPI,Mumbai
TXN102229,2025-04-18,CUST480,Personal Care,Vivel Soap,2,35,70,Card,Delhi
TXN102230,2025-02-25,CUST662,Personal Care,Vivel Soap,2,35,70,Cash,Kolkata
TXN102231,2025-03-10,CUST142,Beverages,Sunbean Coffee,4,180,720,UPI,Mumbai
TXN102232,2025-06-20,CUST586,FMCG,Aashirvaad Atta,2,65,130,Card,Chennai
TXN102233,2025-04-08,CUST236,Beverages,Sunbean Coffee,1,180,180,Card,Kolkata
TXN102234,2025-01-18,CUST254,Beverages,Sunbean Coffee,1,180,180,Card,Kolkata
TXN102235,2025-03-28,CUST482,Personal Care,Savlon Handwash,3,95,285,UPI,Bangalore
TXN102236,2025-04-14,CUST899,Personal Care,Savlon Handwash,5,95,475,UPI,Bangalore
TXN102237,2025-04-22,CUST763,FMCG,Aashirvaad Atta,3,65,195,Cash,Chennai
TXN102238,2025-04-01,CUST677,Beverages,B Natural Juice,2,40,80,Card,Delhi
TXN102239,2025-02-17,CUST283,FMCG,Aashirvaad Atta,5,65,325,Cash,Kolkata
TXN102240,2025-06-20,CUST163,Personal Care,Savlon Sanitizer,5,70,350,Card,Chennai
TXN102241,2025-06-29,CUST724,FMCG,Aashirvaad Atta,1,65,65,UPI,Mumbai
TXN102242,2025-02-01,CUST717,Personal Care,Savlon Sanitizer,3,70,210,UPI,Delhi
TXN102243,2025-01-11,CUST254,FMCG,Aashirvaad Atta,5,65,325,UPI,Hyderabad
TXN102244,2025-02-14,CUST612,Beverages,B Natural Juice,1,40,40,Cash,Kolkata
TXN102245,2025-04-15,CUST846,Personal Care,Vivel Soap,4,35,140,Card,Chennai
TXN102246,2025-06-26,CUST243,Snacks,Bingo Mad Angles,5,25,125,UPI,Chennai
TXN102247,2025-01-13,CUST196,Personal Care,Savlon Handwash,5,95,475,Cash,Kolkata
TXN102248,2025-03-04,CUST278,Beverages,Sunbean Coffee,2,180,360,Card,Delhi
TXN102249,2025-05-06,CUST750,Personal Care,Savlon Handwash,1,95,95,UPI,Chennai
TXN102250,2025-02-06,CUST610,Snacks,Bingo Mad Angles,5,25,125,Card,Chennai
TXN102251,2025-06-12,CUST953,Snacks,Bingo Mad Angles,1,25,25,UPI,Kolkata
TXN102252,2025-01-21,CUST721,Personal Care,Savlon Sanitizer,3,70,210,Cash,Delhi
TXN102253,2025-04-17,CUST284,Personal Care,Savlon Sanitizer,4,70,280,Card,Delhi
TXN102254,2025-05-03,CUST617,Personal Care,Vivel Soap,3,35,105,Card,Mumbai
TXN102255,2025-04-23,CUST747,FMCG,Aashirvaad Atta,5,65,325,UPI,Hyderabad
TXN102256,2025-01-05,CUST963,Beverages,Sunbean Coffee,4,180,720,UPI,Kolkata
TXN102257,2025-03-21,CUST159,Beverages,B Natural Juice,5,40,200,Cash,Chennai
TXN102258,2025-03-06,CUST558,FMCG,Aashirvaad Atta,4,65,260,UPI,Delhi
TXN102259,2025-05-22,CUST958,Snacks,Bingo Mad Angles,2,25,50,UPI,Bangalore
TXN102260,2025-05-02,CUST536,Personal Care,Savlon Sanitizer,2,70,140,Card,Delhi
TXN102261,2025-02-16,CUST341,Personal Care,Savlon Handwash,4,95,380,Card,Bangalore
TXN102262,2025-02-07,CUST790,Personal Care,Savlon Handwash,2,95,190,Card,Kolkata
TXN102263,2025-04-20,CUST385,Personal Care,Savlon Sanitizer,1,70,70,Card,Chennai
TXN102264,2025-03-08,CUST804,Beverages,B Natural Juice,1,40,40,Card,Kolkata
TXN102265,2025-02-21,CUST390,Personal Care,Savlon Sanitizer,4,70,280,UPI,Chennai
TXN102266,2025-02-11,CUST925,FMCG,Aashirvaad Atta,3,65,195,Cash,Delhi
TXN102267,2025-02-01,CUST687,Personal Care,Savlon Sanitizer,1,70,70,Card,Chennai
TXN102268,2025-06-12,CUST185,Beverages,Sunbean Coffee,3,180,540,Card,Kolkata
TXN102269,2025-01-12,CUST983,Snacks,Bingo Chips,2,20,40,UPI,Hyderabad
TXN102270,2025-04-12,CUST578,Personal Care,Vivel Soap,3,35,105,Cash,Delhi
TXN102271,2025-05-04,CUST657,Personal Care,Savlon Sanitizer,2,70,140,UPI,Hyderabad
TXN102272,2025-01-25,CUST988,Beverages,B Natural Juice,5,40,200,UPI,Hyderabad
TXN102273,2025-06-10,CUST468,Snacks,Bingo Chips,3,20,60,Card,Bangalore
TXN102274,2025-02-17,CUST310,Personal Care,Vivel Soap,1,35,35,Card,Kolkata
TXN102275,2025-04-14,CUST618,Personal Care,Savlon Handwash,4,95,380,UPI,Bangalore
TXN102276,2025-02-07,CUST887,Snacks,Bingo Chips,5,20,100,Cash,Bangalore
TXN102277,2025-06-08,CUST883,Personal Care,Savlon Sanitizer,1,70,70,Cash,Bangalore
TXN102278,2025-02-06,CUST924,Snacks,Bingo Chips,4,20,80,Cash,Delhi
TXN102279,2025-02-04,CUST724,Personal Care,Savlon Handwash,1,95,95,Cash,Mumbai
TXN102280,2025-03-07,CUST327,Personal Care,Savlon Handwash,2,95,190,Cash,Chennai
TXN102281,2025-06-11,CUST692,Snacks,Bingo Chips,2,20,40,Card,Kolkata
TXN102282,2025-03-19,CUST421,Personal Care,Savlon Sanitizer,4,70,280,Card,Bangalore
TXN102283,2025-02-09,CUST149,Snacks,Bingo Mad Angles,4,25,100,UPI,Mumbai
TXN102284,2025-01-05,CUST836,FMCG,Aashirvaad Atta,4,65,260,Cash,Kolkata
TXN102285,2025-05-07,CUST566,Personal Care,Savlon Sanitizer,3,70,210,Card,Hyderabad
TXN102286,2025-06-27,CUST452,Personal Care,Savlon Sanitizer,3,70,210,Cash,Hyderabad
TXN102287,2025-04-04,CUST870,FMCG,Aashirvaad Atta,3,65,195,UPI,Mumbai
TXN102288,2025-03-22,CUST947,Personal Care,Savlon Handwash,5,95,475,UPI,Bangalore
TXN102289,2025-04-02,CUST127,FMCG,Aashirvaad Atta,4,65,260,Card,Chennai
TXN102290,2025-02-14,CUST453,Personal Care,Savlon Handwash,3,95,285,UPI,Bangalore
TXN102291,2025-01-17,CUST933,Personal Care,Savlon Handwash,4,95,380,Card,Bangalore
TXN102292,2025-05-21,CUST568,Beverages,Sunbean Coffee,3,180,540,Cash,Kolkata
TXN102293,2025-04-05,CUST124,Snacks,Bingo Chips,1,20,20,Card,Mumbai
TXN102294,2025-02-13,CUST879,Beverages,Sunbean Coffee,5,180,900,Cash,Delhi
TXN102295,2025-03-11,CUST195,Snacks,Bingo Mad Angles,4,25,100,UPI,Kolkata
TXN102296,2025-04-21,CUST669,Personal Care,Vivel Soap,4,35,140,Cash,Mumbai
TXN102297,2025-03-20,CUST159,Beverages,Sunbean Coffee,2,180,360,UPI,Delhi
TXN102298,2025-03-02,CUST934,Beverages,B Natural Juice,4,40,160,Card,Hyderabad
TXN102299,2025-01-08,CUST920,Personal Care,Savlon Handwash,5,95,475,UPI,Delhi
TXN102300,2025-02-07,CUST934,Personal Care,Vivel Soap,1,35,35,UPI,Chennai
TXN102301,2025-04-07,CUST904,Personal Care,Vivel Soap,5,35,175,Cash,Mumbai
TXN102302,2025-04-16,CUST445,Snacks,Bingo Chips,1,20,20,Cash,Hyderabad
TXN102303,2025-04-19,CUST157,Personal Care,Vivel Soap,5,35,175,UPI,Mumbai
TXN102304,2025-03-05,CUST271,Personal Care,Savlon Handwash,2,95,190,UPI,Hyderabad
TXN102305,2025-01-10,CUST399,Personal Care,Vivel Soap,4,35,140,UPI,Hyderabad
TXN102306,2025-05-24,CUST551,Snacks,Bingo Mad Angles,5,25,125,UPI,Delhi
TXN102307,2025-04-18,CUST268,Beverages,Sunbean Coffee,5,180,900,UPI,Bangalore
TXN102308,2025-06-16,CUST599,Beverages,Sunbean Coffee,3,180,540,UPI,Chennai
TXN102309,2025-01-13,CUST743,Snacks,Bingo Mad Angles,3,25,75,UPI,Bangalore
TXN102310,2025-05-04,CUST435,Personal Care,Savlon Sanitizer,1,70,70,UPI,Delhi
TXN102311,2025-06-07,CUST182,Beverages,B Natural Juice,2,40,80,Card,Chennai
TXN102312,2025-02-09,CUST400,Personal Care,Savlon Handwash,4,95,380,Card,Mumbai
TXN102313,2025-04-25,CUST391,Snacks,Bingo Mad Angles,2,25,50,UPI,Bangalore
TXN102314,2025-02-11,CUST156,Personal Care,Savlon Sanitizer,3,70,210,Card,Kolkata
TXN102315,2025-05-31,CUST967,Personal Care,Vivel Soap,1,35,35,UPI,Hyderabad
TXN102316,2025-06-17,CUST596,Personal Care,Savlon Sanitizer,4,70,280,UPI,Bangalore
TXN102317,2025-01-28,CUST171,Snacks,Bingo Chips,1,20,20,UPI,Kolkata
TXN102318,2025-05-24,CUST999,FMCG,Aashirvaad Atta,5,65,325,Card,Bangalore
TXN102319,2025-04-07,CUST966,Personal Care,Savlon Handwash,1,95,95,Card,Chennai
TXN102320,2025-04-03,CUST545,Snacks,Bingo Mad Angles,3,25,75,Cash,Bangalore
TXN102321,2025-06-16,CUST130,Personal Care,Savlon Sanitizer,1,70,70,Cash,Bangalore
TXN102322,2025-01-19,CUST452,FMCG,Aashirvaad Atta,2,65,130,Cash,Kolkata
TXN102323,2025-02-21,CUST512,Personal Care,Savlon Handwash,5,95,475,UPI,Chennai
TXN102324,2025-05-23,CUST350,Personal Care,Savlon Sanitizer,3,70,210,Card,Chennai
TXN102325,2025-01-27,CUST390,Snacks,Bingo Mad Angles,4,25,100,Card,Kolkata
TXN102326,2025-02-04,CUST642,Beverages,Sunbean Coffee,3,180,540,UPI,Bangalore
TXN102327,2025-05-04,CUST602,Snacks,Bingo Chips,5,20,100,UPI,Mumbai
TXN102328,2025-06-03,CUST769,FMCG,Aashirvaad Atta,2,65,130,UPI,Mumbai
TXN102329,2025-02-24,CUST756,Snacks,Bingo Chips,3,20,60,Cash,Kolkata
TXN102330,2025-05-27,CUST964,Personal Care,Savlon Handwash,5,95,475,Cash,Delhi
TXN102331,2025-06-07,CUST454,Personal Care,Savlon Handwash,2,95,190,UPI,Delhi
TXN102332,2025-02-25,CUST540,Personal Care,Savlon Handwash,4,95,380,Cash,Mumbai
TXN102333,2025-03-14,CUST765,Personal Care,Savlon Sanitizer,5,70,350,Cash,Kolkata
TXN102334,2025-05-14,CUST220,Personal Care,Savlon Sanitizer,3,70,210,Cash,Kolkata
TXN102335,2025-01-02,CUST220,Personal Care,Savlon Sanitizer,1,70,70,Cash,Kolkata
TXN102336,2025-03-04,CUST906,Snacks,Bingo Mad Angles,1,25,25,Cash,Bangalore
TXN102337,2025-05-24,CUST372,FMCG,Aashirvaad Atta,3,65,195,Card,Bangalore
TXN102338,2025-02-09,CUST406,Personal Care,Vivel Soap,3,35,105,Cash,Bangalore
TXN102339,2025-02-28,CUST208,Snacks,Bingo Chips,5,20,100,UPI,Mumbai
TXN102340,2025-01-29,CUST535,Beverages,B Natural Juice,5,40,200,Card,Chennai
TXN102341,2025-05-13,CUST425,Personal Care,Vivel Soap,1,35,35,UPI,Delhi
TXN102342,2025-04-05,CUST249,Snacks,Bingo Chips,2,20,40,Cash,Chennai
TXN102343,2025-01-01,CUST320,FMCG,Aashirvaad Atta,1,65,65,UPI,Mumbai
TXN102344,2025-03-20,CUST670,Snacks,Bingo Mad Angles,1,25,25,UPI,Kolkata
TXN102345,2025-03-30,CUST354,Personal Care,Vivel Soap,1,35,35,UPI,Chennai
TXN102346,2025-04-07,CUST288,Personal Care,Savlon Sanitizer,4,70,280,UPI,Bangalore
TXN102347,2025-01-18,CUST566,Personal Care,Vivel Soap,4,35,140,Cash,Mumbai
TXN102348,2025-02-26,CUST972,Snacks,Bingo Mad Angles,1,25,25,UPI,Kolkata
TXN102349,2025-01-26,CUST780,Personal Care,Vivel Soap,3,35,105,Cash,Bangalore
TXN102350,2025-05-13,CUST678,Personal Care,Savlon Handwash,4,95,380,UPI,Mumbai
TXN102351,2025-01-07,CUST442,FMCG,Aashirvaad Atta,5,65,325,Card,Kolkata
TXN102352,2025-04-02,CUST838,Personal Care,Savlon Handwash,5,95,475,UPI,Bangalore
TXN102353,2025-04-01,CUST421,Personal Care,Vivel Soap,2,35,70,Card,Kolkata
TXN102354,2025-06-23,CUST237,Personal Care,Vivel Soap,4,35,140,UPI,Mumbai
TXN102355,2025-01-28,CUST806,Beverages,B Natural Juice,5,40,200,UPI,Delhi
TXN102356,2025-01-25,CUST669,Beverages,Sunbean Coffee,4,180,720,Cash,Chennai
TXN102357,2025-05-29,CUST908,FMCG,Aashirvaad Atta,5,65,325,Cash,Kolkata
TXN102358,2025-06-06,CUST636,Personal Care,Savlon Sanitizer,3,70,210,UPI,Chennai
TXN102359,2025-05-22,CUST571,Personal Care,Savlon Sanitizer,2,70,140,Card,Mumbai
TXN102360,2025-03-08,CUST247,Beverages,Sunbean Coffee,5,180,900,Cash,Bangalore
TXN102361,2025-02-19,CUST607,Personal Care,Savlon Handwash,4,95,380,UPI,Mumbai
TXN102362,2025-06-14,CUST843,FMCG,Aashirvaad Atta,1,65,65,UPI,Bangalore
TXN102363,2025-04-15,CUST684,Personal Care,Savlon Handwash,4,95,380,Card,Delhi
TXN102364,2025-01-05,CUST991,FMCG,Aashirvaad Atta,3,65,195,Cash,Mumbai
TXN102365,2025-05-24,CUST476,Snacks,Bingo Mad Angles,4,25,100,UPI,Hyderabad
TXN102366,2025-06-29,CUST726,Beverages,Sunbean Coffee,3,180,540,UPI,Chennai
TXN102367,2025-01-21,CUST829,Beverages,Sunbean Coffee,2,180,360,Card,Bangalore
TXN102368,2025-05-18,CUST946,FMCG,Aashirvaad Atta,2,65,130,Cash,Bangalore
TXN102369,2025-01-21,CUST811,Beverages,Sunbean Coffee,5,180,900,Cash,Chennai
TXN102370,2025-01-19,CUST370,FMCG,Aashirvaad Atta,5,65,325,Card,Delhi
TXN102371,2025-01-17,CUST725,FMCG,Aashirvaad Atta,3,65,195,UPI,Chennai
TXN102372,2025-03-28,CUST907,FMCG,Aashirvaad Atta,5,65,325,Card,Chennai
TXN102373,2025-02-25,CUST272,Snacks,Bingo Mad Angles,4,25,100,UPI,Kolkata
TXN102374,2025-02-02,CUST769,Personal Care,Savlon Sanitizer,3,70,210,UPI,Mumbai
TXN102375,2025-05-12,CUST405,FMCG,Aashirvaad Atta,1,65,65,Cash,Mumbai
TXN102376,2025-06-07,CUST171,Personal Care,Savlon Sanitizer,3,70,210,UPI,Kolkata
TXN102377,2025-01-23,CUST741,Beverages,B Natural Juice,5,40,200,Cash,Bangalore
TXN102378,2025-06-24,CUST372,Snacks,Bingo Mad Angles,5,25,125,Card,Bangalore
TXN102379,2025-01-03,CUST212,Beverages,B Natural Juice,1,40,40,Cash,Hyderabad
TXN102380,2025-01-17,CUST941,Snacks,Bingo Mad Angles,5,25,125,Card,Delhi
TXN102381,2025-04-21,CUST968,Personal Care,Savlon Handwash,1,95,95,Cash,Chennai
TXN102382,2025-02-07,CUST245,Personal Care,Vivel Soap,4,35,140,UPI,Bangalore
TXN102383,2025-04-17,CUST111,Snacks,Bingo Chips,1,20,20,Card,Delhi
TXN102384,2025-02-06,CUST697,Personal Care,Savlon Sanitizer,5,70,350,Cash,Hyderabad
TXN102385,2025-04-04,CUST719,Snacks,Bingo Mad Angles,2,25,50,Card,Hyderabad
TXN102386,2025-04-29,CUST533,FMCG,Aashirvaad Atta,3,65,195,UPI,Kolkata
TXN102387,2025-03-20,CUST432,Beverages,Sunbean Coffee,4,180,720,Card,Mumbai
TXN102388,2025-01-15,CUST412,Personal Care,Savlon Sanitizer,3,70,210,Cash,Mumbai
TXN102389,2025-02-17,CUST401,Snacks,Bingo Chips,3,20,60,UPI,Kolkata
TXN102390,2025-04-19,CUST549,Personal Care,Vivel Soap,5,35,175,Card,Hyderabad
TXN102391,2025-06-21,CUST493,Snacks,Bingo Chips,1,20,20,UPI,Mumbai
TXN102392,2025-06-11,CUST869,Beverages,Sunbean Coffee,5,180,900,Card,Bangalore
TXN102393,2025-03-06,CUST862,Beverages,Sunbean Coffee,3,180,540,Card,Kolkata
TXN102394,2025-03-02,CUST762,Snacks,Bingo Chips,5,20,100,UPI,Kolkata
TXN102395,2025-03-27,CUST528,Snacks,Bingo Mad Angles,3,25,75,Cash,Mumbai
TXN102396,2025-02-09,CUST648,Snacks,Bingo Mad Angles,2,25,50,Cash,Bangalore
TXN102397,2025-05-22,CUST693,FMCG,Aashirvaad Atta,4,65,260,Cash,Hyderabad
TXN102398,2025-06-07,CUST855,Snacks,Bingo Mad Angles,1,25,25,Card,Chennai
TXN102399,2025-01-25,CUST327,Personal Care,Vivel Soap,3,35,105,Card,Hyderabad
TXN102400,2025-03-18,CUST524,Beverages,Sunbean Coffee,3,180,540,UPI,Mumbai
TXN102401,2025-03-05,CUST482,Snacks,Bingo Mad Angles,3,25,75,Cash,Hyderabad
TXN102402,2025-02-27,CUST239,Snacks,Bingo Mad Angles,1,25,25,UPI,Mumbai
TXN102403,2025-05-25,CUST409,Beverages,B Natural Juice,1,40,40,UPI,Chennai
TXN102404,2025-03-09,CUST665,Beverages,B Natural Juice,1,40,40,Card,Mumbai
TXN102405,2025-04-24,CUST371,Beverages,Sunbean Coffee,3,180,540,UPI,Kolkata
TXN102406,2025-02-09,CUST896,Snacks,Bingo Chips,4,20,80,UPI,Mumbai
TXN102407,2025-05-31,CUST578,Personal Care,Savlon Handwash,3,95,285,UPI,Delhi
TXN102408,2025-01-09,CUST732,Beverages,B Natural Juice,5,40,200,Card,Delhi
TXN102409,2025-03-18,CUST771,FMCG,Aashirvaad Atta,4,65,260,Card,Kolkata
TXN102410,2025-03-08,CUST114,Snacks,Bingo Mad Angles,1,25,25,Card,Delhi
TXN102411,2025-05-06,CUST678,Personal Care,Savlon Sanitizer,1,70,70,UPI,Kolkata
TXN102412,2025-03-31,CUST481,FMCG,Aashirvaad Atta,4,65,260,Card,Chennai
TXN102413,2025-02-15,CUST161,Beverages,Sunbean Coffee,1,180,180,UPI,Bangalore
TXN102414,2025-01-21,CUST448,Beverages,B Natural Juice,2,40,80,Cash,Kolkata
TXN102415,2025-06-11,CUST400,Personal Care,Savlon Sanitizer,4,70,280,Cash,Hyderabad
TXN102416,2025-01-02,CUST146,Snacks,Bingo Mad Angles,5,25,125,Card,Delhi
TXN102417,2025-04-20,CUST973,Personal Care,Vivel Soap,1,35,35,UPI,Kolkata
TXN102418,2025-06-13,CUST327,Beverages,Sunbean Coffee,4,180,720,Cash,Chennai
TXN102419,2025-05-06,CUST134,Snacks,Bingo Mad Angles,1,25,25,Card,Hyderabad
TXN102420,2025-03-06,CUST844,Snacks,Bingo Mad Angles,5,25,125,Card,Mumbai
TXN102421,2025-03-31,CUST382,Personal Care,Vivel Soap,2,35,70,Cash,Mumbai
TXN102422,2025-03-04,CUST636,Personal Care,Vivel Soap,4,35,140,UPI,Mumbai
TXN102423,2025-01-17,CUST745,Beverages,Sunbean Coffee,5,180,900,Cash,Kolkata
TXN102424,2025-04-21,CUST469,Beverages,Sunbean Coffee,3,180,540,Cash,Delhi
TXN102425,2025-03-31,CUST204,Beverages,B Natural Juice,1,40,40,Card,Bangalore
TXN102426,2025-05-29,CUST910,FMCG,Aashirvaad Atta,1,65,65,Cash,Kolkata
TXN102427,2025-05-10,CUST991,Beverages,B Natural Juice,3,40,120,UPI,Kolkata
TXN102428,2025-06-30,CUST986,Personal Care,Vivel Soap,1,35,35,Card,Hyderabad
TXN102429,2025-03-19,CUST481,Personal Care,Savlon Handwash,2,95,190,Card,Chennai
TXN102430,2025-01-27,CUST405,FMCG,Aashirvaad Atta,5,65,325,Cash,Kolkata
TXN102431,2025-01-31,CUST234,Personal Care,Vivel Soap,5,35,175,Cash,Bangalore
TXN102432,2025-05-10,CUST956,Beverages,B Natural Juice,4,40,160,UPI,Mumbai
TXN102433,2025-04-08,CUST668,Personal Care,Savlon Handwash,4,95,380,UPI,Kolkata
TXN102434,2025-05-10,CUST870,Personal Care,Vivel Soap,5,35,175,UPI,Chennai
TXN102435,2025-02-28,CUST523,FMCG,Aashirvaad Atta,5,65,325,UPI,Bangalore
TXN102436,2025-02-14,CUST552,Personal Care,Savlon Handwash,4,95,380,UPI,Hyderabad
TXN102437,2025-02-09,CUST368,FMCG,Aashirvaad Atta,5,65,325,UPI,Chennai
TXN102438,2025-03-06,CUST130,Snacks,Bingo Chips,5,20,100,Cash,Bangalore
TXN102439,2025-06-02,CUST615,Personal Care,Vivel Soap,1,35,35,Cash,Chennai
TXN102440,2025-01-28,CUST680,Personal Care,Savlon Sanitizer,4,70,280,Card,Chennai
TXN102441,2025-01-19,CUST411,Snacks,Bingo Chips,5,20,100,UPI,Mumbai
TXN102442,2025-06-06,CUST314,Snacks,Bingo Mad Angles,5,25,125,Cash,Delhi
TXN102443,2025-02-10,CUST398,Beverages,B Natural Juice,4,40,160,UPI,Delhi
TXN102444,2025-01-19,CUST964,Personal Care,Savlon Sanitizer,1,70,70,UPI,Mumbai
TXN102445,2025-03-22,CUST303,FMCG,Aashirvaad Atta,1,65,65,Cash,Bangalore
TXN102446,2025-02-13,CUST262,Personal Care,Savlon Sanitizer,2,70,140,UPI,Delhi
TXN102447,2025-02-22,CUST386,Personal Care,Savlon Handwash,2,95,190,Cash,Chennai
TXN102448,2025-02-04,CUST777,Beverages,Sunbean Coffee,5,180,900,Card,Kolkata
TXN102449,2025-01-21,CUST383,Beverages,Sunbean Coffee,4,180,720,Cash,Hyderabad
TXN102450,2025-04-24,CUST712,Snacks,Bingo Mad Angles,2,25,50,Card,Hyderabad
TXN102451,2025-04-11,CUST329,Personal Care,Savlon Sanitizer,5,70,350,UPI,Hyderabad
TXN102452,2025-03-26,CUST769,FMCG,Aashirvaad Atta,5,65,325,UPI,Hyderabad
TXN102453,2025-06-22,CUST483,Beverages,B Natural Juice,5,40,200,Card,Hyderabad
TXN102454,2025-03-07,CUST444,Personal Care,Savlon Sanitizer,3,70,210,Card,Mumbai
TXN102455,2025-01-31,CUST487,Personal Care,Savlon Handwash,3,95,285,Cash,Bangalore
TXN102456,2025-05-20,CUST643,Snacks,Bingo Mad Angles,5,25,125,Cash,Mumbai
TXN102457,2025-03-23,CUST821,Personal Care,Vivel Soap,2,35,70,UPI,Kolkata
TXN102458,2025-02-15,CUST331,Personal Care,Savlon Handwash,5,95,475,Cash,Mumbai
TXN102459,2025-04-19,CUST953,Personal Care,Savlon Sanitizer,4,70,280,UPI,Chennai
TXN102460,2025-06-14,CUST447,Personal Care,Savlon Sanitizer,2,70,140,UPI,Mumbai
TXN102461,2025-06-22,CUST774,Beverages,B Natural Juice,3,40,120,UPI,Mumbai
TXN102462,2025-01-06,CUST716,Beverages,B Natural Juice,2,40,80,Card,Mumbai
TXN102463,2025-06-14,CUST748,Personal Care,Vivel Soap,2,35,70,UPI,Bangalore
TXN102464,2025-03-18,CUST176,Personal Care,Savlon Sanitizer,1,70,70,Card,Delhi
TXN102465,2025-03-11,CUST600,Beverages,Sunbean Coffee,2,180,360,Card,Delhi
TXN102466,2025-03-14,CUST891,Personal Care,Vivel Soap,4,35,140,UPI,Delhi
TXN102467,2025-02-11,CUST899,Personal Care,Vivel Soap,4,35,140,Cash,Chennai
TXN102468,2025-04-14,CUST785,Beverages,B Natural Juice,1,40,40,UPI,Delhi
TXN102469,2025-02-06,CUST841,Beverages,Sunbean Coffee,4,180,720,UPI,Mumbai
TXN102470,2025-02-12,CUST369,Snacks,Bingo Chips,1,20,20,Card,Hyderabad
TXN102471,2025-03-16,CUST362,Snacks,Bingo Mad Angles,5,25,125,Card,Delhi
TXN102472,2025-05-16,CUST353,Personal Care,Vivel Soap,1,35,35,Card,Chennai
TXN102473,2025-04-12,CUST577,Snacks,Bingo Chips,1,20,20,UPI,Hyderabad
TXN102474,2025-05-29,CUST196,Beverages,Sunbean Coffee,2,180,360,Cash,Mumbai
TXN102475,2025-06-18,CUST763,Beverages,Sunbean Coffee,4,180,720,Cash,Mumbai
TXN102476,2025-05-01,CUST519,Snacks,Bingo Mad Angles,5,25,125,Card,Delhi
TXN102477,2025-03-26,CUST225,Snacks,Bingo Chips,1,20,20,Card,Delhi
TXN102478,2025-05-13,CUST553,Personal Care,Savlon Sanitizer,3,70,210,Cash,Mumbai
TXN102479,2025-02-15,CUST558,Personal Care,Savlon Sanitizer,1,70,70,Card,Kolkata
TXN102480,2025-01-01,CUST748,Snacks,Bingo Chips,5,20,100,Card,Chennai
TXN102481,2025-04-09,CUST662,Beverages,Sunbean Coffee,2,180,360,Cash,Hyderabad
TXN102482,2025-03-23,CUST272,Personal Care,Savlon Sanitizer,3,70,210,UPI,Delhi
TXN102483,2025-06-16,CUST171,Beverages,B Natural Juice,3,40,120,UPI,Kolkata
TXN102484,2025-04-18,CUST712,Personal Care,Vivel Soap,5,35,175,UPI,Hyderabad
TXN102485,2025-02-16,CUST642,Personal Care,Savlon Handwash,2,95,190,Card,Bangalore
TXN102486,2025-04-09,CUST308,Personal Care,Vivel Soap,3,35,105,UPI,Bangalore
TXN102487,2025-01-03,CUST270,Personal Care,Vivel Soap,3,35,105,UPI,Kolkata
TXN102488,2025-02-07,CUST829,Beverages,Sunbean Coffee,2,180,360,UPI,Mumbai
TXN102489,2025-01-07,CUST348,Personal Care,Savlon Handwash,3,95,285,Card,Kolkata
TXN102490,2025-05-30,CUST204,FMCG,Aashirvaad Atta,5,65,325,Cash,Chennai
TXN102491,2025-03-25,CUST294,Snacks,Bingo Mad Angles,5,25,125,Card,Kolkata
TXN102492,2025-04-25,CUST409,Beverages,Sunbean Coffee,5,180,900,Card,Bangalore
TXN102493,2025-06-11,CUST244,Personal Care,Savlon Handwash,5,95,475,UPI,Hyderabad
TXN102494,2025-05-11,CUST545,Personal Care,Savlon Handwash,3,95,285,UPI,Kolkata
TXN102495,2025-04-13,CUST241,Beverages,B Natural Juice,4,40,160,Cash,Kolkata
TXN102496,2025-04-26,CUST250,Beverages,Sunbean Coffee,4,180,720,Cash,Delhi
TXN102497,2025-04-07,CUST879,Personal Care,Vivel Soap,2,35,70,UPI,Mumbai
TXN102498,2025-03-04,CUST664,FMCG,Aashirvaad Atta,3,65,195,Card,Hyderabad
TXN102499,2025-04-21,CUST790,Personal Care,Savlon Handwash,5,95,475,Card,Chennai
TXN102500,2025-01-14,CUST577,Snacks,Bingo Chips,3,20,60,UPI,Bangalore
TXN102501,2025-01-14,CUST333,Personal Care,Savlon Handwash,5,95,475,Cash,Kolkata
TXN102502,2025-02-28,CUST994,Personal Care,Vivel Soap,5,35,175,Card,Delhi
TXN102503,2025-06-04,CUST987,Personal Care,Savlon Sanitizer,4,70,280,UPI,Mumbai
TXN102504,2025-06-26,CUST723,FMCG,Aashirvaad Atta,3,65,195,Cash,Delhi
TXN102505,2025-03-19,CUST983,Beverages,B Natural Juice,3,40,120,Cash,Kolkata
TXN102506,2025-03-12,CUST480,FMCG,Aashirvaad Atta,4,65,260,UPI,Chennai
TXN102507,2025-02-12,CUST370,Personal Care,Savlon Handwash,3,95,285,Card,Kolkata
TXN102508,2025-04-28,CUST303,Personal Care,Savlon Sanitizer,2,70,140,UPI,Mumbai
TXN102509,2025-05-20,CUST853,Snacks,Bingo Chips,1,20,20,UPI,Chennai
TXN102510,2025-03-30,CUST746,FMCG,Aashirvaad Atta,3,65,195,Card,Chennai
TXN102511,2025-06-26,CUST235,Beverages,B Natural Juice,2,40,80,Cash,Chennai
TXN102512,2025-02-23,CUST973,Snacks,Bingo Mad Angles,2,25,50,Cash,Delhi
TXN102513,2025-05-10,CUST600,Personal Care,Savlon Handwash,5,95,475,Card,Chennai
TXN102514,2025-02-07,CUST483,Snacks,Bingo Mad Angles,1,25,25,UPI,Kolkata
TXN102515,2025-05-13,CUST918,Personal Care,Savlon Sanitizer,3,70,210,Card,Delhi
TXN102516,2025-01-27,CUST160,Snacks,Bingo Chips,3,20,60,Cash,Chennai
TXN102517,2025-02-06,CUST859,Snacks,Bingo Mad Angles,4,25,100,Cash,Kolkata
TXN102518,2025-01-05,CUST902,Snacks,Bingo Mad Angles,4,25,100,Card,Delhi
TXN102519,2025-03-07,CUST544,Personal Care,Savlon Sanitizer,4,70,280,Card,Hyderabad
TXN102520,2025-02-19,CUST420,FMCG,Aashirvaad Atta,2,65,130,UPI,Chennai
TXN102521,2025-01-11,CUST142,Beverages,B Natural Juice,3,40,120,UPI,Kolkata
TXN102522,2025-06-08,CUST507,Beverages,B Natural Juice,2,40,80,UPI,Delhi
TXN102523,2025-03-01,CUST733,Snacks,Bingo Mad Angles,1,25,25,UPI,Mumbai
TXN102524,2025-06-06,CUST324,Snacks,Bingo Mad Angles,4,25,100,Card,Delhi
TXN102525,2025-02-10,CUST967,FMCG,Aashirvaad Atta,5,65,325,Card,Bangalore
TXN102526,2025-03-08,CUST479,Snacks,Bingo Mad Angles,3,25,75,Cash,Mumbai
TXN102527,2025-02-15,CUST764,Personal Care,Savlon Sanitizer,5,70,350,Cash,Mumbai
TXN102528,2025-04-03,CUST885,Snacks,Bingo Chips,4,20,80,Cash,Delhi
TXN102529,2025-04-04,CUST518,FMCG,Aashirvaad Atta,5,65,325,Cash,Chennai
TXN102530,2025-01-20,CUST839,Beverages,B Natural Juice,4,40,160,Cash,Hyderabad
TXN102531,2025-02-19,CUST398,Personal Care,Savlon Handwash,1,95,95,UPI,Kolkata
TXN102532,2025-03-06,CUST860,Snacks,Bingo Chips,1,20,20,Cash,Kolkata
TXN102533,2025-05-28,CUST389,FMCG,Aashirvaad Atta,2,65,130,Card,Kolkata
TXN102534,2025-06-11,CUST969,Personal Care,Vivel Soap,4,35,140,Card,Bangalore
TXN102535,2025-04-10,CUST115,Beverages,Sunbean Coffee,3,180,540,Cash,Delhi
TXN102536,2025-04-29,CUST343,Personal Care,Savlon Handwash,1,95,95,Card,Hyderabad
TXN102537,2025-06-25,CUST394,Snacks,Bingo Mad Angles,5,25,125,Cash,Delhi
TXN102538,2025-01-21,CUST818,FMCG,Aashirvaad Atta,2,65,130,UPI,Kolkata
TXN102539,2025-03-17,CUST947,Personal Care,Savlon Sanitizer,3,70,210,Card,Mumbai
TXN102540,2025-06-13,CUST576,Beverages,Sunbean Coffee,5,180,900,Card,Delhi
TXN102541,2025-06-16,CUST221,Snacks,Bingo Chips,2,20,40,Card,Mumbai
TXN102542,2025-03-25,CUST875,Personal Care,Vivel Soap,5,35,175,UPI,Hyderabad
TXN102543,2025-06-09,CUST459,Snacks,Bingo Mad Angles,5,25,125,Card,Delhi
TXN102544,2025-06-06,CUST329,Personal Care,Savlon Sanitizer,1,70,70,Card,Bangalore
TXN102545,2025-04-11,CUST687,Beverages,B Natural Juice,3,40,120,UPI,Chennai
TXN102546,2025-01-05,CUST693,Personal Care,Vivel Soap,3,35,105,UPI,Bangalore
TXN102547,2025-04-17,CUST667,FMCG,Aashirvaad Atta,1,65,65,Card,Hyderabad
TXN102548,2025-05-18,CUST248,Snacks,Bingo Chips,2,20,40,UPI,Bangalore
TXN102549,2025-03-12,CUST346,Snacks,Bingo Mad Angles,5,25,125,Cash,Chennai
TXN102550,2025-06-03,CUST547,Snacks,Bingo Mad Angles,1,25,25,Cash,Delhi
TXN102551,2025-02-19,CUST450,Personal Care,Savlon Sanitizer,5,70,350,UPI,Bangalore
TXN102552,2025-05-12,CUST583,Beverages,Sunbean Coffee,5,180,900,Cash,Mumbai
TXN102553,2025-04-24,CUST789,Personal Care,Savlon Handwash,2,95,190,Cash,Chennai
TXN102554,2025-01-09,CUST957,Snacks,Bingo Mad Angles,2,25,50,Card,Bangalore
TXN102555,2025-06-16,CUST982,Beverages,Sunbean Coffee,3,180,540,UPI,Bangalore
TXN102556,2025-03-27,CUST727,Beverages,B Natural Juice,5,40,200,UPI,Bangalore
TXN102557,2025-04-11,CUST530,Beverages,Sunbean Coffee,3,180,540,Cash,Delhi
TXN102558,2025-06-19,CUST735,Beverages,Sunbean Coffee,1,180,180,Card,Hyderabad
TXN102559,2025-02-17,CUST543,Personal Care,Vivel Soap,1,35,35,Cash,Hyderabad
TXN102560,2025-03-04,CUST811,Beverages,B Natural Juice,2,40,80,Cash,Hyderabad
TXN102561,2025-02-21,CUST261,Personal Care,Savlon Handwash,4,95,380,UPI,Delhi
TXN102562,2025-05-05,CUST762,FMCG,Aashirvaad Atta,4,65,260,UPI,Chennai
TXN102563,2025-06-28,CUST982,Personal Care,Savlon Sanitizer,4,70,280,Cash,Bangalore
TXN102564,2025-05-01,CUST334,Snacks,Bingo Mad Angles,1,25,25,Cash,Mumbai
TXN102565,2025-06-15,CUST653,Snacks,Bingo Mad Angles,3,25,75,Card,Delhi
TXN102566,2025-02-10,CUST945,FMCG,Aashirvaad Atta,2,65,130,UPI,Delhi
TXN102567,2025-04-04,CUST274,Beverages,Sunbean Coffee,1,180,180,Cash,Mumbai
TXN102568,2025-06-05,CUST459,Personal Care,Savlon Handwash,4,95,380,Cash,Kolkata
TXN102569,2025-06-29,CUST696,Personal Care,Savlon Sanitizer,3,70,210,Cash,Chennai
TXN102570,2025-04-25,CUST756,Beverages,Sunbean Coffee,3,180,540,UPI,Bangalore
TXN102571,2025-03-20,CUST513,Beverages,B Natural Juice,2,40,80,UPI,Delhi
TXN102572,2025-01-07,CUST611,Personal Care,Vivel Soap,1,35,35,Card,Bangalore
TXN102573,2025-01-01,CUST890,Personal Care,Savlon Handwash,3,95,285,Cash,Mumbai
TXN102574,2025-05-04,CUST439,Personal Care,Savlon Handwash,5,95,475,Card,Delhi
TXN102575,2025-02-18,CUST200,Snacks,Bingo Mad Angles,5,25,125,Cash,Hyderabad
TXN102576,2025-06-20,CUST160,Snacks,Bingo Chips,3,20,60,Card,Bangalore
TXN102577,2025-05-02,CUST401,Beverages,B Natural Juice,2,40,80,Cash,Delhi
TXN102578,2025-06-09,CUST102,Beverages,Sunbean Coffee,1,180,180,Cash,Bangalore
TXN102579,2025-04-20,CUST577,Personal Care,Vivel Soap,3,35,105,Card,Mumbai
TXN102580,2025-06-07,CUST740,FMCG,Aashirvaad Atta,3,65,195,Card,Hyderabad
TXN102581,2025-05-13,CUST750,Beverages,Sunbean Coffee,3,180,540,UPI,Mumbai
TXN102582,2025-01-19,CUST222,Beverages,B Natural Juice,3,40,120,Card,Chennai
TXN102583,2025-03-26,CUST988,Personal Care,Savlon Handwash,2,95,190,Cash,Bangalore
TXN102584,2025-04-05,CUST227,Beverages,Sunbean Coffee,3,180,540,Cash,Mumbai
TXN102585,2025-04-23,CUST930,Snacks,Bingo Mad Angles,1,25,25,UPI,Chennai
TXN102586,2025-05-28,CUST431,FMCG,Aashirvaad Atta,5,65,325,Card,Delhi
TXN102587,2025-01-28,CUST363,Beverages,B Natural Juice,3,40,120,Card,Mumbai
TXN102588,2025-02-16,CUST497,Personal Care,Vivel Soap,1,35,35,Card,Kolkata
TXN102589,2025-04-19,CUST921,Snacks,Bingo Mad Angles,5,25,125,Cash,Hyderabad
TXN102590,2025-05-19,CUST818,FMCG,Aashirvaad Atta,3,65,195,Cash,Kolkata
TXN102591,2025-05-30,CUST135,Beverages,B Natural Juice,1,40,40,Cash,Chennai
TXN102592,2025-02-17,CUST468,Personal Care,Vivel Soap,2,35,70,Card,Delhi
TXN102593,2025-02-23,CUST821,Personal Care,Savlon Sanitizer,5,70,350,Cash,Mumbai
TXN102594,2025-02-27,CUST963,Beverages,Sunbean Coffee,4,180,720,Card,Mumbai
TXN102595,2025-02-15,CUST330,Beverages,Sunbean Coffee,3,180,540,Cash,Mumbai
TXN102596,2025-06-05,CUST187,Beverages,Sunbean Coffee,1,180,180,Cash,Kolkata
TXN102597,2025-03-08,CUST875,Snacks,Bingo Mad Angles,2,25,50,UPI,Mumbai
TXN102598,2025-02-02,CUST995,FMCG,Aashirvaad Atta,1,65,65,UPI,Chennai
TXN102599,2025-04-14,CUST848,Beverages,B Natural Juice,5,40,200,Card,Delhi
TXN102600,2025-01-14,CUST454,Personal Care,Savlon Handwash,2,95,190,Cash,Hyderabad
TXN102601,2025-02-15,CUST990,Personal Care,Savlon Handwash,1,95,95,UPI,Mumbai
TXN102602,2025-06-15,CUST372,Snacks,Bingo Mad Angles,1,25,25,UPI,Kolkata
TXN102603,2025-01-11,CUST318,Snacks,Bingo Mad Angles,2,25,50,Card,Hyderabad
TXN102604,2025-02-28,CUST335,Personal Care,Vivel Soap,3,35,105,UPI,Chennai
TXN102605,2025-04-09,CUST893,Beverages,Sunbean Coffee,1,180,180,Card,Mumbai
TXN102606,2025-01-01,CUST357,FMCG,Aashirvaad Atta,5,65,325,Card,Mumbai
TXN102607,2025-01-21,CUST224,Beverages,Sunbean Coffee,2,180,360,UPI,Chennai
TXN102608,2025-05-21,CUST497,Snacks,Bingo Chips,1,20,20,UPI,Kolkata
TXN102609,2025-01-31,CUST420,Beverages,B Natural Juice,3,40,120,Card,Kolkata
TXN102610,2025-05-20,CUST989,Beverages,B Natural Juice,2,40,80,Card,Kolkata
TXN102611,2025-03-31,CUST125,Personal Care,Vivel Soap,1,35,35,Cash,Hyderabad
TXN102612,2025-02-02,CUST730,Snacks,Bingo Chips,1,20,20,Card,Bangalore
TXN102613,2025-01-15,CUST872,Snacks,Bingo Mad Angles,1,25,25,UPI,Bangalore
TXN102614,2025-03-12,CUST729,Personal Care,Savlon Sanitizer,2,70,140,Cash,Chennai
TXN102615,2025-03-14,CUST379,FMCG,Aashirvaad Atta,2,65,130,Cash,Kolkata
TXN102616,2025-06-11,CUST995,Snacks,Bingo Mad Angles,4,25,100,Card,Mumbai
TXN102617,2025-03-29,CUST599,Beverages,B Natural Juice,1,40,40,Cash,Delhi
TXN102618,2025-01-04,CUST243,Snacks,Bingo Chips,2,20,40,UPI,Kolkata
TXN102619,2025-02-01,CUST908,Beverages,B Natural Juice,2,40,80,UPI,Hyderabad
TXN102620,2025-05-27,CUST864,Snacks,Bingo Chips,5,20,100,Cash,Chennai
TXN102621,2025-03-30,CUST239,Snacks,Bingo Chips,1,20,20,Cash,Kolkata
TXN102622,2025-02-18,CUST391,Snacks,Bingo Mad Angles,1,25,25,UPI,Chennai
TXN102623,2025-05-01,CUST795,Snacks,Bingo Mad Angles,3,25,75,Cash,Kolkata
TXN102624,2025-05-16,CUST410,FMCG,Aashirvaad Atta,3,65,195,Cash,Mumbai
TXN102625,2025-04-02,CUST196,Beverages,Sunbean Coffee,2,180,360,Card,Delhi
TXN102626,2025-01-13,CUST934,Beverages,B Natural Juice,1,40,40,Cash,Bangalore
TXN102627,2025-04-18,CUST856,Personal Care,Vivel Soap,3,35,105,Cash,Kolkata
TXN102628,2025-05-01,CUST275,Personal Care,Savlon Sanitizer,1,70,70,Card,Bangalore
TXN102629,2025-01-03,CUST800,Snacks,Bingo Mad Angles,4,25,100,Cash,Chennai
TXN102630,2025-04-27,CUST313,Personal Care,Savlon Handwash,5,95,475,UPI,Kolkata
TXN102631,2025-03-05,CUST912,Snacks,Bingo Chips,3,20,60,Cash,Hyderabad
TXN102632,2025-01-24,CUST949,Snacks,Bingo Mad Angles,5,25,125,UPI,Kolkata
TXN102633,2025-01-11,CUST938,Personal Care,Vivel Soap,1,35,35,UPI,Bangalore
TXN102634,2025-03-23,CUST688,Personal Care,Vivel Soap,5,35,175,Cash,Bangalore
TXN102635,2025-03-04,CUST299,Beverages,B Natural Juice,3,40,120,UPI,Hyderabad
TXN102636,2025-05-05,CUST765,FMCG,Aashirvaad Atta,4,65,260,UPI,Chennai
TXN102637,2025-06-13,CUST995,Personal Care,Savlon Handwash,3,95,285,Card,Bangalore
TXN102638,2025-04-17,CUST648,Snacks,Bingo Chips,5,20,100,Cash,Mumbai
TXN102639,2025-06-22,CUST268,Personal Care,Vivel Soap,2,35,70,Card,Mumbai
TXN102640,2025-01-01,CUST526,Personal Care,Vivel Soap,2,35,70,Cash,Kolkata
TXN102641,2025-02-14,CUST774,Personal Care,Vivel Soap,3,35,105,Card,Delhi
TXN102642,2025-01-21,CUST857,Personal Care,Vivel Soap,5,35,175,UPI,Hyderabad
TXN102643,2025-03-17,CUST307,Beverages,B Natural Juice,2,40,80,Card,Delhi
TXN102644,2025-06-28,CUST590,Personal Care,Savlon Handwash,3,95,285,UPI,Hyderabad
TXN102645,2025-06-15,CUST880,FMCG,Aashirvaad Atta,3,65,195,Cash,Kolkata
TXN102646,2025-03-29,CUST768,Personal Care,Savlon Sanitizer,2,70,140,UPI,Bangalore
TXN102647,2025-04-03,CUST881,Personal Care,Savlon Handwash,1,95,95,Cash,Kolkata
TXN102648,2025-06-07,CUST140,FMCG,Aashirvaad Atta,3,65,195,UPI,Kolkata
TXN102649,2025-01-21,CUST298,Personal Care,Vivel Soap,4,35,140,Cash,Mumbai
TXN102650,2025-04-23,CUST297,FMCG,Aashirvaad Atta,5,65,325,UPI,Hyderabad
TXN102651,2025-01-14,CUST682,Personal Care,Savlon Sanitizer,1,70,70,Cash,Hyderabad
TXN102652,2025-01-18,CUST515,Snacks,Bingo Chips,5,20,100,UPI,Chennai
TXN102653,2025-03-06,CUST402,Snacks,Bingo Mad Angles,5,25,125,UPI,Chennai
TXN102654,2025-05-20,CUST651,Beverages,B Natural Juice,3,40,120,UPI,Hyderabad
TXN102655,2025-01-03,CUST716,Snacks,Bingo Chips,4,20,80,Card,Hyderabad
TXN102656,2025-01-11,CUST390,Snacks,Bingo Mad Angles,2,25,50,Cash,Chennai
TXN102657,2025-03-16,CUST526,Snacks,Bingo Chips,4,20,80,UPI,Kolkata
TXN102658,2025-04-17,CUST356,Beverages,Sunbean Coffee,4,180,720,Cash,Delhi
TXN102659,2025-06-10,CUST883,Beverages,Sunbean Coffee,2,180,360,UPI,Mumbai
TXN102660,2025-04-03,CUST635,FMCG,Aashirvaad Atta,5,65,325,Card,Chennai
TXN102661,2025-03-23,CUST646,FMCG,Aashirvaad Atta,5,65,325,Cash,Chennai
TXN102662,2025-01-20,CUST207,Beverages,B Natural Juice,5,40,200,Cash,Delhi
TXN102663,2025-01-13,CUST607,Beverages,B Natural Juice,5,40,200,Card,Hyderabad
TXN102664,2025-03-01,CUST720,Beverages,B Natural Juice,1,40,40,Cash,Delhi
TXN102665,2025-01-10,CUST216,Beverages,Sunbean Coffee,5,180,900,Card,Delhi
TXN102666,2025-03-19,CUST279,Personal Care,Vivel Soap,5,35,175,Card,Delhi
TXN102667,2025-05-14,CUST887,Personal Care,Vivel Soap,3,35,105,Cash,Chennai
TXN102668,2025-06-25,CUST182,Personal Care,Savlon Sanitizer,1,70,70,Cash,Chennai
TXN102669,2025-05-21,CUST667,Beverages,B Natural Juice,4,40,160,Cash,Mumbai
TXN102670,2025-02-07,CUST307,Beverages,B Natural Juice,5,40,200,UPI,Kolkata
TXN102671,2025-03-29,CUST206,Personal Care,Savlon Sanitizer,5,70,350,Cash,Kolkata
TXN102672,2025-01-28,CUST410,Personal Care,Savlon Handwash,1,95,95,Cash,Delhi
TXN102673,2025-05-06,CUST788,Snacks,Bingo Chips,5,20,100,UPI,Kolkata
TXN102674,2025-03-17,CUST260,Personal Care,Savlon Handwash,1,95,95,UPI,Mumbai
TXN102675,2025-05-11,CUST855,FMCG,Aashirvaad Atta,3,65,195,Card,Chennai
TXN102676,2025-06-11,CUST970,Snacks,Bingo Chips,4,20,80,Card,Bangalore
TXN102677,2025-05-30,CUST583,Personal Care,Savlon Sanitizer,5,70,350,Card,Chennai
TXN102678,2025-04-23,CUST522,Personal Care,Savlon Sanitizer,3,70,210,UPI,Mumbai
TXN102679,2025-03-12,CUST571,Personal Care,Vivel Soap,3,35,105,Cash,Mumbai
TXN102680,2025-02-10,CUST609,Snacks,Bingo Chips,4,20,80,Cash,Bangalore
TXN102681,2025-04-24,CUST188,Beverages,Sunbean Coffee,4,180,720,UPI,Bangalore
TXN102682,2025-05-13,CUST634,FMCG,Aashirvaad Atta,2,65,130,UPI,Mumbai
TXN102683,2025-02-17,CUST840,Snacks,Bingo Chips,1,20,20,Cash,Chennai
TXN102684,2025-05-18,CUST644,Personal Care,Savlon Handwash,4,95,380,Cash,Chennai
TXN102685,2025-02-22,CUST782,Snacks,Bingo Mad Angles,3,25,75,Cash,Delhi
TXN102686,2025-06-08,CUST307,Personal Care,Savlon Sanitizer,2,70,140,Card,Mumbai
TXN102687,2025-03-21,CUST211,Personal Care,Savlon Sanitizer,2,70,140,UPI,Mumbai
TXN102688,2025-02-18,CUST902,Personal Care,Savlon Handwash,2,95,190,Cash,Mumbai
TXN102689,2025-05-20,CUST706,Beverages,B Natural Juice,5,40,200,Cash,Bangalore
TXN102690,2025-04-17,CUST108,Beverages,B Natural Juice,1,40,40,Cash,Hyderabad
TXN102691,2025-05-23,CUST310,Snacks,Bingo Mad Angles,5,25,125,UPI,Kolkata
TXN102692,2025-06-12,CUST846,Personal Care,Savlon Sanitizer,4,70,280,UPI,Hyderabad
TXN102693,2025-05-23,CUST918,Beverages,Sunbean Coffee,4,180,720,Cash,Chennai
TXN102694,2025-03-18,CUST756,Personal Care,Savlon Handwash,3,95,285,UPI,Chennai
TXN102695,2025-05-07,CUST618,Beverages,Sunbean Coffee,5,180,900,Cash,Delhi
TXN102696,2025-06-27,CUST599,Snacks,Bingo Chips,1,20,20,Cash,Hyderabad
TXN102697,2025-01-06,CUST134,Personal Care,Savlon Handwash,2,95,190,UPI,Hyderabad
TXN102698,2025-05-30,CUST351,Beverages,B Natural Juice,5,40,200,Cash,Hyderabad
TXN102699,2025-04-23,CUST546,Beverages,B Natural Juice,4,40,160,Cash,Chennai
TXN102700,2025-03-29,CUST290,Personal Care,Savlon Sanitizer,2,70,140,Cash,Bangalore
TXN102701,2025-06-12,CUST370,Beverages,Sunbean Coffee,2,180,360,Cash,Chennai
TXN102702,2025-02-18,CUST125,Beverages,B Natural Juice,3,40,120,Card,Kolkata
TXN102703,2025-04-21,CUST335,Personal Care,Vivel Soap,1,35,35,Card,Delhi
TXN102704,2025-06-05,CUST856,Personal Care,Savlon Sanitizer,2,70,140,Card,Chennai
TXN102705,2025-05-07,CUST236,Beverages,B Natural Juice,1,40,40,UPI,Mumbai
TXN102706,2025-03-19,CUST604,Personal Care,Savlon Handwash,4,95,380,Card,Kolkata
TXN102707,2025-04-17,CUST367,Beverages,B Natural Juice,4,40,160,Cash,Kolkata
TXN102708,2025-03-31,CUST324,Personal Care,Savlon Sanitizer,2,70,140,UPI,Mumbai
TXN102709,2025-05-29,CUST971,Personal Care,Savlon Sanitizer,5,70,350,Cash,Mumbai
TXN102710,2025-01-22,CUST939,FMCG,Aashirvaad Atta,1,65,65,UPI,Bangalore
TXN102711,2025-03-05,CUST743,Beverages,B Natural Juice,2,40,80,UPI,Bangalore
TXN102712,2025-02-15,CUST936,Beverages,B Natural Juice,3,40,120,Cash,Delhi
TXN102713,2025-06-01,CUST271,Snacks,Bingo Mad Angles,5,25,125,UPI,Kolkata
TXN102714,2025-03-30,CUST797,Beverages,Sunbean Coffee,2,180,360,Card,Chennai
TXN102715,2025-03-10,CUST290,Beverages,Sunbean Coffee,5,180,900,Cash,Bangalore
TXN102716,2025-03-31,CUST639,Personal Care,Savlon Sanitizer,2,70,140,Cash,Kolkata
TXN102717,2025-03-08,CUST976,Beverages,B Natural Juice,4,40,160,Cash,Bangalore
TXN102718,2025-06-28,CUST596,Snacks,Bingo Mad Angles,5,25,125,Card,Kolkata
TXN102719,2025-04-16,CUST823,Beverages,B Natural Juice,2,40,80,UPI,Chennai
TXN102720,2025-06-18,CUST648,Personal Care,Vivel Soap,1,35,35,Cash,Bangalore
TXN102721,2025-02-22,CUST313,Personal Care,Savlon Handwash,2,95,190,Cash,Kolkata
TXN102722,2025-01-06,CUST113,Beverages,Sunbean Coffee,2,180,360,Cash,Mumbai
TXN102723,2025-02-08,CUST824,Beverages,Sunbean Coffee,3,180,540,Cash,Chennai
TXN102724,2025-01-09,CUST956,FMCG,Aashirvaad Atta,1,65,65,UPI,Chennai
TXN102725,2025-06-08,CUST324,Personal Care,Vivel Soap,2,35,70,Card,Bangalore
TXN102726,2025-04-26,CUST344,FMCG,Aashirvaad Atta,2,65,130,Cash,Bangalore
TXN102727,2025-06-11,CUST323,Personal Care,Vivel Soap,2,35,70,Card,Bangalore
TXN102728,2025-02-18,CUST737,Snacks,Bingo Chips,1,20,20,UPI,Delhi
TXN102729,2025-02-22,CUST259,Personal Care,Savlon Sanitizer,4,70,280,UPI,Chennai
TXN102730,2025-01-02,CUST199,Beverages,B Natural Juice,3,40,120,UPI,Kolkata
TXN102731,2025-02-09,CUST781,Personal Care,Vivel Soap,1,35,35,UPI,Bangalore
TXN102732,2025-06-12,CUST402,Beverages,B Natural Juice,1,40,40,UPI,Delhi
TXN102733,2025-04-28,CUST521,Personal Care,Vivel Soap,3,35,105,Cash,Bangalore
TXN102734,2025-04-07,CUST423,Snacks,Bingo Mad Angles,4,25,100,Card,Chennai
TXN102735,2025-04-26,CUST892,Beverages,B Natural Juice,5,40,200,Card,Hyderabad
TXN102736,2025-05-28,CUST528,FMCG,Aashirvaad Atta,4,65,260,Cash,Bangalore
TXN102737,2025-03-08,CUST776,Personal Care,Vivel Soap,3,35,105,Card,Kolkata
TXN102738,2025-03-24,CUST297,Snacks,Bingo Mad Angles,1,25,25,Card,Hyderabad
TXN102739,2025-04-23,CUST232,Beverages,Sunbean Coffee,3,180,540,Card,Kolkata
TXN102740,2025-04-12,CUST422,Snacks,Bingo Mad Angles,5,25,125,Card,Mumbai
TXN102741,2025-06-11,CUST701,Personal Care,Vivel Soap,3,35,105,Cash,Hyderabad
TXN102742,2025-05-14,CUST404,Snacks,Bingo Mad Angles,3,25,75,Card,Mumbai
TXN102743,2025-01-29,CUST326,Beverages,B Natural Juice,2,40,80,Cash,Bangalore
TXN102744,2025-06-12,CUST871,Snacks,Bingo Mad Angles,1,25,25,Cash,Bangalore
TXN102745,2025-03-22,CUST536,Beverages,B Natural Juice,1,40,40,Card,Bangalore
TXN102746,2025-04-29,CUST856,Personal Care,Savlon Handwash,1,95,95,Card,Kolkata
TXN102747,2025-04-26,CUST468,Snacks,Bingo Chips,1,20,20,UPI,Chennai
TXN102748,2025-02-18,CUST517,FMCG,Aashirvaad Atta,1,65,65,Card,Hyderabad
TXN102749,2025-01-25,CUST363,Beverages,B Natural Juice,4,40,160,Card,Kolkata
TXN102750,2025-01-10,CUST267,FMCG,Aashirvaad Atta,5,65,325,UPI,Chennai
TXN102751,2025-01-01,CUST266,Personal Care,Savlon Sanitizer,3,70,210,Card,Chennai
TXN102752,2025-01-08,CUST760,Beverages,Sunbean Coffee,3,180,540,Cash,Bangalore
TXN102753,2025-06-23,CUST873,Personal Care,Savlon Sanitizer,5,70,350,Card,Kolkata
TXN102754,2025-02-05,CUST670,Personal Care,Savlon Handwash,4,95,380,Card,Delhi
TXN102755,2025-05-14,CUST791,Personal Care,Savlon Handwash,1,95,95,UPI,Hyderabad
TXN102756,2025-05-26,CUST414,FMCG,Aashirvaad Atta,3,65,195,UPI,Kolkata
TXN102757,2025-03-19,CUST553,FMCG,Aashirvaad Atta,5,65,325,Cash,Hyderabad
TXN102758,2025-06-18,CUST252,Beverages,B Natural Juice,3,40,120,Cash,Bangalore
TXN102759,2025-05-26,CUST497,Beverages,B Natural Juice,1,40,40,Card,Chennai
TXN102760,2025-03-08,CUST623,Beverages,Sunbean Coffee,5,180,900,Cash,Delhi
TXN102761,2025-01-14,CUST859,Personal Care,Vivel Soap,3,35,105,Card,Chennai
TXN102762,2025-05-19,CUST653,Beverages,B Natural Juice,5,40,200,UPI,Mumbai
TXN102763,2025-05-23,CUST892,Snacks,Bingo Mad Angles,2,25,50,Card,Chennai
TXN102764,2025-01-31,CUST650,Personal Care,Savlon Handwash,1,95,95,Cash,Delhi
TXN102765,2025-01-05,CUST224,Beverages,Sunbean Coffee,4,180,720,Cash,Chennai
TXN102766,2025-03-17,CUST887,Personal Care,Savlon Handwash,2,95,190,Cash,Delhi
TXN102767,2025-01-09,CUST595,Beverages,Sunbean Coffee,1,180,180,UPI,Hyderabad
TXN102768,2025-06-05,CUST226,Snacks,Bingo Chips,1,20,20,Card,Bangalore
TXN102769,2025-04-27,CUST749,Beverages,Sunbean Coffee,4,180,720,Card,Chennai
TXN102770,2025-03-15,CUST681,Snacks,Bingo Chips,5,20,100,UPI,Bangalore
TXN102771,2025-02-25,CUST681,Personal Care,Savlon Sanitizer,2,70,140,UPI,Hyderabad
TXN102772,2025-02-08,CUST661,Personal Care,Savlon Handwash,3,95,285,Card,Chennai
TXN102773,2025-03-28,CUST537,Personal Care,Savlon Handwash,5,95,475,UPI,Delhi
TXN102774,2025-02-22,CUST772,Snacks,Bingo Mad Angles,2,25,50,Cash,Hyderabad
TXN102775,2025-05-11,CUST497,Personal Care,Savlon Handwash,2,95,190,UPI,Bangalore
TXN102776,2025-01-25,CUST136,Snacks,Bingo Mad Angles,3,25,75,UPI,Hyderabad
TXN102777,2025-02-28,CUST427,FMCG,Aashirvaad Atta,2,65,130,Card,Delhi
TXN102778,2025-05-12,CUST461,Beverages,Sunbean Coffee,2,180,360,Cash,Delhi
TXN102779,2025-05-17,CUST831,Personal Care,Savlon Sanitizer,3,70,210,Cash,Delhi
TXN102780,2025-05-06,CUST249,Personal Care,Vivel Soap,2,35,70,UPI,Bangalore
TXN102781,2025-06-07,CUST775,Personal Care,Vivel Soap,5,35,175,UPI,Delhi
TXN102782,2025-02-10,CUST701,Personal Care,Savlon Sanitizer,2,70,140,Cash,Kolkata
TXN102783,2025-04-17,CUST360,Personal Care,Vivel Soap,3,35,105,Cash,Mumbai
TXN102784,2025-03-07,CUST183,Beverages,Sunbean Coffee,3,180,540,UPI,Mumbai
TXN102785,2025-05-21,CUST545,Snacks,Bingo Mad Angles,2,25,50,UPI,Delhi
TXN102786,2025-06-20,CUST651,Personal Care,Savlon Sanitizer,5,70,350,Cash,Mumbai
TXN102787,2025-05-03,CUST780,Snacks,Bingo Chips,1,20,20,Card,Bangalore
TXN102788,2025-04-21,CUST518,FMCG,Aashirvaad Atta,5,65,325,UPI,Kolkata
TXN102789,2025-01-12,CUST904,Personal Care,Savlon Handwash,5,95,475,Card,Bangalore
TXN102790,2025-03-19,CUST704,Beverages,Sunbean Coffee,2,180,360,UPI,Bangalore
TXN102791,2025-05-08,CUST516,Beverages,B Natural Juice,1,40,40,UPI,Chennai
TXN102792,2025-05-26,CUST537,Beverages,B Natural Juice,3,40,120,Cash,Hyderabad
TXN102793,2025-05-06,CUST248,Beverages,B Natural Juice,2,40,80,UPI,Chennai
TXN102794,2025-02-12,CUST390,Snacks,Bingo Mad Angles,5,25,125,Cash,Chennai
TXN102795,2025-02-05,CUST755,Beverages,Sunbean Coffee,1,180,180,UPI,Chennai
TXN102796,2025-04-25,CUST535,Personal Care,Savlon Sanitizer,2,70,140,UPI,Mumbai
TXN102797,2025-01-22,CUST379,Snacks,Bingo Chips,5,20,100,UPI,Hyderabad
TXN102798,2025-06-04,CUST810,Personal Care,Savlon Handwash,2,95,190,Cash,Mumbai
TXN102799,2025-04-28,CUST286,Beverages,Sunbean Coffee,1,180,180,Cash,Chennai
TXN102800,2025-02-16,CUST574,Beverages,B Natural Juice,4,40,160,Card,Bangalore
TXN102801,2025-02-15,CUST101,Snacks,Bingo Mad Angles,1,25,25,Cash,Kolkata
TXN102802,2025-04-20,CUST826,FMCG,Aashirvaad Atta,3,65,195,Card,Bangalore
TXN102803,2025-01-19,CUST784,Beverages,Sunbean Coffee,5,180,900,Cash,Mumbai
TXN102804,2025-03-19,CUST741,Personal Care,Savlon Handwash,2,95,190,Cash,Delhi
TXN102805,2025-01-13,CUST572,Personal Care,Savlon Handwash,1,95,95,UPI,Kolkata
TXN102806,2025-02-14,CUST200,Snacks,Bingo Mad Angles,4,25,100,Card,Kolkata
TXN102807,2025-04-17,CUST771,Personal Care,Savlon Sanitizer,3,70,210,UPI,Hyderabad
TXN102808,2025-05-28,CUST701,FMCG,Aashirvaad Atta,4,65,260,UPI,Delhi
TXN102809,2025-03-07,CUST119,FMCG,Aashirvaad Atta,4,65,260,Cash,Chennai
TXN102810,2025-04-12,CUST848,Beverages,Sunbean Coffee,5,180,900,Cash,Bangalore
TXN102811,2025-03-13,CUST329,Snacks,Bingo Chips,4,20,80,UPI,Mumbai
TXN102812,2025-04-03,CUST292,Beverages,Sunbean Coffee,1,180,180,Card,Chennai
TXN102813,2025-04-09,CUST829,Personal Care,Savlon Sanitizer,4,70,280,UPI,Kolkata
TXN102814,2025-03-07,CUST348,Snacks,Bingo Mad Angles,2,25,50,Cash,Bangalore
TXN102815,2025-06-24,CUST144,Snacks,Bingo Mad Angles,2,25,50,Cash,Kolkata
TXN102816,2025-01-02,CUST863,Personal Care,Vivel Soap,1,35,35,Cash,Kolkata
TXN102817,2025-05-21,CUST401,Snacks,Bingo Mad Angles,4,25,100,Card,Bangalore
TXN102818,2025-02-26,CUST612,Personal Care,Savlon Handwash,2,95,190,Card,Chennai
TXN102819,2025-03-31,CUST538,Beverages,B Natural Juice,5,40,200,Cash,Kolkata
TXN102820,2025-04-18,CUST271,Personal Care,Savlon Handwash,1,95,95,Cash,Hyderabad
TXN102821,2025-05-30,CUST909,FMCG,Aashirvaad Atta,3,65,195,UPI,Mumbai
TXN102822,2025-04-13,CUST302,Beverages,B Natural Juice,1,40,40,Cash,Bangalore
TXN102823,2025-01-07,CUST332,Snacks,Bingo Mad Angles,4,25,100,Card,Hyderabad
TXN102824,2025-01-17,CUST373,Beverages,Sunbean Coffee,1,180,180,UPI,Mumbai
TXN102825,2025-05-15,CUST609,Beverages,B Natural Juice,2,40,80,Card,Delhi
TXN102826,2025-06-15,CUST750,Personal Care,Vivel Soap,4,35,140,UPI,Hyderabad
TXN102827,2025-02-06,CUST318,Beverages,Sunbean Coffee,5,180,900,UPI,Mumbai
TXN102828,2025-05-11,CUST454,FMCG,Aashirvaad Atta,5,65,325,UPI,Hyderabad
TXN102829,2025-04-10,CUST386,Beverages,B Natural Juice,3,40,120,UPI,Chennai
TXN102830,2025-05-25,CUST540,Snacks,Bingo Chips,5,20,100,Card,Kolkata
TXN102831,2025-06-07,CUST582,Snacks,Bingo Chips,2,20,40,Card,Hyderabad
TXN102832,2025-01-19,CUST503,Beverages,Sunbean Coffee,4,180,720,Card,Mumbai
TXN102833,2025-03-01,CUST279,Snacks,Bingo Mad Angles,1,25,25,Card,Delhi
TXN102834,2025-06-06,CUST509,Personal Care,Savlon Sanitizer,1,70,70,Card,Chennai
TXN102835,2025-01-25,CUST877,Snacks,Bingo Mad Angles,1,25,25,Card,Mumbai
TXN102836,2025-03-09,CUST348,Beverages,Sunbean Coffee,4,180,720,UPI,Delhi
TXN102837,2025-05-13,CUST379,Snacks,Bingo Chips,3,20,60,Cash,Chennai
TXN102838,2025-04-12,CUST460,Personal Care,Savlon Handwash,1,95,95,Cash,Mumbai
TXN102839,2025-05-16,CUST119,Personal Care,Savlon Handwash,5,95,475,Cash,Chennai
TXN102840,2025-03-25,CUST511,Personal Care,Vivel Soap,3,35,105,Card,Bangalore
TXN102841,2025-04-19,CUST231,Personal Care,Savlon Sanitizer,4,70,280,Cash,Hyderabad
TXN102842,2025-01-07,CUST192,Beverages,B Natural Juice,5,40,200,UPI,Delhi
TXN102843,2025-03-23,CUST439,FMCG,Aashirvaad Atta,3,65,195,Card,Kolkata
TXN102844,2025-01-14,CUST522,Personal Care,Savlon Sanitizer,3,70,210,UPI,Chennai
TXN102845,2025-05-15,CUST556,Beverages,B Natural Juice,2,40,80,Card,Chennai
TXN102846,2025-02-27,CUST208,FMCG,Aashirvaad Atta,1,65,65,Cash,Mumbai
TXN102847,2025-06-05,CUST736,Snacks,Bingo Chips,5,20,100,UPI,Chennai
TXN102848,2025-01-16,CUST297,Beverages,Sunbean Coffee,5,180,900,UPI,Mumbai
TXN102849,2025-03-24,CUST611,Personal Care,Savlon Sanitizer,2,70,140,UPI,Hyderabad
TXN102850,2025-02-24,CUST173,Personal Care,Vivel Soap,4,35,140,UPI,Chennai
TXN102851,2025-05-21,CUST144,Personal Care,Vivel Soap,3,35,105,Card,Kolkata
TXN102852,2025-03-15,CUST988,Snacks,Bingo Chips,5,20,100,UPI,Chennai
TXN102853,2025-05-26,CUST339,Beverages,B Natural Juice,2,40,80,UPI,Hyderabad
TXN102854,2025-02-01,CUST814,FMCG,Aashirvaad Atta,3,65,195,Cash,Chennai
TXN102855,2025-04-22,CUST587,FMCG,Aashirvaad Atta,1,65,65,Cash,Bangalore
TXN102856,2025-06-03,CUST908,Beverages,Sunbean Coffee,1,180,180,Card,Mumbai
TXN102857,2025-04-07,CUST726,Personal Care,Vivel Soap,4,35,140,Card,Kolkata
TXN102858,2025-03-30,CUST975,Beverages,B Natural Juice,5,40,200,UPI,Delhi
TXN102859,2025-03-16,CUST833,Personal Care,Vivel Soap,5,35,175,UPI,Chennai
TXN102860,2025-02-13,CUST114,Personal Care,Savlon Sanitizer,1,70,70,Cash,Chennai
TXN102861,2025-06-06,CUST781,Snacks,Bingo Chips,3,20,60,Cash,Bangalore
TXN102862,2025-03-23,CUST613,Snacks,Bingo Mad Angles,5,25,125,Card,Bangalore
TXN102863,2025-04-03,CUST715,Personal Care,Savlon Handwash,4,95,380,Cash,Mumbai
TXN102864,2025-05-12,CUST629,Beverages,B Natural Juice,4,40,160,Card,Bangalore
TXN102865,2025-03-08,CUST385,FMCG,Aashirvaad Atta,3,65,195,Cash,Mumbai
TXN102866,2025-01-20,CUST551,Personal Care,Savlon Sanitizer,3,70,210,Card,Hyderabad
TXN102867,2025-03-29,CUST760,Snacks,Bingo Chips,4,20,80,Card,Kolkata
TXN102868,2025-06-23,CUST941,Personal Care,Savlon Handwash,5,95,475,Cash,Delhi
TXN102869,2025-02-10,CUST984,Beverages,Sunbean Coffee,4,180,720,UPI,Chennai
TXN102870,2025-05-15,CUST832,Personal Care,Savlon Handwash,2,95,190,UPI,Mumbai
TXN102871,2025-05-20,CUST440,Personal Care,Savlon Sanitizer,1,70,70,Cash,Delhi
TXN102872,2025-03-01,CUST275,Snacks,Bingo Mad Angles,1,25,25,UPI,Mumbai
TXN102873,2025-03-13,CUST579,Beverages,B Natural Juice,3,40,120,Card,Chennai
TXN102874,2025-05-10,CUST630,Snacks,Bingo Mad Angles,5,25,125,Cash,Bangalore
TXN102875,2025-03-29,CUST350,Personal Care,Savlon Sanitizer,3,70,210,Card,Hyderabad
TXN102876,2025-04-13,CUST482,Snacks,Bingo Chips,1,20,20,UPI,Delhi
TXN102877,2025-04-18,CUST867,Beverages,B Natural Juice,2,40,80,UPI,Delhi
TXN102878,2025-02-27,CUST603,Personal Care,Savlon Handwash,3,95,285,Cash,Kolkata
TXN102879,2025-03-15,CUST239,Personal Care,Vivel Soap,3,35,105,UPI,Mumbai
TXN102880,2025-06-07,CUST888,Personal Care,Savlon Sanitizer,5,70,350,Cash,Delhi
TXN102881,2025-06-12,CUST348,Personal Care,Vivel Soap,5,35,175,Cash,Delhi
TXN102882,2025-02-12,CUST420,Snacks,Bingo Mad Angles,5,25,125,UPI,Mumbai
TXN102883,2025-03-06,CUST824,Personal Care,Savlon Handwash,3,95,285,Card,Mumbai
TXN102884,2025-03-02,CUST859,Snacks,Bingo Chips,5,20,100,UPI,Mumbai
TXN102885,2025-06-30,CUST492,Beverages,B Natural Juice,3,40,120,UPI,Delhi
TXN102886,2025-05-13,CUST458,Beverages,Sunbean Coffee,2,180,360,Card,Bangalore
TXN102887,2025-06-07,CUST396,Personal Care,Savlon Handwash,4,95,380,Card,Bangalore
TXN102888,2025-06-12,CUST254,FMCG,Aashirvaad Atta,2,65,130,UPI,Mumbai
TXN102889,2025-05-04,CUST247,Beverages,B Natural Juice,4,40,160,Cash,Mumbai
TXN102890,2025-02-12,CUST720,Personal Care,Vivel Soap,5,35,175,UPI,Hyderabad
TXN102891,2025-03-11,CUST395,Personal Care,Savlon Sanitizer,2,70,140,Cash,Hyderabad
TXN102892,2025-04-25,CUST828,Beverages,B Natural Juice,2,40,80,Card,Bangalore
TXN102893,2025-03-23,CUST123,Beverages,B Natural Juice,3,40,120,UPI,Kolkata
TXN102894,2025-05-30,CUST920,Snacks,Bingo Chips,5,20,100,Card,Delhi
TXN102895,2025-03-30,CUST958,Beverages,Sunbean Coffee,3,180,540,UPI,Hyderabad
TXN102896,2025-04-02,CUST504,Beverages,Sunbean Coffee,1,180,180,Cash,Mumbai
TXN102897,2025-01-22,CUST486,Beverages,B Natural Juice,1,40,40,Cash,Delhi
TXN102898,2025-01-11,CUST270,Personal Care,Vivel Soap,4,35,140,UPI,Hyderabad
TXN102899,2025-06-09,CUST228,Snacks,Bingo Chips,2,20,40,UPI,Bangalore
TXN102900,2025-06-24,CUST829,Snacks,Bingo Chips,1,20,20,UPI,Mumbai
TXN102901,2025-02-22,CUST189,Personal Care,Savlon Handwash,4,95,380,Card,Delhi
TXN102902,2025-01-24,CUST420,Personal Care,Vivel Soap,1,35,35,UPI,Chennai
TXN102903,2025-02-12,CUST345,Beverages,Sunbean Coffee,5,180,900,UPI,Delhi
TXN102904,2025-05-20,CUST151,Snacks,Bingo Mad Angles,1,25,25,Cash,Mumbai
TXN102905,2025-02-04,CUST647,FMCG,Aashirvaad Atta,5,65,325,Cash,Hyderabad
TXN102906,2025-04-30,CUST944,Beverages,B Natural Juice,5,40,200,Card,Hyderabad
TXN102907,2025-02-12,CUST413,Beverages,Sunbean Coffee,3,180,540,Cash,Kolkata
TXN102908,2025-04-16,CUST714,Personal Care,Savlon Sanitizer,2,70,140,UPI,Chennai
TXN102909,2025-05-05,CUST441,Beverages,B Natural Juice,1,40,40,Cash,Chennai
TXN102910,2025-03-12,CUST177,Snacks,Bingo Chips,2,20,40,Card,Hyderabad
TXN102911,2025-06-03,CUST257,Snacks,Bingo Chips,2,20,40,Cash,Hyderabad
TXN102912,2025-04-13,CUST906,Personal Care,Savlon Sanitizer,4,70,280,Cash,Kolkata
TXN102913,2025-02-05,CUST503,Beverages,Sunbean Coffee,1,180,180,UPI,Mumbai
TXN102914,2025-05-24,CUST296,Beverages,B Natural Juice,3,40,120,UPI,Hyderabad
TXN102915,2025-03-29,CUST494,Personal Care,Vivel Soap,3,35,105,UPI,Bangalore
TXN102916,2025-02-16,CUST297,Personal Care,Savlon Handwash,1,95,95,Card,Mumbai
TXN102917,2025-04-22,CUST486,Personal Care,Vivel Soap,3,35,105,Cash,Chennai
TXN102918,2025-06-07,CUST531,Beverages,Sunbean Coffee,1,180,180,Card,Chennai
TXN102919,2025-05-11,CUST228,Personal Care,Savlon Sanitizer,4,70,280,Card,Mumbai
TXN102920,2025-03-29,CUST330,Personal Care,Savlon Handwash,3,95,285,Card,Mumbai
TXN102921,2025-01-01,CUST884,FMCG,Aashirvaad Atta,3,65,195,UPI,Mumbai
TXN102922,2025-05-06,CUST516,Personal Care,Savlon Sanitizer,2,70,140,Cash,Mumbai
TXN102923,2025-04-05,CUST960,Personal Care,Savlon Handwash,5,95,475,UPI,Mumbai
TXN102924,2025-06-15,CUST421,Personal Care,Vivel Soap,3,35,105,Card,Mumbai
TXN102925,2025-05-10,CUST326,Beverages,B Natural Juice,3,40,120,UPI,Chennai
TXN102926,2025-05-27,CUST951,Snacks,Bingo Chips,4,20,80,Cash,Kolkata
TXN102927,2025-05-13,CUST829,Personal Care,Vivel Soap,1,35,35,UPI,Hyderabad
TXN102928,2025-04-17,CUST874,Snacks,Bingo Chips,1,20,20,UPI,Hyderabad
TXN102929,2025-02-22,CUST444,Personal Care,Vivel Soap,5,35,175,Card,Bangalore
TXN102930,2025-01-26,CUST888,Beverages,Sunbean Coffee,5,180,900,Cash,Hyderabad
TXN102931,2025-02-18,CUST284,Beverages,B Natural Juice,1,40,40,UPI,Mumbai
TXN102932,2025-04-12,CUST985,Personal Care,Savlon Handwash,3,95,285,Cash,Bangalore
TXN102933,2025-02-25,CUST364,FMCG,Aashirvaad Atta,5,65,325,UPI,Mumbai
TXN102934,2025-01-18,CUST961,Beverages,B Natural Juice,5,40,200,Card,Delhi
TXN102935,2025-03-03,CUST494,Personal Care,Savlon Handwash,4,95,380,Cash,Mumbai
TXN102936,2025-04-28,CUST248,Snacks,Bingo Chips,4,20,80,UPI,Chennai
TXN102937,2025-03-30,CUST118,Beverages,Sunbean Coffee,4,180,720,UPI,Hyderabad
TXN102938,2025-02-21,CUST712,Personal Care,Vivel Soap,5,35,175,Cash,Mumbai
TXN102939,2025-06-28,CUST455,Snacks,Bingo Chips,3,20,60,UPI,Kolkata
TXN102940,2025-03-18,CUST196,Beverages,Sunbean Coffee,2,180,360,Cash,Delhi
TXN102941,2025-06-27,CUST833,Personal Care,Savlon Sanitizer,5,70,350,Card,Delhi
TXN102942,2025-06-26,CUST560,FMCG,Aashirvaad Atta,5,65,325,Cash,Chennai
TXN102943,2025-05-09,CUST332,FMCG,Aashirvaad Atta,1,65,65,UPI,Delhi
TXN102944,2025-06-17,CUST175,Personal Care,Savlon Handwash,1,95,95,UPI,Kolkata
TXN102945,2025-01-26,CUST579,Personal Care,Vivel Soap,5,35,175,UPI,Chennai
TXN102946,2025-04-20,CUST851,Snacks,Bingo Mad Angles,1,25,25,UPI,Bangalore
TXN102947,2025-01-05,CUST338,Personal Care,Vivel Soap,3,35,105,UPI,Hyderabad
TXN102948,2025-05-17,CUST614,Personal Care,Savlon Handwash,5,95,475,UPI,Hyderabad
TXN102949,2025-03-13,CUST843,Personal Care,Savlon Sanitizer,2,70,140,Card,Bangalore
TXN102950,2025-02-21,CUST843,Personal Care,Savlon Handwash,4,95,380,Card,Bangalore
TXN102951,2025-06-29,CUST948,Snacks,Bingo Mad Angles,3,25,75,UPI,Hyderabad
TXN102952,2025-06-15,CUST515,Snacks,Bingo Chips,5,20,100,Card,Bangalore
TXN102953,2025-05-02,CUST934,Snacks,Bingo Chips,1,20,20,UPI,Bangalore
TXN102954,2025-03-09,CUST722,FMCG,Aashirvaad Atta,4,65,260,Cash,Bangalore
TXN102955,2025-04-11,CUST741,Personal Care,Vivel Soap,1,35,35,UPI,Bangalore
TXN102956,2025-03-12,CUST154,Snacks,Bingo Chips,5,20,100,UPI,Mumbai
TXN102957,2025-06-11,CUST593,Snacks,Bingo Chips,2,20,40,Cash,Delhi
TXN102958,2025-03-28,CUST538,Beverages,B Natural Juice,4,40,160,Cash,Hyderabad
TXN102959,2025-02-06,CUST125,FMCG,Aashirvaad Atta,5,65,325,UPI,Hyderabad
TXN102960,2025-01-25,CUST482,Personal Care,Savlon Handwash,4,95,380,Cash,Mumbai
TXN102961,2025-05-15,CUST574,Personal Care,Vivel Soap,3,35,105,UPI,Delhi
TXN102962,2025-01-31,CUST692,Personal Care,Savlon Sanitizer,1,70,70,Card,Kolkata
TXN102963,2025-02-24,CUST946,FMCG,Aashirvaad Atta,3,65,195,UPI,Chennai
TXN102964,2025-03-28,CUST775,Personal Care,Vivel Soap,1,35,35,UPI,Chennai
TXN102965,2025-01-21,CUST413,Personal Care,Vivel Soap,3,35,105,UPI,Hyderabad
TXN102966,2025-02-19,CUST781,Snacks,Bingo Chips,3,20,60,Cash,Hyderabad
TXN102967,2025-04-08,CUST399,Snacks,Bingo Mad Angles,2,25,50,UPI,Bangalore
TXN102968,2025-03-08,CUST282,Personal Care,Vivel Soap,2,35,70,UPI,Delhi
TXN102969,2025-05-15,CUST850,Snacks,Bingo Mad Angles,1,25,25,UPI,Mumbai
TXN102970,2025-03-29,CUST204,FMCG,Aashirvaad Atta,4,65,260,Cash,Mumbai
TXN102971,2025-05-13,CUST331,FMCG,Aashirvaad Atta,4,65,260,Cash,Chennai
TXN102972,2025-04-03,CUST986,Personal Care,Vivel Soap,2,35,70,Cash,Hyderabad
TXN102973,2025-01-19,CUST305,Beverages,Sunbean Coffee,3,180,540,Card,Chennai
TXN102974,2025-05-15,CUST988,Snacks,Bingo Chips,3,20,60,Cash,Hyderabad
TXN102975,2025-05-10,CUST537,Personal Care,Vivel Soap,4,35,140,Card,Mumbai
TXN102976,2025-03-13,CUST694,Personal Care,Savlon Sanitizer,3,70,210,Card,Mumbai
TXN102977,2025-01-24,CUST948,Snacks,Bingo Chips,1,20,20,Card,Delhi
TXN102978,2025-05-26,CUST475,Snacks,Bingo Mad Angles,4,25,100,UPI,Mumbai
TXN102979,2025-01-15,CUST277,FMCG,Aashirvaad Atta,1,65,65,Card,Mumbai
TXN102980,2025-04-22,CUST102,Personal Care,Savlon Handwash,1,95,95,Card,Chennai
TXN102981,2025-01-29,CUST685,Beverages,B Natural Juice,1,40,40,UPI,Hyderabad
TXN102982,2025-05-10,CUST389,FMCG,Aashirvaad Atta,3,65,195,UPI,Bangalore
TXN102983,2025-06-14,CUST174,FMCG,Aashirvaad Atta,5,65,325,Card,Hyderabad
TXN102984,2025-06-17,CUST205,Beverages,B Natural Juice,4,40,160,Cash,Mumbai
TXN102985,2025-03-10,CUST286,Personal Care,Savlon Sanitizer,4,70,280,UPI,Chennai
TXN102986,2025-05-22,CUST249,FMCG,Aashirvaad Atta,3,65,195,Cash,Delhi
TXN102987,2025-04-27,CUST227,Personal Care,Savlon Handwash,4,95,380,Card,Delhi
TXN102988,2025-06-08,CUST101,FMCG,Aashirvaad Atta,2,65,130,UPI,Chennai
TXN102989,2025-03-21,CUST651,Beverages,Sunbean Coffee,1,180,180,Cash,Kolkata
TXN102990,2025-06-13,CUST850,Personal Care,Savlon Handwash,2,95,190,UPI,Delhi
TXN102991,2025-06-27,CUST879,Beverages,B Natural Juice,2,40,80,UPI,Bangalore
TXN102992,2025-05-13,CUST226,FMCG,Aashirvaad Atta,1,65,65,Card,Kolkata
TXN102993,2025-04-06,CUST734,Snacks,Bingo Chips,1,20,20,Card,Kolkata
TXN102994,2025-05-04,CUST169,FMCG,Aashirvaad Atta,4,65,260,UPI,Bangalore
TXN102995,2025-02-10,CUST965,Personal Care,Savlon Sanitizer,1,70,70,UPI,Kolkata
TXN102996,2025-02-10,CUST971,Personal Care,Savlon Sanitizer,5,70,350,Cash,Bangalore
TXN102997,2025-04-28,CUST984,Snacks,Bingo Chips,4,20,80,Cash,Bangalore
TXN102998,2025-05-03,CUST338,Snacks,Bingo Mad Angles,4,25,100,Card,Mumbai
TXN102999,2025-01-12,CUST911,Snacks,Bingo Mad Angles,1,25,25,Card,Hyderabad
TXN103000,2025-02-23,CUST299,Beverages,B Natural Juice,5,40,200,Cash,Hyderabad
TXN103001,2025-05-04,CUST382,Snacks,Bingo Mad Angles,5,25,125,Card,Delhi
TXN103002,2025-05-05,CUST484,Personal Care,Savlon Handwash,4,95,380,Cash,Hyderabad
TXN103003,2025-02-23,CUST268,Beverages,B Natural Juice,4,40,160,Cash,Mumbai
TXN103004,2025-01-14,CUST656,Snacks,Bingo Mad Angles,1,25,25,Card,Delhi
TXN103005,2025-04-18,CUST991,Personal Care,Vivel Soap,5,35,175,Cash,Hyderabad
TXN103006,2025-05-03,CUST383,Personal Care,Savlon Sanitizer,1,70,70,Cash,Delhi
TXN103007,2025-06-28,CUST465,Personal Care,Savlon Handwash,1,95,95,Card,Hyderabad
TXN103008,2025-05-21,CUST183,Personal Care,Savlon Handwash,4,95,380,UPI,Kolkata
TXN103009,2025-05-14,CUST555,Personal Care,Vivel Soap,4,35,140,Cash,Chennai
TXN103010,2025-01-12,CUST771,Beverages,B Natural Juice,2,40,80,UPI,Kolkata
TXN103011,2025-01-14,CUST219,Personal Care,Savlon Handwash,4,95,380,Card,Kolkata
TXN103012,2025-06-11,CUST201,FMCG,Aashirvaad Atta,5,65,325,Cash,Kolkata
TXN103013,2025-06-02,CUST655,Snacks,Bingo Mad Angles,4,25,100,Card,Bangalore
TXN103014,2025-01-20,CUST254,Personal Care,Vivel Soap,4,35,140,Card,Kolkata
TXN103015,2025-01-28,CUST865,FMCG,Aashirvaad Atta,3,65,195,Card,Kolkata
TXN103016,2025-04-01,CUST797,Personal Care,Savlon Sanitizer,2,70,140,Cash,Kolkata
TXN103017,2025-01-31,CUST471,Personal Care,Vivel Soap,4,35,140,UPI,Mumbai
TXN103018,2025-04-22,CUST828,Beverages,Sunbean Coffee,2,180,360,Card,Bangalore
TXN103019,2025-03-20,CUST394,Snacks,Bingo Mad Angles,3,25,75,Cash,Delhi
TXN103020,2025-05-03,CUST774,FMCG,Aashirvaad Atta,4,65,260,Card,Delhi
TXN103021,2025-02-05,CUST609,Personal Care,Savlon Sanitizer,3,70,210,Cash,Kolkata
TXN103022,2025-03-07,CUST132,Snacks,Bingo Mad Angles,4,25,100,UPI,Kolkata
TXN103023,2025-01-20,CUST297,Beverages,Sunbean Coffee,3,180,540,Cash,Delhi
TXN103024,2025-05-16,CUST797,Beverages,Sunbean Coffee,1,180,180,Cash,Delhi
TXN103025,2025-04-29,CUST921,Personal Care,Vivel Soap,3,35,105,Card,Chennai
TXN103026,2025-02-27,CUST203,Beverages,B Natural Juice,3,40,120,Card,Hyderabad
TXN103027,2025-02-17,CUST961,Beverages,Sunbean Coffee,4,180,720,Card,Hyderabad
TXN103028,2025-05-08,CUST756,Personal Care,Savlon Sanitizer,2,70,140,UPI,Delhi
TXN103029,2025-01-28,CUST405,Beverages,B Natural Juice,3,40,120,Card,Delhi
TXN103030,2025-02-12,CUST861,Personal Care,Savlon Handwash,5,95,475,UPI,Bangalore
TXN103031,2025-03-24,CUST634,Personal Care,Savlon Sanitizer,4,70,280,Card,Mumbai
TXN103032,2025-04-23,CUST737,Personal Care,Savlon Handwash,3,95,285,Card,Kolkata
TXN103033,2025-06-21,CUST230,Personal Care,Vivel Soap,3,35,105,UPI,Bangalore
TXN103034,2025-01-10,CUST255,Beverages,Sunbean Coffee,2,180,360,Card,Chennai
TXN103035,2025-03-01,CUST424,Snacks,Bingo Mad Angles,3,25,75,Cash,Hyderabad
TXN103036,2025-02-19,CUST623,Personal Care,Savlon Handwash,3,95,285,Card,Chennai
TXN103037,2025-01-08,CUST782,Snacks,Bingo Chips,3,20,60,UPI,Chennai
TXN103038,2025-02-27,CUST732,Snacks,Bingo Chips,5,20,100,UPI,Kolkata
TXN103039,2025-04-20,CUST614,Beverages,Sunbean Coffee,3,180,540,UPI,Kolkata
TXN103040,2025-04-28,CUST759,FMCG,Aashirvaad Atta,2,65,130,Cash,Hyderabad
TXN103041,2025-05-22,CUST875,Beverages,Sunbean Coffee,4,180,720,Card,Chennai
TXN103042,2025-05-15,CUST975,Snacks,Bingo Mad Angles,3,25,75,Cash,Chennai
TXN103043,2025-03-20,CUST517,Personal Care,Savlon Handwash,1,95,95,Card,Mumbai
TXN103044,2025-06-18,CUST188,Personal Care,Vivel Soap,5,35,175,Card,Bangalore
TXN103045,2025-01-09,CUST839,Beverages,Sunbean Coffee,2,180,360,UPI,Chennai
TXN103046,2025-02-23,CUST373,FMCG,Aashirvaad Atta,2,65,130,Cash,Delhi
TXN103047,2025-02-17,CUST393,Snacks,Bingo Mad Angles,4,25,100,Card,Kolkata
TXN103048,2025-01-05,CUST898,Snacks,Bingo Chips,5,20,100,Cash,Mumbai
TXN103049,2025-05-11,CUST581,Beverages,B Natural Juice,2,40,80,Card,Bangalore
TXN103050,2025-05-04,CUST455,FMCG,Aashirvaad Atta,4,65,260,Card,Delhi
TXN103051,2025-02-23,CUST545,Snacks,Bingo Chips,2,20,40,UPI,Bangalore
TXN103052,2025-01-23,CUST823,Personal Care,Savlon Handwash,3,95,285,Card,Kolkata
TXN103053,2025-05-18,CUST851,Personal Care,Vivel Soap,2,35,70,Cash,Hyderabad
TXN103054,2025-01-31,CUST648,Personal Care,Savlon Sanitizer,1,70,70,Card,Mumbai
TXN103055,2025-04-13,CUST371,Beverages,Sunbean Coffee,4,180,720,Cash,Chennai
TXN103056,2025-01-03,CUST392,FMCG,Aashirvaad Atta,3,65,195,Card,Bangalore
TXN103057,2025-05-13,CUST396,Beverages,B Natural Juice,5,40,200,UPI,Chennai
TXN103058,2025-02-06,CUST758,Personal Care,Savlon Sanitizer,3,70,210,Cash,Bangalore
TXN103059,2025-04-30,CUST470,Beverages,B Natural Juice,5,40,200,Card,Hyderabad
TXN103060,2025-01-26,CUST580,Snacks,Bingo Chips,4,20,80,Card,Chennai
TXN103061,2025-01-03,CUST273,Beverages,B Natural Juice,5,40,200,Cash,Mumbai
TXN103062,2025-01-28,CUST518,FMCG,Aashirvaad Atta,1,65,65,UPI,Chennai
TXN103063,2025-01-25,CUST532,FMCG,Aashirvaad Atta,3,65,195,Card,Kolkata
TXN103064,2025-05-18,CUST707,Snacks,Bingo Mad Angles,4,25,100,Card,Bangalore
TXN103065,2025-05-20,CUST261,Personal Care,Savlon Handwash,1,95,95,Card,Delhi
TXN103066,2025-03-20,CUST103,Personal Care,Savlon Sanitizer,3,70,210,UPI,Mumbai
TXN103067,2025-01-10,CUST765,Personal Care,Savlon Handwash,1,95,95,Cash,Delhi
TXN103068,2025-05-27,CUST181,Beverages,B Natural Juice,2,40,80,Cash,Mumbai
TXN103069,2025-01-27,CUST601,Beverages,B Natural Juice,2,40,80,UPI,Mumbai
TXN103070,2025-06-11,CUST190,Beverages,B Natural Juice,4,40,160,Cash,Chennai
TXN103071,2025-01-28,CUST838,Beverages,Sunbean Coffee,2,180,360,UPI,Bangalore
TXN103072,2025-01-14,CUST516,Snacks,Bingo Mad Angles,3,25,75,Cash,Hyderabad
TXN103073,2025-06-14,CUST242,Beverages,B Natural Juice,4,40,160,UPI,Mumbai
TXN103074,2025-01-20,CUST666,Personal Care,Savlon Sanitizer,4,70,280,UPI,Mumbai
TXN103075,2025-04-01,CUST597,FMCG,Aashirvaad Atta,2,65,130,UPI,Mumbai
TXN103076,2025-04-22,CUST372,Personal Care,Savlon Handwash,1,95,95,Card,Mumbai
TXN103077,2025-03-23,CUST633,Beverages,Sunbean Coffee,2,180,360,Cash,Bangalore
TXN103078,2025-06-22,CUST962,Snacks,Bingo Chips,1,20,20,Card,Bangalore
TXN103079,2025-01-18,CUST896,FMCG,Aashirvaad Atta,2,65,130,Card,Delhi
TXN103080,2025-03-14,CUST582,Personal Care,Savlon Sanitizer,4,70,280,Card,Mumbai
TXN103081,2025-05-06,CUST312,Beverages,Sunbean Coffee,1,180,180,Card,Delhi
TXN103082,2025-04-05,CUST793,Snacks,Bingo Mad Angles,1,25,25,Card,Delhi
TXN103083,2025-05-19,CUST442,Beverages,Sunbean Coffee,5,180,900,Card,Delhi
TXN103084,2025-04-09,CUST620,Personal Care,Savlon Handwash,1,95,95,UPI,Hyderabad
TXN103085,2025-05-02,CUST422,Beverages,B Natural Juice,3,40,120,UPI,Kolkata
TXN103086,2025-05-17,CUST840,Personal Care,Vivel Soap,2,35,70,Card,Hyderabad
TXN103087,2025-05-07,CUST314,Beverages,Sunbean Coffee,5,180,900,UPI,Mumbai
TXN103088,2025-04-25,CUST594,Snacks,Bingo Chips,4,20,80,Cash,Chennai
TXN103089,2025-05-12,CUST319,Personal Care,Vivel Soap,1,35,35,UPI,Kolkata
TXN103090,2025-05-02,CUST406,Personal Care,Vivel Soap,5,35,175,Cash,Kolkata
TXN103091,2025-01-30,CUST446,Beverages,Sunbean Coffee,5,180,900,Card,Bangalore
TXN103092,2025-05-16,CUST730,Personal Care,Savlon Handwash,4,95,380,UPI,Kolkata
TXN103093,2025-02-02,CUST771,Personal Care,Vivel Soap,1,35,35,Cash,Bangalore
TXN103094,2025-02-28,CUST196,Beverages,Sunbean Coffee,1,180,180,Card,Mumbai
TXN103095,2025-06-07,CUST553,Personal Care,Savlon Sanitizer,4,70,280,Cash,Chennai
TXN103096,2025-01-07,CUST330,Snacks,Bingo Chips,1,20,20,UPI,Chennai
TXN103097,2025-06-21,CUST608,Snacks,Bingo Chips,1,20,20,Card,Delhi
TXN103098,2025-04-23,CUST247,Personal Care,Savlon Handwash,1,95,95,UPI,Chennai
TXN103099,2025-02-20,CUST482,Beverages,Sunbean Coffee,5,180,900,Cash,Mumbai
TXN103100,2025-03-06,CUST787,Beverages,Sunbean Coffee,1,180,180,Card,Hyderabad
TXN103101,2025-05-31,CUST217,Beverages,Sunbean Coffee,3,180,540,UPI,Delhi
TXN103102,2025-05-27,CUST897,Personal Care,Vivel Soap,3,35,105,Cash,Mumbai
TXN103103,2025-04-14,CUST776,FMCG,Aashirvaad Atta,2,65,130,Card,Kolkata
TXN103104,2025-01-07,CUST978,Beverages,B Natural Juice,1,40,40,Cash,Kolkata
TXN103105,2025-05-30,CUST107,Personal Care,Vivel Soap,4,35,140,Card,Kolkata
TXN103106,2025-01-02,CUST615,FMCG,Aashirvaad Atta,4,65,260,Card,Delhi
TXN103107,2025-06-10,CUST248,Beverages,B Natural Juice,1,40,40,Cash,Bangalore
TXN103108,2025-02-25,CUST237,Snacks,Bingo Chips,3,20,60,Cash,Mumbai
TXN103109,2025-01-26,CUST879,Personal Care,Savlon Sanitizer,4,70,280,UPI,Bangalore
TXN103110,2025-04-23,CUST903,FMCG,Aashirvaad Atta,1,65,65,Card,Kolkata
TXN103111,2025-05-09,CUST291,FMCG,Aashirvaad Atta,3,65,195,Card,Bangalore
TXN103112,2025-03-29,CUST508,Snacks,Bingo Chips,3,20,60,Card,Delhi
TXN103113,2025-06-13,CUST916,Snacks,Bingo Chips,1,20,20,UPI,Bangalore
TXN103114,2025-03-16,CUST478,Snacks,Bingo Mad Angles,4,25,100,Card,Kolkata
TXN103115,2025-04-20,CUST965,Beverages,B Natural Juice,4,40,160,Cash,Delhi
TXN103116,2025-04-08,CUST847,Beverages,Sunbean Coffee,2,180,360,Cash,Mumbai
TXN103117,2025-03-13,CUST745,Personal Care,Savlon Sanitizer,3,70,210,Cash,Hyderabad
TXN103118,2025-06-26,CUST859,Beverages,B Natural Juice,1,40,40,Cash,Bangalore
TXN103119,2025-05-16,CUST411,Snacks,Bingo Chips,3,20,60,Cash,Mumbai
TXN103120,2025-04-17,CUST633,Personal Care,Savlon Handwash,1,95,95,UPI,Hyderabad
TXN103121,2025-03-26,CUST310,Personal Care,Savlon Sanitizer,3,70,210,UPI,Delhi
TXN103122,2025-06-02,CUST157,Snacks,Bingo Mad Angles,4,25,100,Cash,Chennai
TXN103123,2025-03-01,CUST122,FMCG,Aashirvaad Atta,1,65,65,UPI,Mumbai
TXN103124,2025-02-10,CUST345,Personal Care,Vivel Soap,1,35,35,UPI,Kolkata
TXN103125,2025-04-08,CUST191,Personal Care,Savlon Sanitizer,3,70,210,Card,Mumbai
TXN103126,2025-06-30,CUST402,Snacks,Bingo Chips,4,20,80,Card,Chennai
TXN103127,2025-05-31,CUST981,Personal Care,Vivel Soap,2,35,70,Card,Bangalore
TXN103128,2025-06-01,CUST252,Personal Care,Savlon Handwash,1,95,95,UPI,Delhi
TXN103129,2025-06-07,CUST929,Snacks,Bingo Mad Angles,3,25,75,Card,Kolkata
TXN103130,2025-02-07,CUST230,Snacks,Bingo Mad Angles,2,25,50,Cash,Kolkata
TXN103131,2025-03-08,CUST606,Personal Care,Savlon Handwash,4,95,380,UPI,Delhi
TXN103132,2025-04-25,CUST259,Snacks,Bingo Mad Angles,5,25,125,Card,Mumbai
TXN103133,2025-02-13,CUST951,FMCG,Aashirvaad Atta,2,65,130,Cash,Mumbai
TXN103134,2025-03-12,CUST443,FMCG,Aashirvaad Atta,1,65,65,Card,Chennai
TXN103135,2025-03-11,CUST964,Personal Care,Savlon Sanitizer,1,70,70,Card,Hyderabad
TXN103136,2025-03-22,CUST545,Snacks,Bingo Mad Angles,3,25,75,Cash,Bangalore
TXN103137,2025-05-20,CUST410,FMCG,Aashirvaad Atta,5,65,325,Card,Hyderabad
TXN103138,2025-04-20,CUST694,Snacks,Bingo Mad Angles,1,25,25,Card,Chennai
TXN103139,2025-02-15,CUST320,Personal Care,Vivel Soap,1,35,35,Card,Mumbai
TXN103140,2025-02-09,CUST390,Personal Care,Savlon Sanitizer,3,70,210,UPI,Delhi
TXN103141,2025-06-29,CUST696,FMCG,Aashirvaad Atta,3,65,195,Card,Delhi
TXN103142,2025-04-19,CUST240,Personal Care,Vivel Soap,1,35,35,Card,Bangalore
TXN103143,2025-05-21,CUST502,Snacks,Bingo Mad Angles,3,25,75,Cash,Hyderabad
TXN103144,2025-04-10,CUST395,Snacks,Bingo Chips,4,20,80,Cash,Delhi
TXN103145,2025-05-31,CUST970,Personal Care,Vivel Soap,4,35,140,Cash,Mumbai
TXN103146,2025-02-26,CUST203,Snacks,Bingo Chips,4,20,80,UPI,Hyderabad
TXN103147,2025-04-13,CUST632,Snacks,Bingo Chips,4,20,80,Card,Chennai
TXN103148,2025-05-03,CUST625,Personal Care,Savlon Sanitizer,5,70,350,Card,Hyderabad
TXN103149,2025-06-30,CUST601,Personal Care,Vivel Soap,5,35,175,Cash,Hyderabad
TXN103150,2025-04-17,CUST484,Beverages,Sunbean Coffee,2,180,360,Cash,Chennai
TXN103151,2025-03-03,CUST290,FMCG,Aashirvaad Atta,5,65,325,UPI,Bangalore
TXN103152,2025-05-08,CUST559,Snacks,Bingo Chips,1,20,20,Card,Bangalore
TXN103153,2025-03-24,CUST657,Snacks,Bingo Mad Angles,1,25,25,UPI,Chennai
TXN103154,2025-06-28,CUST916,Personal Care,Vivel Soap,5,35,175,UPI,Delhi
TXN103155,2025-04-13,CUST768,Beverages,B Natural Juice,5,40,200,UPI,Delhi
TXN103156,2025-01-30,CUST392,FMCG,Aashirvaad Atta,2,65,130,Cash,Delhi
TXN103157,2025-05-25,CUST654,Snacks,Bingo Chips,1,20,20,Card,Chennai
TXN103158,2025-02-02,CUST185,Snacks,Bingo Chips,3,20,60,Cash,Kolkata
TXN103159,2025-06-02,CUST128,Beverages,B Natural Juice,4,40,160,Card,Hyderabad
TXN103160,2025-01-29,CUST785,Personal Care,Vivel Soap,4,35,140,Card,Delhi
TXN103161,2025-01-06,CUST531,FMCG,Aashirvaad Atta,2,65,130,UPI,Bangalore
TXN103162,2025-06-09,CUST818,Beverages,Sunbean Coffee,4,180,720,UPI,Bangalore
TXN103163,2025-05-01,CUST497,Beverages,Sunbean Coffee,3,180,540,UPI,Hyderabad
TXN103164,2025-06-20,CUST553,Personal Care,Vivel Soap,5,35,175,UPI,Delhi
TXN103165,2025-05-06,CUST470,Personal Care,Savlon Sanitizer,2,70,140,UPI,Delhi
TXN103166,2025-03-25,CUST800,Beverages,Sunbean Coffee,4,180,720,Cash,Mumbai
TXN103167,2025-01-11,CUST871,Personal Care,Vivel Soap,2,35,70,UPI,Bangalore
TXN103168,2025-04-29,CUST104,Snacks,Bingo Chips,2,20,40,Card,Kolkata
TXN103169,2025-04-10,CUST242,Snacks,Bingo Mad Angles,5,25,125,UPI,Bangalore
TXN103170,2025-03-24,CUST714,Snacks,Bingo Mad Angles,2,25,50,Card,Delhi
TXN103171,2025-05-06,CUST390,Beverages,Sunbean Coffee,4,180,720,Cash,Kolkata
TXN103172,2025-06-21,CUST848,Snacks,Bingo Mad Angles,4,25,100,Card,Mumbai
TXN103173,2025-05-19,CUST200,Personal Care,Vivel Soap,1,35,35,UPI,Hyderabad
TXN103174,2025-06-27,CUST455,Snacks,Bingo Mad Angles,4,25,100,UPI,Bangalore
TXN103175,2025-03-18,CUST321,Snacks,Bingo Chips,1,20,20,Card,Mumbai
TXN103176,2025-03-03,CUST498,Beverages,B Natural Juice,3,40,120,Cash,Mumbai
TXN103177,2025-01-19,CUST388,Snacks,Bingo Chips,2,20,40,Card,Bangalore
TXN103178,2025-05-08,CUST834,Snacks,Bingo Mad Angles,4,25,100,Card,Mumbai
TXN103179,2025-06-15,CUST282,Beverages,B Natural Juice,5,40,200,Card,Bangalore
TXN103180,2025-01-18,CUST473,Personal Care,Savlon Handwash,1,95,95,Cash,Chennai
TXN103181,2025-04-12,CUST249,Beverages,Sunbean Coffee,2,180,360,Cash,Mumbai
TXN103182,2025-02-04,CUST388,Personal Care,Savlon Handwash,2,95,190,Cash,Hyderabad
TXN103183,2025-03-20,CUST264,Beverages,Sunbean Coffee,2,180,360,Cash,Chennai
TXN103184,2025-06-27,CUST864,Beverages,B Natural Juice,1,40,40,UPI,Hyderabad
TXN103185,2025-01-23,CUST213,Beverages,B Natural Juice,5,40,200,UPI,Delhi
TXN103186,2025-06-14,CUST243,FMCG,Aashirvaad Atta,2,65,130,Card,Bangalore
TXN103187,2025-01-11,CUST106,Personal Care,Savlon Handwash,3,95,285,UPI,Hyderabad
TXN103188,2025-02-11,CUST736,FMCG,Aashirvaad Atta,5,65,325,UPI,Kolkata
TXN103189,2025-05-18,CUST755,Beverages,B Natural Juice,3,40,120,Cash,Delhi
TXN103190,2025-04-08,CUST402,FMCG,Aashirvaad Atta,5,65,325,Card,Delhi
TXN103191,2025-05-12,CUST217,Personal Care,Savlon Handwash,4,95,380,UPI,Kolkata
TXN103192,2025-06-15,CUST463,Personal Care,Vivel Soap,4,35,140,UPI,Hyderabad
TXN103193,2025-05-22,CUST783,Snacks,Bingo Chips,2,20,40,Cash,Kolkata
TXN103194,2025-02-19,CUST834,Beverages,B Natural Juice,5,40,200,Card,Hyderabad
TXN103195,2025-01-12,CUST436,Snacks,Bingo Chips,4,20,80,UPI,Delhi
TXN103196,2025-04-19,CUST651,Snacks,Bingo Chips,4,20,80,Card,Hyderabad
TXN103197,2025-06-06,CUST780,Beverages,Sunbean Coffee,5,180,900,Cash,Mumbai
TXN103198,2025-06-13,CUST815,Snacks,Bingo Chips,4,20,80,Card,Mumbai
TXN103199,2025-02-10,CUST658,FMCG,Aashirvaad Atta,1,65,65,UPI,Kolkata
TXN103200,2025-01-21,CUST195,Personal Care,Savlon Handwash,5,95,475,Card,Kolkata
TXN103201,2025-02-07,CUST997,FMCG,Aashirvaad Atta,2,65,130,Card,Delhi
TXN103202,2025-04-20,CUST760,Personal Care,Savlon Handwash,1,95,95,UPI,Hyderabad
TXN103203,2025-06-10,CUST680,Personal Care,Vivel Soap,3,35,105,UPI,Delhi
TXN103204,2025-05-21,CUST935,Personal Care,Savlon Sanitizer,5,70,350,Cash,Hyderabad
TXN103205,2025-01-01,CUST275,Beverages,Sunbean Coffee,3,180,540,UPI,Bangalore
TXN103206,2025-04-13,CUST932,Snacks,Bingo Chips,2,20,40,Card,Mumbai
TXN103207,2025-06-17,CUST637,Beverages,B Natural Juice,5,40,200,UPI,Kolkata
TXN103208,2025-04-08,CUST809,FMCG,Aashirvaad Atta,3,65,195,UPI,Kolkata
TXN103209,2025-01-16,CUST473,FMCG,Aashirvaad Atta,3,65,195,UPI,Bangalore
TXN103210,2025-03-18,CUST829,Personal Care,Savlon Handwash,2,95,190,UPI,Kolkata
TXN103211,2025-01-20,CUST167,Personal Care,Savlon Sanitizer,2,70,140,Cash,Chennai
TXN103212,2025-04-26,CUST583,Snacks,Bingo Chips,1,20,20,Cash,Mumbai
TXN103213,2025-01-07,CUST132,Personal Care,Vivel Soap,5,35,175,UPI,Bangalore
TXN103214,2025-02-10,CUST383,Beverages,B Natural Juice,4,40,160,Cash,Chennai
TXN103215,2025-06-19,CUST847,FMCG,Aashirvaad Atta,4,65,260,Cash,Chennai
TXN103216,2025-01-27,CUST386,FMCG,Aashirvaad Atta,4,65,260,UPI,Delhi
TXN103217,2025-01-22,CUST884,Personal Care,Savlon Handwash,4,95,380,Card,Chennai
TXN103218,2025-02-02,CUST741,FMCG,Aashirvaad Atta,5,65,325,Card,Bangalore
TXN103219,2025-05-03,CUST705,Personal Care,Savlon Handwash,5,95,475,UPI,Delhi
TXN103220,2025-04-14,CUST472,Personal Care,Savlon Handwash,2,95,190,UPI,Mumbai
TXN103221,2025-06-03,CUST333,Personal Care,Savlon Sanitizer,5,70,350,Card,Delhi
TXN103222,2025-03-10,CUST689,Snacks,Bingo Chips,1,20,20,UPI,Hyderabad
TXN103223,2025-03-05,CUST187,Beverages,Sunbean Coffee,4,180,720,Cash,Delhi
TXN103224,2025-06-11,CUST885,Personal Care,Savlon Sanitizer,1,70,70,Card,Delhi
TXN103225,2025-05-12,CUST109,Personal Care,Savlon Handwash,5,95,475,UPI,Bangalore
TXN103226,2025-03-10,CUST286,Personal Care,Savlon Handwash,3,95,285,UPI,Bangalore
TXN103227,2025-01-17,CUST855,FMCG,Aashirvaad Atta,1,65,65,Cash,Hyderabad
TXN103228,2025-05-01,CUST165,Snacks,Bingo Mad Angles,5,25,125,UPI,Kolkata
TXN103229,2025-05-25,CUST196,Personal Care,Savlon Sanitizer,2,70,140,UPI,Bangalore
TXN103230,2025-01-17,CUST117,Snacks,Bingo Mad Angles,1,25,25,Card,Bangalore
TXN103231,2025-06-17,CUST255,Snacks,Bingo Mad Angles,5,25,125,Card,Chennai
TXN103232,2025-04-19,CUST690,Snacks,Bingo Mad Angles,5,25,125,Cash,Chennai
TXN103233,2025-04-24,CUST581,Snacks,Bingo Chips,1,20,20,Cash,Mumbai
TXN103234,2025-03-30,CUST746,Snacks,Bingo Chips,5,20,100,Cash,Hyderabad
TXN103235,2025-02-08,CUST341,Personal Care,Vivel Soap,5,35,175,Cash,Chennai
TXN103236,2025-05-03,CUST362,FMCG,Aashirvaad Atta,3,65,195,UPI,Hyderabad
TXN103237,2025-04-02,CUST201,Personal Care,Savlon Handwash,5,95,475,UPI,Hyderabad
TXN103238,2025-01-08,CUST501,Snacks,Bingo Chips,3,20,60,Cash,Delhi
TXN103239,2025-06-06,CUST103,Personal Care,Savlon Sanitizer,3,70,210,Cash,Hyderabad
TXN103240,2025-04-09,CUST920,Personal Care,Savlon Sanitizer,4,70,280,UPI,Chennai
TXN103241,2025-05-05,CUST632,Beverages,Sunbean Coffee,5,180,900,UPI,Hyderabad
TXN103242,2025-03-07,CUST705,FMCG,Aashirvaad Atta,3,65,195,Cash,Kolkata
TXN103243,2025-03-30,CUST921,Personal Care,Savlon Sanitizer,2,70,140,UPI,Bangalore
TXN103244,2025-05-20,CUST796,Personal Care,Savlon Sanitizer,3,70,210,Cash,Chennai
TXN103245,2025-03-26,CUST665,Beverages,Sunbean Coffee,3,180,540,Card,Mumbai
TXN103246,2025-06-08,CUST845,Snacks,Bingo Chips,1,20,20,UPI,Mumbai
TXN103247,2025-06-15,CUST220,Personal Care,Savlon Handwash,1,95,95,UPI,Chennai
TXN103248,2025-02-11,CUST694,Snacks,Bingo Chips,4,20,80,UPI,Kolkata
TXN103249,2025-03-02,CUST728,Beverages,Sunbean Coffee,1,180,180,Cash,Kolkata
TXN103250,2025-01-07,CUST890,Snacks,Bingo Mad Angles,3,25,75,Cash,Hyderabad
TXN103251,2025-04-30,CUST424,Snacks,Bingo Mad Angles,4,25,100,Card,Kolkata
TXN103252,2025-03-25,CUST476,Beverages,Sunbean Coffee,2,180,360,UPI,Chennai
TXN103253,2025-06-28,CUST866,Beverages,B Natural Juice,4,40,160,Card,Chennai
TXN103254,2025-05-19,CUST666,Snacks,Bingo Chips,1,20,20,UPI,Bangalore
TXN103255,2025-01-19,CUST383,Personal Care,Vivel Soap,1,35,35,Card,Chennai
TXN103256,2025-06-28,CUST890,FMCG,Aashirvaad Atta,1,65,65,Card,Delhi
TXN103257,2025-02-09,CUST103,Personal Care,Savlon Handwash,4,95,380,Card,Kolkata
TXN103258,2025-05-25,CUST525,Snacks,Bingo Chips,3,20,60,UPI,Bangalore
TXN103259,2025-02-23,CUST400,Personal Care,Vivel Soap,5,35,175,UPI,Mumbai
TXN103260,2025-04-20,CUST864,Beverages,Sunbean Coffee,4,180,720,UPI,Delhi
TXN103261,2025-05-13,CUST973,FMCG,Aashirvaad Atta,1,65,65,Card,Delhi
TXN103262,2025-03-31,CUST436,Personal Care,Vivel Soap,1,35,35,UPI,Bangalore
TXN103263,2025-04-14,CUST539,Snacks,Bingo Chips,3,20,60,Card,Delhi
TXN103264,2025-04-02,CUST156,Beverages,Sunbean Coffee,5,180,900,Cash,Chennai
TXN103265,2025-04-27,CUST133,Beverages,B Natural Juice,4,40,160,UPI,Kolkata
TXN103266,2025-03-02,CUST639,Snacks,Bingo Mad Angles,3,25,75,UPI,Kolkata
TXN103267,2025-03-14,CUST182,Personal Care,Vivel Soap,3,35,105,UPI,Chennai
TXN103268,2025-01-24,CUST771,Personal Care,Vivel Soap,1,35,35,Card,Mumbai
TXN103269,2025-05-25,CUST509,Personal Care,Savlon Handwash,4,95,380,Card,Hyderabad
TXN103270,2025-05-17,CUST723,Snacks,Bingo Chips,1,20,20,Card,Delhi
TXN103271,2025-01-10,CUST728,Snacks,Bingo Mad Angles,2,25,50,Cash,Bangalore
TXN103272,2025-04-15,CUST742,Personal Care,Vivel Soap,3,35,105,UPI,Delhi
TXN103273,2025-01-13,CUST368,Beverages,B Natural Juice,4,40,160,UPI,Mumbai
TXN103274,2025-01-10,CUST937,Snacks,Bingo Chips,4,20,80,Cash,Chennai
TXN103275,2025-04-25,CUST547,Beverages,B Natural Juice,2,40,80,Card,Chennai
TXN103276,2025-05-21,CUST186,Personal Care,Savlon Handwash,4,95,380,Card,Mumbai
TXN103277,2025-02-10,CUST853,Personal Care,Vivel Soap,1,35,35,Cash,Mumbai
TXN103278,2025-06-19,CUST279,Personal Care,Savlon Sanitizer,1,70,70,Cash,Bangalore
TXN103279,2025-03-20,CUST312,Snacks,Bingo Mad Angles,2,25,50,UPI,Delhi
TXN103280,2025-05-22,CUST259,Personal Care,Savlon Handwash,3,95,285,Cash,Kolkata
TXN103281,2025-04-22,CUST546,FMCG,Aashirvaad Atta,5,65,325,Cash,Hyderabad
TXN103282,2025-04-04,CUST762,Beverages,B Natural Juice,4,40,160,Cash,Hyderabad
TXN103283,2025-05-09,CUST466,Snacks,Bingo Chips,2,20,40,Cash,Hyderabad
TXN103284,2025-03-11,CUST566,Personal Care,Savlon Sanitizer,3,70,210,Cash,Mumbai
TXN103285,2025-01-20,CUST522,Beverages,Sunbean Coffee,4,180,720,UPI,Delhi
TXN103286,2025-04-25,CUST622,Personal Care,Savlon Handwash,2,95,190,UPI,Bangalore
TXN103287,2025-06-18,CUST395,Personal Care,Savlon Sanitizer,2,70,140,Cash,Hyderabad
TXN103288,2025-06-10,CUST769,Beverages,B Natural Juice,3,40,120,Card,Bangalore
TXN103289,2025-03-03,CUST633,Beverages,Sunbean Coffee,2,180,360,Card,Mumbai
TXN103290,2025-03-16,CUST474,Snacks,Bingo Chips,1,20,20,Cash,Mumbai
TXN103291,2025-06-17,CUST314,Personal Care,Savlon Handwash,3,95,285,Card,Delhi
TXN103292,2025-03-30,CUST625,Beverages,Sunbean Coffee,4,180,720,Card,Delhi
TXN103293,2025-01-08,CUST178,Beverages,Sunbean Coffee,4,180,720,UPI,Delhi
TXN103294,2025-01-27,CUST598,Beverages,Sunbean Coffee,3,180,540,UPI,Bangalore
TXN103295,2025-04-29,CUST259,Personal Care,Savlon Sanitizer,5,70,350,Cash,Bangalore
TXN103296,2025-06-06,CUST109,Snacks,Bingo Chips,2,20,40,Card,Hyderabad
TXN103297,2025-05-21,CUST965,Snacks,Bingo Mad Angles,4,25,100,Cash,Bangalore
TXN103298,2025-03-31,CUST148,Personal Care,Vivel Soap,5,35,175,Card,Mumbai
TXN103299,2025-05-10,CUST704,Personal Care,Savlon Sanitizer,4,70,280,Card,Hyderabad
TXN103300,2025-05-02,CUST825,Personal Care,Vivel Soap,1,35,35,Card,Mumbai
TXN103301,2025-03-29,CUST463,Snacks,Bingo Mad Angles,1,25,25,Card,Chennai
TXN103302,2025-06-28,CUST142,Personal Care,Vivel Soap,2,35,70,UPI,Hyderabad
TXN103303,2025-05-14,CUST773,Snacks,Bingo Mad Angles,4,25,100,UPI,Chennai
TXN103304,2025-03-14,CUST332,Personal Care,Vivel Soap,3,35,105,Card,Chennai
TXN103305,2025-03-06,CUST990,Personal Care,Savlon Handwash,5,95,475,UPI,Hyderabad
TXN103306,2025-03-08,CUST857,Snacks,Bingo Chips,3,20,60,Card,Mumbai
TXN103307,2025-05-05,CUST508,Beverages,B Natural Juice,2,40,80,UPI,Chennai
TXN103308,2025-06-10,CUST758,Beverages,Sunbean Coffee,1,180,180,Card,Chennai
TXN103309,2025-06-26,CUST370,Personal Care,Vivel Soap,1,35,35,UPI,Mumbai
TXN103310,2025-05-07,CUST793,Snacks,Bingo Chips,5,20,100,Cash,Delhi
TXN103311,2025-04-29,CUST637,Beverages,Sunbean Coffee,2,180,360,UPI,Mumbai
TXN103312,2025-02-08,CUST862,Personal Care,Savlon Sanitizer,2,70,140,Cash,Mumbai
TXN103313,2025-05-25,CUST603,Beverages,Sunbean Coffee,5,180,900,Card,Bangalore
TXN103314,2025-01-15,CUST104,FMCG,Aashirvaad Atta,4,65,260,Cash,Hyderabad
TXN103315,2025-02-14,CUST703,FMCG,Aashirvaad Atta,3,65,195,UPI,Kolkata
TXN103316,2025-05-06,CUST854,Personal Care,Vivel Soap,3,35,105,Cash,Mumbai
TXN103317,2025-03-31,CUST150,Personal Care,Savlon Handwash,2,95,190,UPI,Mumbai
TXN103318,2025-04-30,CUST812,Snacks,Bingo Mad Angles,2,25,50,UPI,Kolkata
TXN103319,2025-05-22,CUST506,Snacks,Bingo Chips,2,20,40,UPI,Kolkata
TXN103320,2025-01-11,CUST702,Snacks,Bingo Chips,4,20,80,Card,Mumbai
TXN103321,2025-02-07,CUST891,Personal Care,Vivel Soap,4,35,140,Cash,Bangalore
TXN103322,2025-03-13,CUST269,Snacks,Bingo Mad Angles,3,25,75,UPI,Chennai
TXN103323,2025-03-11,CUST274,Personal Care,Vivel Soap,2,35,70,Card,Chennai
TXN103324,2025-04-06,CUST178,Personal Care,Vivel Soap,2,35,70,UPI,Mumbai
TXN103325,2025-06-18,CUST786,Personal Care,Savlon Handwash,2,95,190,UPI,Chennai
TXN103326,2025-05-09,CUST138,Snacks,Bingo Chips,3,20,60,Cash,Kolkata
TXN103327,2025-05-11,CUST947,Personal Care,Savlon Handwash,4,95,380,Cash,Chennai
TXN103328,2025-01-24,CUST989,Beverages,B Natural Juice,3,40,120,Cash,Delhi
TXN103329,2025-05-04,CUST853,Personal Care,Vivel Soap,5,35,175,Card,Mumbai
TXN103330,2025-02-12,CUST382,Personal Care,Savlon Sanitizer,4,70,280,UPI,Kolkata
TXN103331,2025-03-02,CUST703,Snacks,Bingo Chips,3,20,60,Cash,Kolkata
TXN103332,2025-01-21,CUST386,FMCG,Aashirvaad Atta,5,65,325,UPI,Kolkata
TXN103333,2025-01-29,CUST621,Personal Care,Savlon Sanitizer,1,70,70,Card,Hyderabad
TXN103334,2025-01-02,CUST792,Personal Care,Vivel Soap,2,35,70,Card,Bangalore
TXN103335,2025-05-15,CUST973,FMCG,Aashirvaad Atta,4,65,260,Card,Chennai
TXN103336,2025-06-08,CUST417,FMCG,Aashirvaad Atta,5,65,325,UPI,Hyderabad
TXN103337,2025-03-25,CUST952,Beverages,Sunbean Coffee,4,180,720,Cash,Bangalore
TXN103338,2025-02-04,CUST677,Snacks,Bingo Chips,5,20,100,Card,Delhi
TXN103339,2025-01-27,CUST974,Snacks,Bingo Mad Angles,1,25,25,UPI,Kolkata
TXN103340,2025-06-23,CUST473,FMCG,Aashirvaad Atta,3,65,195,Cash,Bangalore
TXN103341,2025-02-21,CUST780,Snacks,Bingo Chips,1,20,20,Card,Delhi
TXN103342,2025-05-23,CUST959,Snacks,Bingo Chips,3,20,60,Card,Chennai
TXN103343,2025-01-16,CUST448,FMCG,Aashirvaad Atta,1,65,65,Card,Hyderabad
TXN103344,2025-05-19,CUST125,Beverages,B Natural Juice,1,40,40,Cash,Delhi
TXN103345,2025-01-21,CUST827,Personal Care,Vivel Soap,3,35,105,UPI,Bangalore
TXN103346,2025-04-19,CUST869,Beverages,B Natural Juice,2,40,80,Card,Chennai
TXN103347,2025-03-14,CUST386,Beverages,B Natural Juice,1,40,40,UPI,Delhi
TXN103348,2025-01-08,CUST210,Personal Care,Vivel Soap,5,35,175,UPI,Delhi
TXN103349,2025-02-10,CUST582,Beverages,B Natural Juice,2,40,80,Cash,Hyderabad
TXN103350,2025-06-09,CUST935,Personal Care,Savlon Sanitizer,5,70,350,Card,Mumbai
TXN103351,2025-05-23,CUST820,Personal Care,Savlon Handwash,5,95,475,Cash,Kolkata
TXN103352,2025-01-17,CUST228,Personal Care,Savlon Handwash,4,95,380,Card,Hyderabad
TXN103353,2025-01-13,CUST903,FMCG,Aashirvaad Atta,1,65,65,UPI,Delhi
TXN103354,2025-04-08,CUST100,Beverages,Sunbean Coffee,1,180,180,UPI,Delhi
TXN103355,2025-06-09,CUST215,Snacks,Bingo Chips,1,20,20,Card,Mumbai
TXN103356,2025-04-05,CUST904,Snacks,Bingo Chips,1,20,20,Card,Chennai
TXN103357,2025-06-26,CUST833,Personal Care,Savlon Handwash,2,95,190,UPI,Mumbai
TXN103358,2025-04-13,CUST654,Beverages,B Natural Juice,2,40,80,Card,Kolkata
TXN103359,2025-02-08,CUST258,Snacks,Bingo Chips,3,20,60,Cash,Delhi
TXN103360,2025-06-05,CUST134,Beverages,Sunbean Coffee,5,180,900,UPI,Hyderabad
TXN103361,2025-06-19,CUST604,Personal Care,Savlon Handwash,2,95,190,UPI,Chennai
TXN103362,2025-05-24,CUST290,FMCG,Aashirvaad Atta,5,65,325,Cash,Chennai
TXN103363,2025-05-26,CUST916,Personal Care,Vivel Soap,4,35,140,Cash,Hyderabad
TXN103364,2025-02-12,CUST526,Personal Care,Vivel Soap,4,35,140,Card,Bangalore
TXN103365,2025-01-19,CUST281,Beverages,B Natural Juice,1,40,40,Card,Delhi
TXN103366,2025-01-06,CUST976,Beverages,B Natural Juice,1,40,40,Cash,Bangalore
TXN103367,2025-06-30,CUST861,Beverages,Sunbean Coffee,2,180,360,Card,Hyderabad
TXN103368,2025-01-05,CUST297,Personal Care,Vivel Soap,4,35,140,Cash,Bangalore
TXN103369,2025-01-03,CUST113,Beverages,B Natural Juice,5,40,200,Cash,Hyderabad
TXN103370,2025-04-15,CUST908,Beverages,B Natural Juice,5,40,200,UPI,Hyderabad
TXN103371,2025-03-09,CUST649,Personal Care,Savlon Sanitizer,2,70,140,UPI,Delhi
TXN103372,2025-01-23,CUST492,Personal Care,Savlon Handwash,2,95,190,Cash,Mumbai
TXN103373,2025-06-13,CUST451,Snacks,Bingo Chips,5,20,100,Card,Hyderabad
TXN103374,2025-01-07,CUST558,Personal Care,Savlon Sanitizer,5,70,350,Cash,Hyderabad
TXN103375,2025-01-07,CUST422,FMCG,Aashirvaad Atta,2,65,130,Card,Bangalore
TXN103376,2025-01-13,CUST768,Beverages,B Natural Juice,2,40,80,UPI,Hyderabad
TXN103377,2025-05-19,CUST125,Personal Care,Savlon Sanitizer,4,70,280,UPI,Bangalore
TXN103378,2025-06-11,CUST328,FMCG,Aashirvaad Atta,4,65,260,Cash,Kolkata
TXN103379,2025-01-19,CUST668,Beverages,B Natural Juice,5,40,200,Card,Chennai
TXN103380,2025-01-10,CUST114,Snacks,Bingo Mad Angles,3,25,75,Cash,Chennai
TXN103381,2025-02-07,CUST949,Personal Care,Vivel Soap,5,35,175,Cash,Bangalore
TXN103382,2025-06-08,CUST154,Snacks,Bingo Mad Angles,2,25,50,UPI,Bangalore
TXN103383,2025-03-13,CUST593,FMCG,Aashirvaad Atta,2,65,130,Card,Chennai
TXN103384,2025-03-05,CUST451,Beverages,Sunbean Coffee,3,180,540,Card,Bangalore
TXN103385,2025-03-14,CUST244,Snacks,Bingo Chips,1,20,20,Cash,Mumbai
TXN103386,2025-06-09,CUST560,Beverages,B Natural Juice,3,40,120,UPI,Hyderabad
TXN103387,2025-04-16,CUST737,Snacks,Bingo Chips,2,20,40,UPI,Chennai
TXN103388,2025-01-26,CUST936,Personal Care,Savlon Handwash,5,95,475,UPI,Bangalore
TXN103389,2025-01-28,CUST218,FMCG,Aashirvaad Atta,2,65,130,UPI,Chennai
TXN103390,2025-01-28,CUST774,FMCG,Aashirvaad Atta,1,65,65,Card,Bangalore
TXN103391,2025-02-15,CUST428,Personal Care,Vivel Soap,5,35,175,Cash,Hyderabad
TXN103392,2025-01-10,CUST533,Personal Care,Vivel Soap,2,35,70,Card,Mumbai
TXN103393,2025-01-31,CUST994,Personal Care,Savlon Handwash,1,95,95,Cash,Delhi
TXN103394,2025-06-22,CUST680,FMCG,Aashirvaad Atta,5,65,325,Cash,Mumbai
TXN103395,2025-06-18,CUST925,Personal Care,Savlon Sanitizer,3,70,210,UPI,Delhi
TXN103396,2025-02-03,CUST986,Personal Care,Savlon Sanitizer,1,70,70,UPI,Kolkata
TXN103397,2025-04-21,CUST358,Personal Care,Savlon Sanitizer,1,70,70,UPI,Mumbai
TXN103398,2025-04-15,CUST680,FMCG,Aashirvaad Atta,3,65,195,Cash,Delhi
TXN103399,2025-05-23,CUST192,Beverages,B Natural Juice,4,40,160,Card,Chennai
TXN103400,2025-03-21,CUST164,FMCG,Aashirvaad Atta,1,65,65,Cash,Bangalore
TXN103401,2025-04-08,CUST557,FMCG,Aashirvaad Atta,3,65,195,UPI,Bangalore
TXN103402,2025-01-24,CUST361,Beverages,Sunbean Coffee,5,180,900,Cash,Chennai
TXN103403,2025-02-03,CUST713,Snacks,Bingo Chips,1,20,20,Cash,Mumbai
TXN103404,2025-02-10,CUST874,Personal Care,Savlon Sanitizer,3,70,210,Cash,Chennai
TXN103405,2025-03-29,CUST155,Personal Care,Vivel Soap,4,35,140,Cash,Delhi
TXN103406,2025-03-14,CUST925,Personal Care,Savlon Handwash,4,95,380,Card,Chennai
TXN103407,2025-03-17,CUST496,FMCG,Aashirvaad Atta,1,65,65,Card,Chennai
TXN103408,2025-04-08,CUST364,Personal Care,Savlon Sanitizer,4,70,280,Card,Kolkata
TXN103409,2025-04-16,CUST470,Personal Care,Savlon Sanitizer,2,70,140,Card,Kolkata
TXN103410,2025-05-06,CUST212,Personal Care,Savlon Sanitizer,1,70,70,UPI,Bangalore
TXN103411,2025-03-05,CUST469,Beverages,B Natural Juice,2,40,80,Cash,Delhi
TXN103412,2025-03-05,CUST473,Personal Care,Savlon Sanitizer,5,70,350,UPI,Delhi
TXN103413,2025-01-03,CUST551,Beverages,B Natural Juice,3,40,120,Cash,Chennai
TXN103414,2025-02-28,CUST941,Personal Care,Vivel Soap,4,35,140,Cash,Chennai
TXN103415,2025-02-23,CUST583,Snacks,Bingo Chips,4,20,80,Cash,Mumbai
TXN103416,2025-04-13,CUST774,Personal Care,Savlon Handwash,5,95,475,UPI,Bangalore
TXN103417,2025-04-30,CUST893,Personal Care,Savlon Sanitizer,3,70,210,UPI,Bangalore
TXN103418,2025-03-22,CUST726,FMCG,Aashirvaad Atta,4,65,260,Card,Mumbai
TXN103419,2025-05-20,CUST311,Snacks,Bingo Chips,2,20,40,Card,Delhi
TXN103420,2025-06-17,CUST983,Snacks,Bingo Chips,5,20,100,Cash,Kolkata
TXN103421,2025-02-09,CUST570,Personal Care,Savlon Sanitizer,2,70,140,UPI,Mumbai
TXN103422,2025-04-28,CUST953,Personal Care,Savlon Handwash,2,95,190,UPI,Hyderabad
TXN103423,2025-01-11,CUST105,Snacks,Bingo Chips,4,20,80,Card,Delhi
TXN103424,2025-01-21,CUST128,Snacks,Bingo Chips,3,20,60,UPI,Delhi
TXN103425,2025-06-26,CUST420,Beverages,Sunbean Coffee,1,180,180,UPI,Delhi
TXN103426,2025-01-20,CUST908,Beverages,Sunbean Coffee,4,180,720,UPI,Hyderabad
TXN103427,2025-02-22,CUST117,Personal Care,Savlon Sanitizer,5,70,350,Cash,Bangalore
TXN103428,2025-03-26,CUST585,Beverages,Sunbean Coffee,3,180,540,Card,Kolkata
TXN103429,2025-04-20,CUST300,Personal Care,Savlon Handwash,3,95,285,Cash,Kolkata
TXN103430,2025-03-20,CUST412,Personal Care,Savlon Sanitizer,3,70,210,Cash,Delhi
TXN103431,2025-06-21,CUST279,Personal Care,Savlon Sanitizer,2,70,140,Cash,Hyderabad
TXN103432,2025-06-22,CUST729,Snacks,Bingo Mad Angles,5,25,125,Cash,Mumbai
TXN103433,2025-06-26,CUST452,Snacks,Bingo Chips,4,20,80,Cash,Chennai
TXN103434,2025-06-26,CUST132,FMCG,Aashirvaad Atta,2,65,130,UPI,Bangalore
TXN103435,2025-04-17,CUST393,Personal Care,Savlon Sanitizer,2,70,140,UPI,Delhi
TXN103436,2025-01-17,CUST677,Beverages,Sunbean Coffee,5,180,900,UPI,Hyderabad
TXN103437,2025-05-11,CUST884,FMCG,Aashirvaad Atta,2,65,130,Card,Kolkata
TXN103438,2025-01-15,CUST394,Beverages,B Natural Juice,4,40,160,Card,Hyderabad
TXN103439,2025-03-23,CUST105,Personal Care,Savlon Sanitizer,4,70,280,Cash,Delhi
TXN103440,2025-06-08,CUST637,FMCG,Aashirvaad Atta,5,65,325,Card,Bangalore
TXN103441,2025-05-16,CUST598,Personal Care,Savlon Handwash,5,95,475,Card,Chennai
TXN103442,2025-05-07,CUST581,Personal Care,Vivel Soap,4,35,140,Cash,Delhi
TXN103443,2025-03-18,CUST518,Snacks,Bingo Mad Angles,1,25,25,Card,Mumbai
TXN103444,2025-04-06,CUST352,Personal Care,Savlon Sanitizer,4,70,280,UPI,Mumbai
TXN103445,2025-06-16,CUST606,FMCG,Aashirvaad Atta,2,65,130,Card,Bangalore
TXN103446,2025-02-22,CUST715,Personal Care,Savlon Handwash,4,95,380,Cash,Delhi
TXN103447,2025-01-06,CUST745,Snacks,Bingo Chips,3,20,60,Cash,Kolkata
TXN103448,2025-06-03,CUST405,FMCG,Aashirvaad Atta,5,65,325,Card,Mumbai
TXN103449,2025-03-12,CUST222,Personal Care,Vivel Soap,5,35,175,Cash,Kolkata
TXN103450,2025-04-29,CUST629,Personal Care,Savlon Handwash,5,95,475,Card,Kolkata
TXN103451,2025-03-11,CUST593,Personal Care,Vivel Soap,3,35,105,UPI,Kolkata
TXN103452,2025-04-27,CUST586,Beverages,Sunbean Coffee,2,180,360,UPI,Mumbai
TXN103453,2025-01-25,CUST296,Beverages,Sunbean Coffee,1,180,180,Cash,Bangalore
TXN103454,2025-06-11,CUST100,Personal Care,Savlon Sanitizer,4,70,280,Cash,Kolkata
TXN103455,2025-05-11,CUST753,Personal Care,Savlon Sanitizer,4,70,280,Card,Bangalore
TXN103456,2025-05-28,CUST665,Beverages,B Natural Juice,3,40,120,UPI,Hyderabad
TXN103457,2025-06-09,CUST583,Snacks,Bingo Chips,2,20,40,Card,Delhi
TXN103458,2025-05-09,CUST566,Personal Care,Savlon Sanitizer,4,70,280,Card,Bangalore
TXN103459,2025-05-18,CUST329,Personal Care,Savlon Sanitizer,3,70,210,Card,Hyderabad
TXN103460,2025-06-25,CUST788,Beverages,Sunbean Coffee,3,180,540,Cash,Chennai
TXN103461,2025-05-23,CUST160,Snacks,Bingo Chips,2,20,40,Cash,Hyderabad
TXN103462,2025-01-25,CUST929,Snacks,Bingo Chips,3,20,60,Cash,Delhi
TXN103463,2025-03-22,CUST553,Personal Care,Savlon Handwash,3,95,285,Card,Delhi
TXN103464,2025-01-24,CUST752,Snacks,Bingo Mad Angles,5,25,125,UPI,Kolkata
TXN103465,2025-06-26,CUST758,FMCG,Aashirvaad Atta,5,65,325,Cash,Hyderabad
TXN103466,2025-02-11,CUST923,Snacks,Bingo Chips,4,20,80,UPI,Hyderabad
TXN103467,2025-01-17,CUST780,Personal Care,Vivel Soap,5,35,175,Cash,Chennai
TXN103468,2025-04-19,CUST800,FMCG,Aashirvaad Atta,3,65,195,Card,Delhi
TXN103469,2025-01-22,CUST536,Personal Care,Savlon Handwash,1,95,95,UPI,Chennai
TXN103470,2025-03-30,CUST321,Beverages,B Natural Juice,1,40,40,Card,Hyderabad
TXN103471,2025-01-17,CUST209,Beverages,B Natural Juice,4,40,160,Cash,Chennai
TXN103472,2025-04-18,CUST486,Personal Care,Vivel Soap,3,35,105,Card,Chennai
TXN103473,2025-05-04,CUST262,Personal Care,Savlon Sanitizer,4,70,280,UPI,Delhi
TXN103474,2025-02-22,CUST120,Snacks,Bingo Mad Angles,5,25,125,UPI,Delhi
TXN103475,2025-05-09,CUST841,Beverages,B Natural Juice,3,40,120,Cash,Kolkata
TXN103476,2025-03-07,CUST812,Beverages,B Natural Juice,2,40,80,Card,Hyderabad
TXN103477,2025-03-31,CUST176,Personal Care,Savlon Handwash,2,95,190,UPI,Mumbai
TXN103478,2025-05-05,CUST873,Personal Care,Savlon Sanitizer,2,70,140,UPI,Chennai
TXN103479,2025-01-12,CUST583,Personal Care,Vivel Soap,4,35,140,Card,Bangalore
TXN103480,2025-03-23,CUST918,Personal Care,Savlon Sanitizer,5,70,350,UPI,Chennai
TXN103481,2025-04-09,CUST598,Beverages,B Natural Juice,2,40,80,Cash,Chennai
TXN103482,2025-04-13,CUST813,Personal Care,Vivel Soap,5,35,175,Cash,Mumbai
TXN103483,2025-03-01,CUST510,FMCG,Aashirvaad Atta,2,65,130,Cash,Kolkata
TXN103484,2025-01-24,CUST683,Snacks,Bingo Chips,5,20,100,Cash,Mumbai
TXN103485,2025-03-23,CUST619,Snacks,Bingo Mad Angles,5,25,125,UPI,Chennai
TXN103486,2025-05-07,CUST112,Beverages,Sunbean Coffee,2,180,360,Cash,Chennai
TXN103487,2025-02-13,CUST489,Personal Care,Savlon Handwash,4,95,380,UPI,Mumbai
TXN103488,2025-05-07,CUST757,Beverages,Sunbean Coffee,3,180,540,Card,Mumbai
TXN103489,2025-01-03,CUST800,Personal Care,Savlon Sanitizer,4,70,280,Cash,Bangalore
TXN103490,2025-06-10,CUST409,Personal Care,Vivel Soap,3,35,105,Cash,Delhi
TXN103491,2025-02-13,CUST228,Personal Care,Vivel Soap,1,35,35,UPI,Hyderabad
TXN103492,2025-04-01,CUST534,Beverages,B Natural Juice,1,40,40,UPI,Mumbai
TXN103493,2025-01-28,CUST966,Beverages,B Natural Juice,4,40,160,Card,Kolkata
TXN103494,2025-03-04,CUST684,FMCG,Aashirvaad Atta,4,65,260,Card,Bangalore
TXN103495,2025-03-13,CUST757,Beverages,B Natural Juice,2,40,80,Cash,Kolkata
TXN103496,2025-06-20,CUST201,Beverages,B Natural Juice,5,40,200,Cash,Hyderabad
TXN103497,2025-01-19,CUST122,Beverages,Sunbean Coffee,4,180,720,Card,Bangalore
TXN103498,2025-06-17,CUST473,Snacks,Bingo Mad Angles,4,25,100,Cash,Kolkata
TXN103499,2025-04-02,CUST736,Personal Care,Savlon Sanitizer,2,70,140,UPI,Mumbai
TXN103500,2025-05-30,CUST368,Beverages,B Natural Juice,1,40,40,Cash,Mumbai
TXN103501,2025-02-19,CUST356,Personal Care,Vivel Soap,3,35,105,Cash,Hyderabad
TXN103502,2025-02-12,CUST554,Personal Care,Savlon Handwash,2,95,190,Card,Mumbai
TXN103503,2025-06-06,CUST620,FMCG,Aashirvaad Atta,1,65,65,Cash,Bangalore
TXN103504,2025-06-27,CUST224,Beverages,B Natural Juice,2,40,80,Cash,Hyderabad
TXN103505,2025-05-06,CUST824,Beverages,B Natural Juice,1,40,40,Card,Chennai
TXN103506,2025-02-20,CUST432,Beverages,Sunbean Coffee,3,180,540,Card,Chennai
TXN103507,2025-03-05,CUST727,Personal Care,Vivel Soap,3,35,105,Card,Chennai
TXN103508,2025-01-13,CUST371,Personal Care,Savlon Sanitizer,2,70,140,Cash,Mumbai
TXN103509,2025-05-15,CUST681,Snacks,Bingo Mad Angles,3,25,75,UPI,Bangalore
TXN103510,2025-05-22,CUST747,Snacks,Bingo Mad Angles,1,25,25,Card,Delhi
TXN103511,2025-05-29,CUST684,Snacks,Bingo Chips,4,20,80,UPI,Kolkata
TXN103512,2025-06-02,CUST814,Snacks,Bingo Chips,5,20,100,Card,Hyderabad
TXN103513,2025-06-26,CUST673,Personal Care,Savlon Handwash,5,95,475,Card,Hyderabad
TXN103514,2025-02-05,CUST601,Snacks,Bingo Chips,2,20,40,UPI,Kolkata
TXN103515,2025-03-06,CUST453,Beverages,B Natural Juice,2,40,80,Card,Hyderabad
TXN103516,2025-02-04,CUST618,Beverages,Sunbean Coffee,3,180,540,UPI,Hyderabad
TXN103517,2025-01-31,CUST442,Beverages,B Natural Juice,4,40,160,Cash,Kolkata
TXN103518,2025-03-05,CUST939,Snacks,Bingo Mad Angles,3,25,75,Cash,Hyderabad
TXN103519,2025-06-24,CUST638,FMCG,Aashirvaad Atta,5,65,325,Card,Chennai
TXN103520,2025-04-27,CUST628,Personal Care,Savlon Sanitizer,4,70,280,Cash,Bangalore
TXN103521,2025-06-20,CUST199,Snacks,Bingo Mad Angles,1,25,25,UPI,Chennai
TXN103522,2025-03-07,CUST849,Snacks,Bingo Mad Angles,3,25,75,Cash,Chennai
TXN103523,2025-04-11,CUST796,Personal Care,Savlon Sanitizer,5,70,350,UPI,Bangalore
TXN103524,2025-01-20,CUST244,Beverages,Sunbean Coffee,1,180,180,Cash,Bangalore
TXN103525,2025-01-11,CUST356,Snacks,Bingo Mad Angles,2,25,50,UPI,Mumbai
TXN103526,2025-04-03,CUST595,Personal Care,Savlon Sanitizer,5,70,350,Cash,Delhi
TXN103527,2025-04-22,CUST838,Personal Care,Vivel Soap,1,35,35,Card,Kolkata
TXN103528,2025-01-03,CUST803,Beverages,B Natural Juice,5,40,200,UPI,Bangalore
TXN103529,2025-02-12,CUST285,Personal Care,Vivel Soap,5,35,175,UPI,Mumbai
TXN103530,2025-05-01,CUST967,Beverages,Sunbean Coffee,2,180,360,Cash,Delhi
TXN103531,2025-02-06,CUST505,Beverages,Sunbean Coffee,1,180,180,UPI,Kolkata
TXN103532,2025-03-09,CUST105,FMCG,Aashirvaad Atta,3,65,195,UPI,Bangalore
TXN103533,2025-03-11,CUST634,Personal Care,Savlon Sanitizer,3,70,210,Cash,Mumbai
TXN103534,2025-06-30,CUST922,Beverages,B Natural Juice,1,40,40,Cash,Chennai
TXN103535,2025-05-16,CUST427,Personal Care,Savlon Sanitizer,5,70,350,Cash,Hyderabad
TXN103536,2025-06-08,CUST871,Personal Care,Savlon Sanitizer,1,70,70,Card,Bangalore
TXN103537,2025-03-19,CUST433,Personal Care,Savlon Handwash,3,95,285,UPI,Delhi
TXN103538,2025-04-09,CUST690,Beverages,B Natural Juice,3,40,120,Card,Mumbai
TXN103539,2025-02-03,CUST690,Personal Care,Vivel Soap,2,35,70,Cash,Hyderabad
TXN103540,2025-04-26,CUST262,FMCG,Aashirvaad Atta,4,65,260,Cash,Hyderabad
TXN103541,2025-05-21,CUST647,Snacks,Bingo Mad Angles,1,25,25,Cash,Mumbai
TXN103542,2025-04-19,CUST863,Snacks,Bingo Mad Angles,5,25,125,Cash,Delhi
TXN103543,2025-03-04,CUST689,Beverages,Sunbean Coffee,3,180,540,Card,Bangalore
TXN103544,2025-01-31,CUST557,Snacks,Bingo Mad Angles,5,25,125,UPI,Hyderabad
TXN103545,2025-01-09,CUST156,Personal Care,Savlon Sanitizer,2,70,140,Card,Chennai
TXN103546,2025-05-14,CUST502,Personal Care,Vivel Soap,3,35,105,UPI,Chennai
TXN103547,2025-01-01,CUST338,Personal Care,Savlon Sanitizer,3,70,210,UPI,Chennai
TXN103548,2025-02-08,CUST861,Beverages,Sunbean Coffee,1,180,180,UPI,Delhi
TXN103549,2025-06-12,CUST462,Snacks,Bingo Mad Angles,2,25,50,UPI,Bangalore
TXN103550,2025-01-31,CUST960,Snacks,Bingo Mad Angles,2,25,50,Cash,Mumbai
TXN103551,2025-02-11,CUST880,Beverages,B Natural Juice,1,40,40,Card,Delhi
TXN103552,2025-02-12,CUST537,Beverages,Sunbean Coffee,5,180,900,Card,Kolkata
TXN103553,2025-03-11,CUST763,Snacks,Bingo Chips,4,20,80,UPI,Delhi
TXN103554,2025-04-03,CUST783,Beverages,B Natural Juice,3,40,120,UPI,Bangalore
TXN103555,2025-05-07,CUST402,Personal Care,Savlon Sanitizer,3,70,210,UPI,Kolkata
TXN103556,2025-04-07,CUST830,FMCG,Aashirvaad Atta,2,65,130,Card,Chennai
TXN103557,2025-01-06,CUST608,Snacks,Bingo Mad Angles,2,25,50,Cash,Mumbai
TXN103558,2025-01-02,CUST985,Beverages,Sunbean Coffee,5,180,900,Card,Delhi
TXN103559,2025-01-05,CUST181,Personal Care,Savlon Sanitizer,5,70,350,Cash,Hyderabad
TXN103560,2025-06-11,CUST804,Personal Care,Savlon Sanitizer,1,70,70,UPI,Mumbai
TXN103561,2025-01-18,CUST501,Snacks,Bingo Chips,1,20,20,Card,Hyderabad
TXN103562,2025-03-01,CUST377,Personal Care,Vivel Soap,4,35,140,UPI,Hyderabad
TXN103563,2025-04-21,CUST206,Personal Care,Vivel Soap,1,35,35,Card,Chennai
TXN103564,2025-06-22,CUST845,Personal Care,Vivel Soap,4,35,140,UPI,Hyderabad
TXN103565,2025-05-24,CUST865,Beverages,B Natural Juice,4,40,160,Card,Bangalore
TXN103566,2025-06-13,CUST442,Beverages,Sunbean Coffee,3,180,540,Card,Chennai
TXN103567,2025-01-04,CUST133,FMCG,Aashirvaad Atta,3,65,195,Card,Hyderabad
TXN103568,2025-04-21,CUST899,Personal Care,Vivel Soap,4,35,140,Card,Kolkata
TXN103569,2025-05-18,CUST917,Snacks,Bingo Chips,2,20,40,Cash,Delhi
TXN103570,2025-05-18,CUST804,Personal Care,Vivel Soap,2,35,70,Card,Hyderabad
TXN103571,2025-05-15,CUST941,FMCG,Aashirvaad Atta,3,65,195,UPI,Chennai
TXN103572,2025-01-20,CUST275,Snacks,Bingo Mad Angles,5,25,125,Cash,Delhi
TXN103573,2025-01-17,CUST549,Personal Care,Savlon Handwash,1,95,95,UPI,Bangalore
TXN103574,2025-01-13,CUST601,Personal Care,Vivel Soap,5,35,175,Card,Mumbai
TXN103575,2025-06-15,CUST916,FMCG,Aashirvaad Atta,1,65,65,Cash,Mumbai
TXN103576,2025-05-04,CUST489,FMCG,Aashirvaad Atta,3,65,195,Cash,Chennai
TXN103577,2025-01-29,CUST952,Snacks,Bingo Mad Angles,2,25,50,Cash,Mumbai
TXN103578,2025-01-21,CUST705,Personal Care,Savlon Handwash,4,95,380,Cash,Hyderabad
TXN103579,2025-05-07,CUST961,FMCG,Aashirvaad Atta,4,65,260,Card,Bangalore
TXN103580,2025-05-13,CUST707,FMCG,Aashirvaad Atta,1,65,65,Card,Kolkata
TXN103581,2025-02-25,CUST495,Beverages,Sunbean Coffee,3,180,540,Card,Chennai
TXN103582,2025-05-09,CUST789,Personal Care,Savlon Sanitizer,4,70,280,Cash,Chennai
TXN103583,2025-05-10,CUST608,Personal Care,Vivel Soap,2,35,70,UPI,Delhi
TXN103584,2025-02-08,CUST821,Personal Care,Vivel Soap,4,35,140,Cash,Kolkata
TXN103585,2025-03-25,CUST823,Snacks,Bingo Mad Angles,1,25,25,Card,Hyderabad
TXN103586,2025-03-05,CUST451,Beverages,B Natural Juice,2,40,80,Card,Mumbai
TXN103587,2025-02-23,CUST592,Snacks,Bingo Mad Angles,3,25,75,UPI,Chennai
TXN103588,2025-06-02,CUST279,Personal Care,Savlon Handwash,2,95,190,UPI,Delhi
TXN103589,2025-01-17,CUST251,Personal Care,Savlon Handwash,2,95,190,Cash,Hyderabad
TXN103590,2025-04-20,CUST696,Beverages,Sunbean Coffee,2,180,360,UPI,Mumbai
TXN103591,2025-06-19,CUST882,Snacks,Bingo Mad Angles,2,25,50,UPI,Bangalore
TXN103592,2025-02-21,CUST541,Personal Care,Savlon Handwash,4,95,380,UPI,Delhi
TXN103593,2025-05-09,CUST847,Personal Care,Savlon Sanitizer,4,70,280,Card,Delhi
TXN103594,2025-01-24,CUST387,Snacks,Bingo Mad Angles,5,25,125,UPI,Bangalore
TXN103595,2025-06-22,CUST701,Snacks,Bingo Mad Angles,2,25,50,Card,Kolkata
TXN103596,2025-01-30,CUST543,Personal Care,Savlon Handwash,5,95,475,UPI,Kolkata
TXN103597,2025-01-02,CUST153,FMCG,Aashirvaad Atta,1,65,65,Cash,Chennai
TXN103598,2025-01-09,CUST710,Personal Care,Savlon Sanitizer,1,70,70,Card,Chennai
TXN103599,2025-03-19,CUST174,Personal Care,Savlon Sanitizer,1,70,70,UPI,Mumbai
TXN103600,2025-01-08,CUST409,Snacks,Bingo Mad Angles,4,25,100,Cash,Hyderabad
TXN103601,2025-01-27,CUST187,Personal Care,Vivel Soap,1,35,35,Cash,Chennai
TXN103602,2025-02-22,CUST586,Snacks,Bingo Mad Angles,2,25,50,UPI,Delhi
TXN103603,2025-01-10,CUST214,FMCG,Aashirvaad Atta,5,65,325,UPI,Hyderabad
TXN103604,2025-05-18,CUST660,Beverages,B Natural Juice,2,40,80,Card,Chennai
TXN103605,2025-04-03,CUST653,Personal Care,Savlon Handwash,1,95,95,Card,Chennai
TXN103606,2025-03-06,CUST207,Snacks,Bingo Chips,5,20,100,UPI,Chennai
TXN103607,2025-04-21,CUST979,Snacks,Bingo Mad Angles,4,25,100,UPI,Mumbai
TXN103608,2025-01-20,CUST342,Personal Care,Savlon Handwash,4,95,380,UPI,Hyderabad
TXN103609,2025-05-01,CUST527,Personal Care,Vivel Soap,3,35,105,Card,Delhi
TXN103610,2025-04-13,CUST314,Personal Care,Savlon Sanitizer,1,70,70,Cash,Bangalore
TXN103611,2025-01-26,CUST570,Snacks,Bingo Chips,3,20,60,UPI,Mumbai
TXN103612,2025-04-04,CUST538,Personal Care,Savlon Handwash,5,95,475,Cash,Kolkata
TXN103613,2025-06-28,CUST849,Personal Care,Savlon Sanitizer,5,70,350,Cash,Chennai
TXN103614,2025-03-16,CUST457,FMCG,Aashirvaad Atta,2,65,130,Cash,Bangalore
TXN103615,2025-06-16,CUST854,Personal Care,Vivel Soap,4,35,140,Cash,Kolkata
TXN103616,2025-06-29,CUST580,Beverages,B Natural Juice,2,40,80,Cash,Mumbai
TXN103617,2025-03-29,CUST116,Personal Care,Savlon Sanitizer,2,70,140,UPI,Hyderabad
TXN103618,2025-02-24,CUST346,Personal Care,Savlon Sanitizer,3,70,210,Cash,Bangalore
TXN103619,2025-02-27,CUST552,FMCG,Aashirvaad Atta,1,65,65,Card,Delhi
TXN103620,2025-02-01,CUST701,FMCG,Aashirvaad Atta,3,65,195,Cash,Bangalore
TXN103621,2025-02-26,CUST167,Personal Care,Vivel Soap,5,35,175,UPI,Hyderabad
TXN103622,2025-03-21,CUST817,Beverages,Sunbean Coffee,4,180,720,Card,Mumbai
TXN103623,2025-05-04,CUST318,Personal Care,Vivel Soap,1,35,35,Card,Hyderabad
TXN103624,2025-04-08,CUST115,FMCG,Aashirvaad Atta,4,65,260,Cash,Hyderabad
TXN103625,2025-03-29,CUST802,Personal Care,Savlon Handwash,2,95,190,Card,Delhi
TXN103626,2025-05-01,CUST165,Personal Care,Vivel Soap,4,35,140,UPI,Delhi
TXN103627,2025-06-05,CUST581,Personal Care,Vivel Soap,3,35,105,UPI,Mumbai
TXN103628,2025-03-07,CUST498,Snacks,Bingo Mad Angles,1,25,25,Cash,Delhi
TXN103629,2025-01-27,CUST661,Personal Care,Vivel Soap,2,35,70,Cash,Mumbai
TXN103630,2025-06-10,CUST144,Personal Care,Savlon Handwash,4,95,380,Cash,Kolkata
TXN103631,2025-06-06,CUST695,Beverages,Sunbean Coffee,5,180,900,Cash,Kolkata
TXN103632,2025-03-01,CUST892,Personal Care,Savlon Handwash,4,95,380,Cash,Delhi
TXN103633,2025-01-04,CUST676,FMCG,Aashirvaad Atta,1,65,65,Cash,Hyderabad
TXN103634,2025-03-10,CUST172,Beverages,B Natural Juice,4,40,160,Cash,Hyderabad
TXN103635,2025-01-26,CUST359,Beverages,B Natural Juice,4,40,160,Card,Hyderabad
TXN103636,2025-06-15,CUST330,Beverages,B Natural Juice,4,40,160,Card,Mumbai
TXN103637,2025-02-25,CUST622,Beverages,B Natural Juice,3,40,120,Card,Delhi
TXN103638,2025-01-16,CUST174,Personal Care,Savlon Handwash,1,95,95,UPI,Bangalore
TXN103639,2025-05-16,CUST366,Personal Care,Savlon Sanitizer,2,70,140,Card,Chennai
TXN103640,2025-03-31,CUST665,Snacks,Bingo Chips,5,20,100,Card,Mumbai
TXN103641,2025-03-28,CUST600,FMCG,Aashirvaad Atta,4,65,260,Cash,Mumbai
TXN103642,2025-02-28,CUST561,Snacks,Bingo Mad Angles,4,25,100,Card,Kolkata
TXN103643,2025-02-02,CUST142,Beverages,Sunbean Coffee,2,180,360,UPI,Bangalore
TXN103644,2025-06-08,CUST549,Beverages,Sunbean Coffee,3,180,540,Card,Hyderabad
TXN103645,2025-02-13,CUST186,Personal Care,Savlon Sanitizer,2,70,140,UPI,Mumbai
TXN103646,2025-06-03,CUST811,Beverages,Sunbean Coffee,5,180,900,Card,Mumbai
TXN103647,2025-01-24,CUST248,Beverages,B Natural Juice,2,40,80,Card,Mumbai
TXN103648,2025-04-08,CUST247,Personal Care,Savlon Handwash,1,95,95,Cash,Hyderabad
TXN103649,2025-05-08,CUST688,Personal Care,Vivel Soap,5,35,175,Cash,Kolkata
TXN103650,2025-04-20,CUST575,Personal Care,Savlon Handwash,1,95,95,Cash,Delhi
TXN103651,2025-02-19,CUST526,Beverages,B Natural Juice,1,40,40,UPI,Kolkata
TXN103652,2025-04-18,CUST760,Snacks,Bingo Mad Angles,3,25,75,UPI,Delhi
TXN103653,2025-01-28,CUST275,Snacks,Bingo Mad Angles,5,25,125,UPI,Chennai
TXN103654,2025-05-11,CUST864,Beverages,B Natural Juice,1,40,40,Cash,Mumbai
TXN103655,2025-04-26,CUST719,Snacks,Bingo Chips,4,20,80,UPI,Chennai
TXN103656,2025-03-31,CUST438,Snacks,Bingo Mad Angles,2,25,50,UPI,Bangalore
TXN103657,2025-02-06,CUST842,Snacks,Bingo Mad Angles,1,25,25,Card,Delhi
TXN103658,2025-05-19,CUST106,Snacks,Bingo Chips,5,20,100,UPI,Hyderabad
TXN103659,2025-06-12,CUST806,Snacks,Bingo Chips,1,20,20,UPI,Hyderabad
TXN103660,2025-05-06,CUST906,Personal Care,Savlon Handwash,3,95,285,Cash,Chennai
TXN103661,2025-06-09,CUST957,Personal Care,Vivel Soap,4,35,140,Cash,Kolkata
TXN103662,2025-04-24,CUST788,Beverages,Sunbean Coffee,3,180,540,UPI,Delhi
TXN103663,2025-05-16,CUST267,Snacks,Bingo Chips,2,20,40,Cash,Kolkata
TXN103664,2025-06-26,CUST176,FMCG,Aashirvaad Atta,5,65,325,UPI,Chennai
TXN103665,2025-05-17,CUST404,Beverages,B Natural Juice,5,40,200,Cash,Hyderabad
TXN103666,2025-03-25,CUST340,Snacks,Bingo Chips,4,20,80,UPI,Mumbai
TXN103667,2025-02-11,CUST380,Snacks,Bingo Mad Angles,4,25,100,UPI,Kolkata
TXN103668,2025-06-30,CUST873,Beverages,B Natural Juice,3,40,120,Cash,Mumbai
TXN103669,2025-04-27,CUST174,Beverages,Sunbean Coffee,2,180,360,Card,Delhi
TXN103670,2025-06-24,CUST526,Personal Care,Savlon Sanitizer,4,70,280,Card,Bangalore
TXN103671,2025-05-26,CUST527,Beverages,Sunbean Coffee,2,180,360,Cash,Chennai
TXN103672,2025-04-12,CUST686,FMCG,Aashirvaad Atta,2,65,130,Cash,Hyderabad
TXN103673,2025-04-12,CUST318,Personal Care,Savlon Sanitizer,3,70,210,Card,Kolkata
TXN103674,2025-06-13,CUST889,Personal Care,Savlon Handwash,1,95,95,UPI,Delhi
TXN103675,2025-06-25,CUST966,Beverages,Sunbean Coffee,4,180,720,Cash,Delhi
TXN103676,2025-05-05,CUST343,Snacks,Bingo Mad Angles,1,25,25,Card,Kolkata
TXN103677,2025-05-01,CUST704,Snacks,Bingo Mad Angles,2,25,50,Card,Delhi
TXN103678,2025-02-15,CUST180,Snacks,Bingo Mad Angles,2,25,50,Cash,Mumbai
TXN103679,2025-04-29,CUST406,FMCG,Aashirvaad Atta,1,65,65,UPI,Chennai
TXN103680,2025-04-30,CUST579,Personal Care,Savlon Handwash,2,95,190,Card,Hyderabad
TXN103681,2025-03-19,CUST777,Personal Care,Savlon Handwash,1,95,95,Cash,Bangalore
TXN103682,2025-01-05,CUST671,Snacks,Bingo Mad Angles,1,25,25,UPI,Mumbai
TXN103683,2025-04-16,CUST895,Personal Care,Vivel Soap,1,35,35,Card,Bangalore
TXN103684,2025-03-21,CUST542,Personal Care,Savlon Sanitizer,3,70,210,UPI,Hyderabad
TXN103685,2025-01-21,CUST545,Snacks,Bingo Chips,1,20,20,Cash,Bangalore
TXN103686,2025-01-16,CUST732,Snacks,Bingo Chips,5,20,100,UPI,Hyderabad
TXN103687,2025-06-02,CUST544,Snacks,Bingo Mad Angles,2,25,50,Cash,Kolkata
TXN103688,2025-05-23,CUST339,Beverages,Sunbean Coffee,2,180,360,Cash,Mumbai
TXN103689,2025-01-29,CUST913,Personal Care,Savlon Sanitizer,5,70,350,Cash,Mumbai
TXN103690,2025-04-19,CUST536,Beverages,B Natural Juice,5,40,200,Cash,Delhi
TXN103691,2025-01-25,CUST348,Personal Care,Vivel Soap,3,35,105,Cash,Delhi
TXN103692,2025-04-04,CUST321,Snacks,Bingo Mad Angles,2,25,50,UPI,Bangalore
TXN103693,2025-03-27,CUST777,Beverages,Sunbean Coffee,5,180,900,Cash,Kolkata
TXN103694,2025-03-18,CUST653,Personal Care,Savlon Sanitizer,4,70,280,Card,Kolkata
TXN103695,2025-02-01,CUST208,FMCG,Aashirvaad Atta,2,65,130,Card,Hyderabad
TXN103696,2025-02-13,CUST158,Personal Care,Savlon Handwash,5,95,475,Cash,Chennai
TXN103697,2025-04-11,CUST634,Snacks,Bingo Chips,5,20,100,UPI,Chennai
TXN103698,2025-03-03,CUST783,Beverages,Sunbean Coffee,3,180,540,UPI,Delhi
TXN103699,2025-06-24,CUST399,Personal Care,Savlon Sanitizer,2,70,140,Card,Mumbai
TXN103700,2025-05-05,CUST913,Personal Care,Vivel Soap,5,35,175,Cash,Delhi
TXN103701,2025-02-16,CUST635,Snacks,Bingo Chips,3,20,60,Card,Kolkata
TXN103702,2025-04-23,CUST542,Personal Care,Vivel Soap,5,35,175,Cash,Delhi
TXN103703,2025-04-28,CUST919,FMCG,Aashirvaad Atta,3,65,195,Cash,Bangalore
TXN103704,2025-01-16,CUST985,Personal Care,Savlon Sanitizer,1,70,70,Card,Mumbai
TXN103705,2025-01-27,CUST512,Personal Care,Savlon Sanitizer,2,70,140,Cash,Mumbai
TXN103706,2025-04-20,CUST844,Personal Care,Savlon Sanitizer,2,70,140,Card,Hyderabad
TXN103707,2025-01-07,CUST128,Beverages,Sunbean Coffee,5,180,900,Card,Kolkata
TXN103708,2025-01-27,CUST239,Beverages,B Natural Juice,4,40,160,UPI,Mumbai
TXN103709,2025-04-10,CUST831,FMCG,Aashirvaad Atta,2,65,130,Cash,Kolkata
TXN103710,2025-01-16,CUST496,Beverages,B Natural Juice,3,40,120,UPI,Mumbai
TXN103711,2025-03-24,CUST324,Personal Care,Savlon Handwash,5,95,475,Cash,Mumbai
TXN103712,2025-04-28,CUST374,FMCG,Aashirvaad Atta,1,65,65,Card,Hyderabad
TXN103713,2025-01-26,CUST315,FMCG,Aashirvaad Atta,4,65,260,UPI,Chennai
TXN103714,2025-01-08,CUST625,Personal Care,Vivel Soap,3,35,105,Cash,Kolkata
TXN103715,2025-01-09,CUST557,Personal Care,Savlon Sanitizer,4,70,280,Cash,Bangalore
TXN103716,2025-03-29,CUST769,Personal Care,Vivel Soap,5,35,175,Cash,Mumbai
TXN103717,2025-05-04,CUST432,Beverages,B Natural Juice,3,40,120,Card,Bangalore
TXN103718,2025-05-05,CUST100,Beverages,B Natural Juice,1,40,40,Card,Chennai
TXN103719,2025-03-22,CUST529,Snacks,Bingo Chips,2,20,40,UPI,Hyderabad
TXN103720,2025-02-06,CUST588,Beverages,Sunbean Coffee,1,180,180,UPI,Hyderabad
TXN103721,2025-05-17,CUST372,Snacks,Bingo Chips,2,20,40,Card,Delhi
TXN103722,2025-01-24,CUST695,Snacks,Bingo Mad Angles,3,25,75,Card,Chennai
TXN103723,2025-06-21,CUST669,Beverages,Sunbean Coffee,5,180,900,Card,Mumbai
TXN103724,2025-02-16,CUST533,Personal Care,Vivel Soap,4,35,140,Cash,Mumbai
TXN103725,2025-02-16,CUST988,Snacks,Bingo Chips,1,20,20,UPI,Mumbai
TXN103726,2025-05-15,CUST389,Snacks,Bingo Chips,4,20,80,Cash,Delhi
TXN103727,2025-05-17,CUST370,Snacks,Bingo Chips,2,20,40,Card,Mumbai
TXN103728,2025-02-04,CUST881,Personal Care,Vivel Soap,3,35,105,Card,Delhi
TXN103729,2025-03-21,CUST665,Beverages,B Natural Juice,5,40,200,Card,Mumbai
TXN103730,2025-06-25,CUST562,Personal Care,Savlon Sanitizer,1,70,70,Cash,Bangalore
TXN103731,2025-04-09,CUST363,Personal Care,Vivel Soap,2,35,70,Card,Delhi
TXN103732,2025-04-16,CUST617,Personal Care,Vivel Soap,4,35,140,Card,Kolkata
TXN103733,2025-04-19,CUST553,FMCG,Aashirvaad Atta,3,65,195,Cash,Bangalore
TXN103734,2025-01-23,CUST772,FMCG,Aashirvaad Atta,1,65,65,Cash,Bangalore
TXN103735,2025-05-12,CUST712,Beverages,B Natural Juice,3,40,120,Card,Delhi
TXN103736,2025-02-07,CUST744,Snacks,Bingo Chips,2,20,40,Card,Hyderabad
TXN103737,2025-03-24,CUST945,Snacks,Bingo Mad Angles,2,25,50,Card,Bangalore
TXN103738,2025-02-19,CUST748,Beverages,Sunbean Coffee,5,180,900,Cash,Delhi
TXN103739,2025-06-18,CUST764,Snacks,Bingo Mad Angles,4,25,100,UPI,Kolkata
TXN103740,2025-04-19,CUST664,Personal Care,Savlon Sanitizer,3,70,210,Cash,Kolkata
TXN103741,2025-06-24,CUST364,Personal Care,Savlon Handwash,5,95,475,Cash,Bangalore
TXN103742,2025-02-25,CUST894,Personal Care,Vivel Soap,2,35,70,UPI,Kolkata
TXN103743,2025-05-06,CUST732,Snacks,Bingo Mad Angles,3,25,75,UPI,Bangalore
TXN103744,2025-05-08,CUST635,FMCG,Aashirvaad Atta,4,65,260,Cash,Delhi
TXN103745,2025-04-08,CUST372,FMCG,Aashirvaad Atta,3,65,195,Cash,Delhi
TXN103746,2025-01-03,CUST389,Personal Care,Savlon Sanitizer,4,70,280,Cash,Bangalore
TXN103747,2025-04-15,CUST524,Snacks,Bingo Chips,4,20,80,UPI,Bangalore
TXN103748,2025-01-16,CUST386,Beverages,Sunbean Coffee,2,180,360,UPI,Hyderabad
TXN103749,2025-01-10,CUST164,Personal Care,Savlon Sanitizer,5,70,350,Cash,Chennai
TXN103750,2025-01-06,CUST130,FMCG,Aashirvaad Atta,3,65,195,Cash,Bangalore
TXN103751,2025-06-22,CUST563,Personal Care,Savlon Handwash,2,95,190,Card,Hyderabad
TXN103752,2025-02-01,CUST635,Beverages,Sunbean Coffee,4,180,720,Card,Bangalore
TXN103753,2025-04-11,CUST560,Snacks,Bingo Mad Angles,5,25,125,UPI,Delhi
TXN103754,2025-01-26,CUST701,Personal Care,Vivel Soap,5,35,175,UPI,Hyderabad
TXN103755,2025-02-12,CUST494,Beverages,B Natural Juice,5,40,200,Card,Bangalore
TXN103756,2025-02-13,CUST730,Personal Care,Vivel Soap,1,35,35,Card,Mumbai
TXN103757,2025-01-21,CUST248,Beverages,B Natural Juice,4,40,160,Card,Mumbai
TXN103758,2025-03-11,CUST460,Snacks,Bingo Chips,1,20,20,Cash,Hyderabad
TXN103759,2025-01-10,CUST784,Personal Care,Vivel Soap,2,35,70,Card,Bangalore
TXN103760,2025-02-18,CUST821,Beverages,B Natural Juice,4,40,160,Cash,Hyderabad
TXN103761,2025-05-24,CUST461,Personal Care,Savlon Handwash,3,95,285,UPI,Hyderabad
TXN103762,2025-02-20,CUST189,FMCG,Aashirvaad Atta,3,65,195,Card,Kolkata
TXN103763,2025-05-02,CUST285,Personal Care,Vivel Soap,4,35,140,Card,Chennai
TXN103764,2025-03-04,CUST581,Snacks,Bingo Mad Angles,4,25,100,Card,Mumbai
TXN103765,2025-01-04,CUST724,Personal Care,Vivel Soap,3,35,105,Cash,Mumbai
TXN103766,2025-06-13,CUST480,Personal Care,Savlon Sanitizer,1,70,70,Card,Mumbai
TXN103767,2025-05-11,CUST522,Personal Care,Savlon Handwash,1,95,95,Cash,Delhi
TXN103768,2025-02-18,CUST779,Personal Care,Savlon Sanitizer,5,70,350,Cash,Bangalore
TXN103769,2025-04-23,CUST760,Snacks,Bingo Chips,4,20,80,UPI,Hyderabad
TXN103770,2025-06-21,CUST632,FMCG,Aashirvaad Atta,3,65,195,Cash,Kolkata
TXN103771,2025-01-28,CUST542,Personal Care,Savlon Handwash,1,95,95,UPI,Mumbai
TXN103772,2025-06-20,CUST661,FMCG,Aashirvaad Atta,2,65,130,Card,Mumbai
TXN103773,2025-01-02,CUST386,Snacks,Bingo Chips,4,20,80,Card,Delhi
TXN103774,2025-01-26,CUST203,Beverages,B Natural Juice,1,40,40,UPI,Bangalore
TXN103775,2025-01-21,CUST462,Snacks,Bingo Mad Angles,2,25,50,Cash,Delhi
TXN103776,2025-01-25,CUST407,Personal Care,Savlon Sanitizer,5,70,350,Card,Delhi
TXN103777,2025-04-13,CUST850,Personal Care,Savlon Handwash,2,95,190,Card,Delhi
TXN103778,2025-05-27,CUST126,Beverages,B Natural Juice,1,40,40,Cash,Kolkata
TXN103779,2025-02-06,CUST245,Beverages,B Natural Juice,5,40,200,UPI,Chennai
TXN103780,2025-02-06,CUST934,Personal Care,Savlon Sanitizer,3,70,210,UPI,Kolkata
TXN103781,2025-01-22,CUST333,Beverages,Sunbean Coffee,5,180,900,Cash,Delhi
TXN103782,2025-03-28,CUST949,Personal Care,Savlon Sanitizer,1,70,70,UPI,Mumbai
TXN103783,2025-06-16,CUST185,Beverages,Sunbean Coffee,4,180,720,UPI,Kolkata
TXN103784,2025-01-27,CUST104,Beverages,B Natural Juice,2,40,80,UPI,Bangalore
TXN103785,2025-06-13,CUST541,Personal Care,Savlon Handwash,4,95,380,Cash,Delhi
TXN103786,2025-05-23,CUST305,FMCG,Aashirvaad Atta,1,65,65,UPI,Chennai
TXN103787,2025-04-19,CUST172,Beverages,B Natural Juice,2,40,80,Cash,Mumbai
TXN103788,2025-04-26,CUST186,Personal Care,Savlon Handwash,3,95,285,UPI,Bangalore
TXN103789,2025-04-30,CUST611,Snacks,Bingo Mad Angles,4,25,100,UPI,Bangalore
TXN103790,2025-06-08,CUST291,FMCG,Aashirvaad Atta,2,65,130,Card,Delhi
TXN103791,2025-05-17,CUST869,Snacks,Bingo Mad Angles,3,25,75,Card,Hyderabad
TXN103792,2025-05-19,CUST103,Beverages,B Natural Juice,3,40,120,Card,Chennai
TXN103793,2025-05-15,CUST281,Snacks,Bingo Mad Angles,1,25,25,Card,Mumbai
TXN103794,2025-04-13,CUST826,Beverages,Sunbean Coffee,1,180,180,UPI,Delhi
TXN103795,2025-05-04,CUST765,Personal Care,Savlon Handwash,2,95,190,Cash,Chennai
TXN103796,2025-06-23,CUST719,Personal Care,Savlon Handwash,2,95,190,Cash,Chennai
TXN103797,2025-01-20,CUST592,Personal Care,Savlon Handwash,5,95,475,Cash,Mumbai
TXN103798,2025-03-25,CUST661,Beverages,B Natural Juice,2,40,80,UPI,Chennai
TXN103799,2025-05-16,CUST372,FMCG,Aashirvaad Atta,3,65,195,Card,Delhi
TXN103800,2025-04-13,CUST252,Personal Care,Savlon Handwash,2,95,190,Card,Delhi
TXN103801,2025-03-21,CUST921,Snacks,Bingo Mad Angles,1,25,25,Card,Kolkata
TXN103802,2025-04-24,CUST631,Beverages,B Natural Juice,3,40,120,UPI,Delhi
TXN103803,2025-05-21,CUST285,Beverages,Sunbean Coffee,2,180,360,UPI,Mumbai
TXN103804,2025-05-24,CUST845,Personal Care,Savlon Handwash,5,95,475,Card,Kolkata
TXN103805,2025-06-10,CUST143,Snacks,Bingo Mad Angles,2,25,50,Card,Hyderabad
TXN103806,2025-05-27,CUST828,Personal Care,Savlon Handwash,5,95,475,UPI,Bangalore
TXN103807,2025-06-06,CUST402,Snacks,Bingo Mad Angles,3,25,75,Card,Mumbai
TXN103808,2025-03-16,CUST660,Beverages,B Natural Juice,1,40,40,Card,Kolkata
TXN103809,2025-04-01,CUST580,Snacks,Bingo Chips,3,20,60,UPI,Chennai
TXN103810,2025-01-06,CUST919,Personal Care,Savlon Handwash,1,95,95,UPI,Mumbai
TXN103811,2025-04-11,CUST688,Beverages,B Natural Juice,5,40,200,Card,Hyderabad
TXN103812,2025-01-11,CUST448,Snacks,Bingo Mad Angles,3,25,75,UPI,Mumbai
TXN103813,2025-04-11,CUST481,Snacks,Bingo Chips,5,20,100,UPI,Kolkata
TXN103814,2025-04-14,CUST264,FMCG,Aashirvaad Atta,2,65,130,Card,Delhi
TXN103815,2025-03-24,CUST227,FMCG,Aashirvaad Atta,5,65,325,UPI,Bangalore
TXN103816,2025-04-30,CUST873,Personal Care,Savlon Sanitizer,4,70,280,Cash,Kolkata
TXN103817,2025-04-15,CUST315,Snacks,Bingo Chips,2,20,40,UPI,Chennai
TXN103818,2025-01-20,CUST279,Beverages,B Natural Juice,4,40,160,UPI,Bangalore
TXN103819,2025-03-21,CUST473,Personal Care,Savlon Handwash,4,95,380,UPI,Bangalore
TXN103820,2025-04-23,CUST631,Beverages,B Natural Juice,4,40,160,Card,Kolkata
TXN103821,2025-06-15,CUST551,Snacks,Bingo Mad Angles,4,25,100,Cash,Bangalore
TXN103822,2025-01-06,CUST293,Beverages,Sunbean Coffee,2,180,360,Card,Hyderabad
TXN103823,2025-01-19,CUST818,Beverages,B Natural Juice,1,40,40,UPI,Chennai
TXN103824,2025-01-31,CUST404,Personal Care,Savlon Sanitizer,2,70,140,Cash,Mumbai
TXN103825,2025-06-10,CUST655,Snacks,Bingo Chips,4,20,80,Card,Delhi
TXN103826,2025-06-10,CUST802,Personal Care,Savlon Sanitizer,2,70,140,Card,Delhi
TXN103827,2025-01-10,CUST588,Personal Care,Savlon Handwash,4,95,380,Card,Chennai
TXN103828,2025-03-16,CUST331,Snacks,Bingo Mad Angles,5,25,125,UPI,Delhi
TXN103829,2025-06-19,CUST642,Personal Care,Savlon Sanitizer,5,70,350,UPI,Chennai
TXN103830,2025-04-05,CUST832,Personal Care,Savlon Handwash,4,95,380,UPI,Kolkata
TXN103831,2025-04-19,CUST822,Personal Care,Savlon Sanitizer,4,70,280,UPI,Mumbai
TXN103832,2025-01-12,CUST713,Beverages,Sunbean Coffee,3,180,540,UPI,Mumbai
TXN103833,2025-02-26,CUST770,Personal Care,Vivel Soap,3,35,105,Card,Chennai
TXN103834,2025-06-26,CUST317,Personal Care,Vivel Soap,1,35,35,Card,Mumbai
TXN103835,2025-01-10,CUST789,Personal Care,Savlon Sanitizer,5,70,350,Card,Hyderabad
TXN103836,2025-05-23,CUST254,Personal Care,Savlon Handwash,2,95,190,Cash,Kolkata
TXN103837,2025-04-01,CUST351,Beverages,B Natural Juice,2,40,80,Cash,Chennai
TXN103838,2025-06-08,CUST308,FMCG,Aashirvaad Atta,5,65,325,UPI,Bangalore
TXN103839,2025-04-22,CUST216,Beverages,B Natural Juice,2,40,80,Card,Delhi
TXN103840,2025-03-07,CUST489,Beverages,Sunbean Coffee,3,180,540,Card,Kolkata
TXN103841,2025-06-04,CUST223,Beverages,B Natural Juice,4,40,160,Card,Mumbai
TXN103842,2025-06-17,CUST930,Snacks,Bingo Chips,2,20,40,UPI,Mumbai
TXN103843,2025-06-04,CUST593,Personal Care,Savlon Sanitizer,4,70,280,Card,Mumbai
TXN103844,2025-06-05,CUST540,Snacks,Bingo Chips,2,20,40,UPI,Chennai
TXN103845,2025-03-10,CUST414,Beverages,Sunbean Coffee,2,180,360,Card,Bangalore
TXN103846,2025-01-27,CUST877,Beverages,B Natural Juice,2,40,80,Card,Delhi
TXN103847,2025-02-24,CUST336,Personal Care,Savlon Sanitizer,3,70,210,Cash,Bangalore
TXN103848,2025-02-12,CUST825,Snacks,Bingo Chips,5,20,100,Card,Chennai
TXN103849,2025-06-28,CUST840,Personal Care,Savlon Handwash,4,95,380,UPI,Kolkata
TXN103850,2025-04-29,CUST904,FMCG,Aashirvaad Atta,4,65,260,Card,Kolkata
TXN103851,2025-02-27,CUST531,Snacks,Bingo Chips,2,20,40,UPI,Kolkata
TXN103852,2025-02-08,CUST288,Personal Care,Vivel Soap,1,35,35,Cash,Mumbai
TXN103853,2025-01-06,CUST751,Beverages,Sunbean Coffee,3,180,540,Cash,Mumbai
TXN103854,2025-05-13,CUST391,Personal Care,Savlon Handwash,1,95,95,Cash,Mumbai
TXN103855,2025-01-31,CUST733,Beverages,B Natural Juice,3,40,120,Card,Bangalore
TXN103856,2025-05-30,CUST991,Personal Care,Savlon Sanitizer,4,70,280,Cash,Mumbai
TXN103857,2025-01-23,CUST513,Snacks,Bingo Mad Angles,5,25,125,UPI,Kolkata
TXN103858,2025-01-22,CUST326,Beverages,Sunbean Coffee,1,180,180,UPI,Hyderabad
TXN103859,2025-06-04,CUST339,Snacks,Bingo Chips,5,20,100,UPI,Chennai
TXN103860,2025-02-08,CUST446,FMCG,Aashirvaad Atta,3,65,195,Cash,Mumbai
TXN103861,2025-03-03,CUST856,Personal Care,Vivel Soap,2,35,70,UPI,Hyderabad
TXN103862,2025-01-12,CUST668,Personal Care,Savlon Handwash,1,95,95,Card,Delhi
TXN103863,2025-04-16,CUST541,Snacks,Bingo Chips,4,20,80,Cash,Bangalore
TXN103864,2025-03-03,CUST671,Personal Care,Vivel Soap,3,35,105,UPI,Chennai
TXN103865,2025-03-11,CUST801,Snacks,Bingo Chips,3,20,60,UPI,Mumbai
TXN103866,2025-03-11,CUST934,Beverages,B Natural Juice,5,40,200,Card,Mumbai
TXN103867,2025-03-04,CUST927,Personal Care,Savlon Sanitizer,4,70,280,UPI,Hyderabad
TXN103868,2025-03-01,CUST955,Personal Care,Vivel Soap,3,35,105,Cash,Hyderabad
TXN103869,2025-04-10,CUST729,Beverages,B Natural Juice,2,40,80,Card,Kolkata
TXN103870,2025-03-27,CUST205,Personal Care,Savlon Sanitizer,5,70,350,UPI,Chennai
TXN103871,2025-04-29,CUST581,Snacks,Bingo Mad Angles,4,25,100,Cash,Delhi
TXN103872,2025-03-08,CUST473,Personal Care,Savlon Handwash,1,95,95,UPI,Bangalore
TXN103873,2025-03-31,CUST292,Personal Care,Vivel Soap,3,35,105,Cash,Bangalore
TXN103874,2025-01-29,CUST828,Snacks,Bingo Mad Angles,3,25,75,Card,Delhi
TXN103875,2025-02-04,CUST629,Beverages,B Natural Juice,3,40,120,UPI,Chennai
TXN103876,2025-04-05,CUST684,Beverages,B Natural Juice,2,40,80,Cash,Mumbai
TXN103877,2025-04-13,CUST955,Personal Care,Vivel Soap,1,35,35,Cash,Delhi
TXN103878,2025-05-12,CUST208,FMCG,Aashirvaad Atta,5,65,325,Card,Bangalore
TXN103879,2025-05-09,CUST667,Beverages,B Natural Juice,5,40,200,UPI,Delhi
TXN103880,2025-04-25,CUST231,Snacks,Bingo Chips,5,20,100,Cash,Mumbai
TXN103881,2025-01-02,CUST303,Personal Care,Savlon Handwash,1,95,95,Cash,Delhi
TXN103882,2025-01-09,CUST538,Beverages,Sunbean Coffee,2,180,360,Cash,Delhi
TXN103883,2025-05-31,CUST473,Personal Care,Savlon Handwash,5,95,475,Card,Delhi
TXN103884,2025-01-13,CUST168,Snacks,Bingo Mad Angles,1,25,25,Card,Chennai
TXN103885,2025-03-26,CUST597,Personal Care,Vivel Soap,5,35,175,UPI,Delhi
TXN103886,2025-06-08,CUST703,Beverages,B Natural Juice,1,40,40,Cash,Chennai
TXN103887,2025-03-08,CUST425,FMCG,Aashirvaad Atta,5,65,325,Cash,Chennai
TXN103888,2025-03-28,CUST250,Personal Care,Vivel Soap,3,35,105,Cash,Chennai
TXN103889,2025-02-13,CUST615,Beverages,B Natural Juice,5,40,200,UPI,Kolkata
TXN103890,2025-05-05,CUST906,Snacks,Bingo Mad Angles,1,25,25,Card,Hyderabad
TXN103891,2025-03-16,CUST409,Beverages,Sunbean Coffee,1,180,180,Cash,Mumbai
TXN103892,2025-01-24,CUST352,Personal Care,Savlon Sanitizer,3,70,210,Cash,Mumbai
TXN103893,2025-05-12,CUST585,Snacks,Bingo Chips,2,20,40,Cash,Delhi
TXN103894,2025-06-01,CUST779,FMCG,Aashirvaad Atta,4,65,260,Cash,Mumbai
TXN103895,2025-02-10,CUST217,Personal Care,Savlon Sanitizer,3,70,210,Card,Hyderabad
TXN103896,2025-05-06,CUST620,Personal Care,Savlon Handwash,4,95,380,Card,Chennai
TXN103897,2025-03-13,CUST548,Snacks,Bingo Mad Angles,3,25,75,Cash,Hyderabad
TXN103898,2025-03-19,CUST648,Personal Care,Vivel Soap,5,35,175,Cash,Delhi
TXN103899,2025-04-13,CUST253,Beverages,Sunbean Coffee,4,180,720,Cash,Hyderabad
TXN103900,2025-02-16,CUST635,Snacks,Bingo Mad Angles,4,25,100,Card,Kolkata
TXN103901,2025-06-26,CUST217,Beverages,Sunbean Coffee,4,180,720,Cash,Chennai
TXN103902,2025-04-27,CUST809,Personal Care,Savlon Handwash,5,95,475,Card,Delhi
TXN103903,2025-02-24,CUST184,Beverages,Sunbean Coffee,4,180,720,Cash,Kolkata
TXN103904,2025-03-10,CUST190,Beverages,B Natural Juice,1,40,40,Cash,Delhi
TXN103905,2025-01-19,CUST861,Personal Care,Savlon Sanitizer,5,70,350,Cash,Mumbai
TXN103906,2025-04-08,CUST430,Personal Care,Savlon Handwash,4,95,380,Card,Bangalore
TXN103907,2025-06-23,CUST809,FMCG,Aashirvaad Atta,1,65,65,UPI,Kolkata
TXN103908,2025-05-19,CUST637,Personal Care,Savlon Sanitizer,1,70,70,Cash,Mumbai
TXN103909,2025-01-11,CUST980,Personal Care,Savlon Handwash,4,95,380,Card,Bangalore
TXN103910,2025-06-06,CUST211,Beverages,B Natural Juice,4,40,160,UPI,Delhi
TXN103911,2025-04-04,CUST296,Personal Care,Vivel Soap,5,35,175,UPI,Kolkata
TXN103912,2025-06-21,CUST310,Beverages,Sunbean Coffee,5,180,900,UPI,Delhi
TXN103913,2025-04-07,CUST394,Snacks,Bingo Chips,1,20,20,UPI,Mumbai
TXN103914,2025-01-08,CUST606,Snacks,Bingo Chips,3,20,60,UPI,Delhi
TXN103915,2025-03-21,CUST693,Snacks,Bingo Chips,5,20,100,UPI,Delhi
TXN103916,2025-02-19,CUST255,Personal Care,Savlon Handwash,3,95,285,Cash,Hyderabad
TXN103917,2025-06-04,CUST124,Beverages,B Natural Juice,4,40,160,UPI,Delhi
TXN103918,2025-01-31,CUST614,Personal Care,Vivel Soap,5,35,175,Card,Chennai
TXN103919,2025-04-24,CUST831,Beverages,B Natural Juice,4,40,160,UPI,Mumbai
TXN103920,2025-02-01,CUST616,Beverages,B Natural Juice,5,40,200,UPI,Mumbai
TXN103921,2025-05-19,CUST975,Personal Care,Vivel Soap,4,35,140,Card,Chennai
TXN103922,2025-05-25,CUST942,Snacks,Bingo Chips,1,20,20,Card,Chennai
TXN103923,2025-02-26,CUST971,Beverages,B Natural Juice,5,40,200,UPI,Mumbai
TXN103924,2025-06-27,CUST921,Beverages,B Natural Juice,1,40,40,Card,Chennai
TXN103925,2025-02-02,CUST281,Snacks,Bingo Chips,3,20,60,Card,Bangalore
TXN103926,2025-06-12,CUST329,Personal Care,Savlon Sanitizer,2,70,140,Cash,Hyderabad
TXN103927,2025-06-17,CUST836,Personal Care,Vivel Soap,4,35,140,Card,Delhi
TXN103928,2025-06-06,CUST990,Snacks,Bingo Chips,2,20,40,Card,Hyderabad
TXN103929,2025-06-07,CUST808,Snacks,Bingo Mad Angles,4,25,100,UPI,Mumbai
TXN103930,2025-04-24,CUST180,Beverages,Sunbean Coffee,5,180,900,Card,Hyderabad
TXN103931,2025-06-01,CUST291,Personal Care,Vivel Soap,3,35,105,UPI,Hyderabad
TXN103932,2025-05-18,CUST942,Snacks,Bingo Chips,5,20,100,Cash,Delhi
TXN103933,2025-01-19,CUST565,Snacks,Bingo Mad Angles,5,25,125,Cash,Hyderabad
TXN103934,2025-03-27,CUST195,Beverages,B Natural Juice,5,40,200,Card,Chennai
TXN103935,2025-05-27,CUST270,Snacks,Bingo Mad Angles,2,25,50,Card,Mumbai
TXN103936,2025-01-18,CUST261,Snacks,Bingo Chips,3,20,60,Cash,Chennai
TXN103937,2025-04-14,CUST818,Snacks,Bingo Mad Angles,1,25,25,Card,Chennai
TXN103938,2025-04-07,CUST503,Personal Care,Savlon Sanitizer,5,70,350,UPI,Hyderabad
TXN103939,2025-06-01,CUST542,Beverages,B Natural Juice,3,40,120,Card,Chennai
TXN103940,2025-03-13,CUST926,Snacks,Bingo Chips,4,20,80,Card,Mumbai
TXN103941,2025-06-04,CUST883,Snacks,Bingo Mad Angles,1,25,25,Cash,Chennai
TXN103942,2025-03-08,CUST859,Beverages,Sunbean Coffee,3,180,540,UPI,Hyderabad
TXN103943,2025-05-08,CUST181,Snacks,Bingo Mad Angles,2,25,50,UPI,Bangalore
TXN103944,2025-03-15,CUST640,Beverages,Sunbean Coffee,4,180,720,UPI,Chennai
TXN103945,2025-05-08,CUST154,Personal Care,Savlon Sanitizer,2,70,140,Cash,Delhi
TXN103946,2025-06-08,CUST640,Personal Care,Vivel Soap,2,35,70,UPI,Mumbai
TXN103947,2025-06-16,CUST275,Personal Care,Savlon Sanitizer,1,70,70,Cash,Mumbai
TXN103948,2025-04-20,CUST400,Personal Care,Vivel Soap,4,35,140,Cash,Delhi
TXN103949,2025-02-12,CUST946,Beverages,B Natural Juice,2,40,80,Card,Delhi
TXN103950,2025-04-28,CUST269,Beverages,Sunbean Coffee,1,180,180,Cash,Delhi
TXN103951,2025-02-03,CUST716,Personal Care,Savlon Sanitizer,3,70,210,Cash,Chennai
TXN103952,2025-01-16,CUST244,FMCG,Aashirvaad Atta,5,65,325,UPI,Delhi
TXN103953,2025-03-13,CUST767,Beverages,B Natural Juice,3,40,120,Cash,Hyderabad
TXN103954,2025-01-24,CUST677,Beverages,Sunbean Coffee,4,180,720,Cash,Mumbai
TXN103955,2025-04-14,CUST835,FMCG,Aashirvaad Atta,2,65,130,UPI,Delhi
TXN103956,2025-06-02,CUST826,Snacks,Bingo Chips,4,20,80,UPI,Delhi
TXN103957,2025-02-23,CUST617,Personal Care,Savlon Handwash,5,95,475,Card,Bangalore
TXN103958,2025-05-16,CUST820,Beverages,B Natural Juice,2,40,80,Cash,Mumbai
TXN103959,2025-06-08,CUST789,Personal Care,Savlon Sanitizer,3,70,210,Card,Kolkata
TXN103960,2025-06-24,CUST606,FMCG,Aashirvaad Atta,4,65,260,Cash,Hyderabad
TXN103961,2025-04-10,CUST732,FMCG,Aashirvaad Atta,1,65,65,UPI,Bangalore
TXN103962,2025-05-04,CUST447,Personal Care,Savlon Sanitizer,5,70,350,Card,Kolkata
TXN103963,2025-06-28,CUST891,Beverages,B Natural Juice,4,40,160,UPI,Bangalore
TXN103964,2025-02-11,CUST721,Beverages,Sunbean Coffee,3,180,540,Cash,Mumbai
TXN103965,2025-01-18,CUST987,Personal Care,Savlon Sanitizer,2,70,140,Card,Mumbai
TXN103966,2025-02-10,CUST957,Personal Care,Savlon Sanitizer,5,70,350,UPI,Hyderabad
TXN103967,2025-03-07,CUST320,Beverages,B Natural Juice,1,40,40,Cash,Kolkata
TXN103968,2025-05-31,CUST544,Beverages,B Natural Juice,4,40,160,UPI,Hyderabad
TXN103969,2025-05-04,CUST721,Beverages,B Natural Juice,3,40,120,UPI,Kolkata
TXN103970,2025-03-31,CUST351,FMCG,Aashirvaad Atta,4,65,260,Cash,Kolkata
TXN103971,2025-02-23,CUST664,Snacks,Bingo Chips,1,20,20,UPI,Mumbai
TXN103972,2025-01-15,CUST929,FMCG,Aashirvaad Atta,1,65,65,Cash,Kolkata
TXN103973,2025-01-18,CUST533,Beverages,Sunbean Coffee,2,180,360,Cash,Delhi
TXN103974,2025-02-08,CUST553,Beverages,B Natural Juice,1,40,40,Card,Delhi
TXN103975,2025-02-21,CUST412,Beverages,Sunbean Coffee,3,180,540,Card,Chennai
TXN103976,2025-05-17,CUST859,Beverages,Sunbean Coffee,4,180,720,Card,Kolkata
TXN103977,2025-03-25,CUST559,Beverages,B Natural Juice,5,40,200,UPI,Bangalore
TXN103978,2025-03-17,CUST743,Personal Care,Vivel Soap,2,35,70,Cash,Hyderabad
TXN103979,2025-03-07,CUST114,Beverages,Sunbean Coffee,5,180,900,Card,Chennai
TXN103980,2025-01-04,CUST617,Snacks,Bingo Chips,2,20,40,Cash,Kolkata
TXN103981,2025-03-31,CUST644,Personal Care,Savlon Sanitizer,5,70,350,Cash,Bangalore
TXN103982,2025-06-11,CUST731,FMCG,Aashirvaad Atta,4,65,260,Card,Kolkata
TXN103983,2025-06-03,CUST763,Beverages,B Natural Juice,1,40,40,Cash,Kolkata
TXN103984,2025-06-24,CUST482,Snacks,Bingo Mad Angles,4,25,100,Card,Mumbai
TXN103985,2025-05-06,CUST882,Personal Care,Savlon Sanitizer,1,70,70,Cash,Mumbai
TXN103986,2025-05-11,CUST495,Personal Care,Savlon Handwash,1,95,95,Card,Bangalore
TXN103987,2025-02-28,CUST246,Snacks,Bingo Mad Angles,5,25,125,UPI,Bangalore
TXN103988,2025-03-15,CUST367,Beverages,Sunbean Coffee,2,180,360,UPI,Mumbai
TXN103989,2025-02-10,CUST453,Snacks,Bingo Mad Angles,5,25,125,UPI,Mumbai
TXN103990,2025-01-08,CUST975,Snacks,Bingo Chips,2,20,40,UPI,Chennai
TXN103991,2025-05-16,CUST810,Snacks,Bingo Mad Angles,4,25,100,Card,Hyderabad
TXN103992,2025-03-03,CUST747,Beverages,Sunbean Coffee,5,180,900,Card,Kolkata
TXN103993,2025-05-25,CUST473,Snacks,Bingo Chips,1,20,20,Cash,Delhi
TXN103994,2025-01-15,CUST693,Personal Care,Vivel Soap,5,35,175,Card,Mumbai
TXN103995,2025-04-15,CUST447,Beverages,Sunbean Coffee,4,180,720,UPI,Chennai
TXN103996,2025-04-27,CUST303,Personal Care,Savlon Handwash,1,95,95,UPI,Bangalore
TXN103997,2025-04-24,CUST263,Personal Care,Vivel Soap,5,35,175,Card,Delhi
TXN103998,2025-05-07,CUST560,Snacks,Bingo Chips,4,20,80,Cash,Chennai
TXN103999,2025-03-16,CUST112,FMCG,Aashirvaad Atta,3,65,195,Cash,Delhi
TXN104000,2025-02-05,CUST808,Snacks,Bingo Chips,1,20,20,Card,Hyderabad
TXN104001,2025-02-23,CUST417,Beverages,B Natural Juice,4,40,160,Card,Delhi
TXN104002,2025-05-18,CUST127,Snacks,Bingo Mad Angles,5,25,125,Card,Mumbai
TXN104003,2025-04-13,CUST200,Snacks,Bingo Chips,1,20,20,Card,Chennai
TXN104004,2025-02-02,CUST669,Beverages,B Natural Juice,4,40,160,Card,Chennai
TXN104005,2025-04-19,CUST110,Personal Care,Savlon Handwash,3,95,285,Cash,Chennai
TXN104006,2025-03-20,CUST125,Snacks,Bingo Mad Angles,1,25,25,UPI,Bangalore
TXN104007,2025-02-16,CUST849,Personal Care,Vivel Soap,5,35,175,UPI,Bangalore
TXN104008,2025-06-05,CUST359,Personal Care,Savlon Handwash,3,95,285,Cash,Chennai
TXN104009,2025-01-20,CUST850,Personal Care,Savlon Sanitizer,1,70,70,Cash,Delhi
TXN104010,2025-02-15,CUST628,Personal Care,Vivel Soap,1,35,35,Card,Kolkata
TXN104011,2025-06-29,CUST820,FMCG,Aashirvaad Atta,5,65,325,UPI,Kolkata
TXN104012,2025-06-01,CUST895,Beverages,B Natural Juice,2,40,80,UPI,Mumbai
TXN104013,2025-01-16,CUST152,Snacks,Bingo Mad Angles,5,25,125,Cash,Mumbai
TXN104014,2025-02-20,CUST337,Snacks,Bingo Mad Angles,5,25,125,UPI,Chennai
TXN104015,2025-02-15,CUST607,Personal Care,Savlon Sanitizer,1,70,70,Cash,Chennai
TXN104016,2025-03-23,CUST100,Personal Care,Savlon Handwash,5,95,475,Cash,Bangalore
TXN104017,2025-05-08,CUST330,Personal Care,Vivel Soap,2,35,70,UPI,Mumbai
TXN104018,2025-02-21,CUST432,Beverages,B Natural Juice,5,40,200,Card,Delhi
TXN104019,2025-06-23,CUST393,FMCG,Aashirvaad Atta,2,65,130,Cash,Mumbai
TXN104020,2025-06-25,CUST133,Personal Care,Vivel Soap,3,35,105,UPI,Delhi
TXN104021,2025-06-29,CUST262,Personal Care,Savlon Sanitizer,1,70,70,Cash,Mumbai
TXN104022,2025-01-11,CUST158,Beverages,B Natural Juice,3,40,120,Card,Bangalore
TXN104023,2025-01-19,CUST206,Personal Care,Savlon Handwash,5,95,475,Card,Bangalore
TXN104024,2025-03-25,CUST158,Personal Care,Savlon Sanitizer,1,70,70,UPI,Mumbai
TXN104025,2025-05-22,CUST771,Personal Care,Savlon Sanitizer,2,70,140,Card,Mumbai
TXN104026,2025-04-20,CUST565,Snacks,Bingo Chips,4,20,80,UPI,Kolkata
TXN104027,2025-03-15,CUST606,Personal Care,Savlon Sanitizer,1,70,70,Cash,Bangalore
TXN104028,2025-05-27,CUST143,Beverages,B Natural Juice,2,40,80,Card,Chennai
TXN104029,2025-04-20,CUST653,Snacks,Bingo Mad Angles,5,25,125,UPI,Bangalore
TXN104030,2025-04-16,CUST675,Beverages,B Natural Juice,5,40,200,Cash,Kolkata
TXN104031,2025-02-11,CUST297,Snacks,Bingo Mad Angles,5,25,125,Cash,Bangalore
TXN104032,2025-06-29,CUST220,FMCG,Aashirvaad Atta,3,65,195,Card,Bangalore
TXN104033,2025-03-06,CUST337,Snacks,Bingo Chips,1,20,20,Cash,Chennai
TXN104034,2025-03-07,CUST650,FMCG,Aashirvaad Atta,2,65,130,Cash,Hyderabad
TXN104035,2025-02-28,CUST470,Personal Care,Savlon Sanitizer,2,70,140,UPI,Mumbai
TXN104036,2025-01-30,CUST229,Personal Care,Vivel Soap,3,35,105,Card,Hyderabad
TXN104037,2025-01-29,CUST882,FMCG,Aashirvaad Atta,1,65,65,Card,Chennai
TXN104038,2025-06-29,CUST590,Beverages,Sunbean Coffee,3,180,540,Cash,Hyderabad
TXN104039,2025-05-17,CUST888,Beverages,B Natural Juice,3,40,120,Cash,Kolkata
TXN104040,2025-04-07,CUST894,Snacks,Bingo Chips,2,20,40,UPI,Delhi
TXN104041,2025-05-16,CUST996,Personal Care,Vivel Soap,5,35,175,Card,Hyderabad
TXN104042,2025-04-28,CUST959,Personal Care,Vivel Soap,4,35,140,Card,Chennai
TXN104043,2025-06-25,CUST832,Snacks,Bingo Chips,2,20,40,Cash,Chennai
TXN104044,2025-01-31,CUST302,Beverages,B Natural Juice,5,40,200,Cash,Delhi
TXN104045,2025-02-06,CUST586,Beverages,B Natural Juice,4,40,160,Card,Bangalore
TXN104046,2025-03-23,CUST933,Beverages,B Natural Juice,1,40,40,UPI,Delhi
TXN104047,2025-05-28,CUST897,FMCG,Aashirvaad Atta,2,65,130,UPI,Delhi
TXN104048,2025-06-18,CUST567,Beverages,B Natural Juice,2,40,80,Card,Chennai
TXN104049,2025-01-21,CUST558,Snacks,Bingo Mad Angles,2,25,50,Card,Kolkata
TXN104050,2025-06-30,CUST365,Snacks,Bingo Mad Angles,2,25,50,UPI,Chennai
TXN104051,2025-06-05,CUST277,FMCG,Aashirvaad Atta,3,65,195,Card,Kolkata
TXN104052,2025-02-06,CUST699,Beverages,Sunbean Coffee,5,180,900,UPI,Hyderabad
TXN104053,2025-03-15,CUST772,Beverages,B Natural Juice,1,40,40,Cash,Bangalore
TXN104054,2025-01-15,CUST472,Personal Care,Vivel Soap,4,35,140,UPI,Delhi
TXN104055,2025-04-05,CUST995,Personal Care,Vivel Soap,3,35,105,Card,Mumbai
TXN104056,2025-03-09,CUST268,FMCG,Aashirvaad Atta,3,65,195,Cash,Kolkata
TXN104057,2025-06-08,CUST680,Beverages,Sunbean Coffee,2,180,360,Card,Kolkata
TXN104058,2025-01-23,CUST186,Personal Care,Vivel Soap,2,35,70,Card,Kolkata
TXN104059,2025-04-24,CUST305,Personal Care,Vivel Soap,3,35,105,Cash,Hyderabad
TXN104060,2025-04-15,CUST525,Personal Care,Savlon Handwash,4,95,380,UPI,Chennai
TXN104061,2025-01-07,CUST768,Beverages,B Natural Juice,5,40,200,Cash,Hyderabad
TXN104062,2025-06-20,CUST708,Beverages,B Natural Juice,2,40,80,Card,Delhi
TXN104063,2025-06-27,CUST479,Personal Care,Vivel Soap,2,35,70,Card,Hyderabad
TXN104064,2025-02-21,CUST277,Personal Care,Savlon Handwash,1,95,95,Cash,Chennai
TXN104065,2025-05-19,CUST340,Snacks,Bingo Mad Angles,4,25,100,Card,Delhi
TXN104066,2025-06-26,CUST857,Beverages,Sunbean Coffee,3,180,540,Cash,Bangalore
TXN104067,2025-04-10,CUST892,FMCG,Aashirvaad Atta,5,65,325,Cash,Bangalore
TXN104068,2025-04-23,CUST301,FMCG,Aashirvaad Atta,2,65,130,Cash,Chennai
TXN104069,2025-03-12,CUST566,FMCG,Aashirvaad Atta,5,65,325,UPI,Bangalore
TXN104070,2025-05-03,CUST365,Personal Care,Savlon Sanitizer,5,70,350,Cash,Delhi
TXN104071,2025-05-12,CUST179,Personal Care,Vivel Soap,2,35,70,Cash,Bangalore
TXN104072,2025-01-04,CUST372,Personal Care,Vivel Soap,1,35,35,UPI,Kolkata
TXN104073,2025-02-26,CUST895,Snacks,Bingo Mad Angles,1,25,25,Card,Delhi
TXN104074,2025-03-24,CUST578,Personal Care,Vivel Soap,5,35,175,UPI,Mumbai
TXN104075,2025-03-07,CUST142,Snacks,Bingo Mad Angles,1,25,25,Cash,Chennai
TXN104076,2025-05-12,CUST609,Snacks,Bingo Chips,2,20,40,Cash,Bangalore
TXN104077,2025-01-31,CUST185,FMCG,Aashirvaad Atta,2,65,130,Card,Delhi
TXN104078,2025-01-30,CUST198,FMCG,Aashirvaad Atta,3,65,195,UPI,Hyderabad
TXN104079,2025-02-12,CUST223,Personal Care,Vivel Soap,2,35,70,Card,Bangalore
TXN104080,2025-02-08,CUST225,Snacks,Bingo Mad Angles,3,25,75,Card,Bangalore
TXN104081,2025-06-11,CUST233,Beverages,B Natural Juice,3,40,120,UPI,Bangalore
TXN104082,2025-03-21,CUST743,Beverages,B Natural Juice,1,40,40,UPI,Mumbai
TXN104083,2025-05-29,CUST207,Snacks,Bingo Chips,4,20,80,Card,Kolkata
TXN104084,2025-01-27,CUST565,Personal Care,Savlon Handwash,5,95,475,UPI,Chennai
TXN104085,2025-05-27,CUST890,Snacks,Bingo Mad Angles,5,25,125,UPI,Kolkata
TXN104086,2025-03-03,CUST142,Personal Care,Savlon Sanitizer,2,70,140,Card,Mumbai
TXN104087,2025-06-20,CUST399,Beverages,B Natural Juice,4,40,160,Cash,Delhi
TXN104088,2025-06-18,CUST610,Beverages,B Natural Juice,5,40,200,Card,Kolkata
TXN104089,2025-05-02,CUST128,FMCG,Aashirvaad Atta,1,65,65,Cash,Hyderabad
TXN104090,2025-01-14,CUST171,Snacks,Bingo Chips,2,20,40,Card,Mumbai
TXN104091,2025-05-08,CUST219,FMCG,Aashirvaad Atta,4,65,260,Card,Delhi
TXN104092,2025-02-19,CUST726,Beverages,Sunbean Coffee,5,180,900,Cash,Hyderabad
TXN104093,2025-04-05,CUST854,Personal Care,Savlon Sanitizer,2,70,140,Cash,Delhi
TXN104094,2025-01-28,CUST948,Snacks,Bingo Mad Angles,4,25,100,Cash,Kolkata
TXN104095,2025-05-15,CUST386,Beverages,B Natural Juice,4,40,160,Cash,Bangalore
TXN104096,2025-01-25,CUST884,Beverages,B Natural Juice,3,40,120,Card,Kolkata
TXN104097,2025-03-11,CUST775,FMCG,Aashirvaad Atta,5,65,325,Cash,Delhi
TXN104098,2025-01-18,CUST964,Snacks,Bingo Chips,3,20,60,Card,Hyderabad
TXN104099,2025-02-06,CUST146,Personal Care,Savlon Sanitizer,5,70,350,Cash,Chennai
TXN104100,2025-04-29,CUST702,Snacks,Bingo Mad Angles,5,25,125,Card,Delhi
TXN104101,2025-01-12,CUST672,Beverages,B Natural Juice,3,40,120,UPI,Bangalore
TXN104102,2025-03-22,CUST573,Personal Care,Vivel Soap,3,35,105,Cash,Delhi
TXN104103,2025-01-03,CUST390,Beverages,B Natural Juice,5,40,200,Card,Chennai
TXN104104,2025-06-21,CUST475,Beverages,Sunbean Coffee,3,180,540,Cash,Chennai
TXN104105,2025-06-08,CUST210,Beverages,B Natural Juice,5,40,200,Cash,Kolkata
TXN104106,2025-04-22,CUST963,Snacks,Bingo Mad Angles,2,25,50,Cash,Chennai
TXN104107,2025-04-14,CUST977,Personal Care,Savlon Sanitizer,1,70,70,Card,Hyderabad
TXN104108,2025-01-15,CUST654,FMCG,Aashirvaad Atta,5,65,325,Cash,Bangalore
TXN104109,2025-04-18,CUST199,FMCG,Aashirvaad Atta,3,65,195,UPI,Mumbai
TXN104110,2025-04-25,CUST636,Personal Care,Vivel Soap,3,35,105,Card,Mumbai
TXN104111,2025-03-28,CUST631,Snacks,Bingo Mad Angles,2,25,50,UPI,Mumbai
TXN104112,2025-02-06,CUST235,Personal Care,Savlon Handwash,4,95,380,Cash,Hyderabad
TXN104113,2025-06-28,CUST631,Snacks,Bingo Mad Angles,3,25,75,UPI,Hyderabad
TXN104114,2025-05-17,CUST335,Personal Care,Savlon Handwash,1,95,95,UPI,Chennai
TXN104115,2025-01-31,CUST117,Snacks,Bingo Mad Angles,2,25,50,Cash,Mumbai
TXN104116,2025-06-22,CUST804,Beverages,B Natural Juice,5,40,200,UPI,Bangalore
TXN104117,2025-03-06,CUST672,Beverages,B Natural Juice,5,40,200,UPI,Kolkata
TXN104118,2025-05-23,CUST851,Beverages,B Natural Juice,5,40,200,Card,Chennai
TXN104119,2025-05-16,CUST786,FMCG,Aashirvaad Atta,2,65,130,Cash,Hyderabad
TXN104120,2025-03-05,CUST294,Beverages,B Natural Juice,2,40,80,Card,Delhi
TXN104121,2025-04-02,CUST557,Personal Care,Savlon Sanitizer,5,70,350,Card,Delhi
TXN104122,2025-03-14,CUST973,Personal Care,Savlon Sanitizer,3,70,210,Card,Hyderabad
TXN104123,2025-03-13,CUST544,Snacks,Bingo Chips,2,20,40,UPI,Kolkata
TXN104124,2025-05-27,CUST742,Snacks,Bingo Chips,2,20,40,Cash,Hyderabad
TXN104125,2025-04-09,CUST324,Snacks,Bingo Mad Angles,3,25,75,UPI,Bangalore
TXN104126,2025-01-24,CUST329,Personal Care,Vivel Soap,4,35,140,Card,Mumbai
TXN104127,2025-03-23,CUST579,Snacks,Bingo Mad Angles,2,25,50,UPI,Mumbai
TXN104128,2025-02-25,CUST169,Personal Care,Savlon Sanitizer,1,70,70,UPI,Delhi
TXN104129,2025-06-17,CUST329,Personal Care,Savlon Handwash,5,95,475,Card,Mumbai
TXN104130,2025-03-02,CUST372,Beverages,B Natural Juice,4,40,160,UPI,Mumbai
TXN104131,2025-01-30,CUST676,Beverages,Sunbean Coffee,3,180,540,Card,Kolkata
TXN104132,2025-05-17,CUST990,Snacks,Bingo Chips,3,20,60,UPI,Mumbai
TXN104133,2025-03-13,CUST779,Beverages,Sunbean Coffee,1,180,180,UPI,Chennai
TXN104134,2025-05-05,CUST338,Beverages,B Natural Juice,3,40,120,Cash,Kolkata
TXN104135,2025-04-01,CUST852,Personal Care,Vivel Soap,4,35,140,Card,Kolkata
TXN104136,2025-01-03,CUST880,Personal Care,Vivel Soap,5,35,175,Cash,Mumbai
TXN104137,2025-02-15,CUST909,Beverages,Sunbean Coffee,5,180,900,Cash,Mumbai
TXN104138,2025-01-11,CUST383,Beverages,B Natural Juice,2,40,80,UPI,Kolkata
TXN104139,2025-01-25,CUST892,Beverages,Sunbean Coffee,4,180,720,Cash,Delhi
TXN104140,2025-06-30,CUST194,Personal Care,Savlon Handwash,1,95,95,UPI,Mumbai
TXN104141,2025-04-29,CUST951,Personal Care,Savlon Sanitizer,1,70,70,UPI,Delhi
TXN104142,2025-06-20,CUST134,Snacks,Bingo Mad Angles,5,25,125,UPI,Chennai
TXN104143,2025-05-04,CUST343,Personal Care,Vivel Soap,3,35,105,Card,Hyderabad
TXN104144,2025-06-12,CUST468,Personal Care,Savlon Handwash,4,95,380,Cash,Mumbai
TXN104145,2025-02-05,CUST811,Personal Care,Savlon Handwash,1,95,95,Card,Delhi
TXN104146,2025-04-23,CUST252,FMCG,Aashirvaad Atta,1,65,65,UPI,Kolkata
TXN104147,2025-03-30,CUST304,Personal Care,Savlon Handwash,3,95,285,Card,Hyderabad
TXN104148,2025-04-24,CUST609,Personal Care,Savlon Handwash,2,95,190,UPI,Chennai
TXN104149,2025-01-23,CUST234,FMCG,Aashirvaad Atta,4,65,260,Card,Chennai
TXN104150,2025-02-26,CUST860,Snacks,Bingo Mad Angles,2,25,50,Card,Chennai
TXN104151,2025-03-13,CUST853,Snacks,Bingo Chips,1,20,20,UPI,Hyderabad
TXN104152,2025-02-10,CUST963,Snacks,Bingo Mad Angles,5,25,125,UPI,Chennai
TXN104153,2025-01-30,CUST150,Personal Care,Savlon Sanitizer,5,70,350,UPI,Chennai
TXN104154,2025-04-10,CUST104,Personal Care,Savlon Handwash,2,95,190,Cash,Kolkata
TXN104155,2025-06-02,CUST663,FMCG,Aashirvaad Atta,3,65,195,Card,Mumbai
TXN104156,2025-06-13,CUST149,Personal Care,Savlon Handwash,2,95,190,Cash,Hyderabad
TXN104157,2025-01-21,CUST922,FMCG,Aashirvaad Atta,2,65,130,UPI,Kolkata
TXN104158,2025-01-08,CUST851,Personal Care,Vivel Soap,4,35,140,Card,Kolkata
TXN104159,2025-01-17,CUST937,Snacks,Bingo Chips,1,20,20,UPI,Hyderabad
TXN104160,2025-01-17,CUST939,Personal Care,Savlon Sanitizer,1,70,70,UPI,Delhi
TXN104161,2025-02-21,CUST848,Personal Care,Vivel Soap,4,35,140,Card,Bangalore
TXN104162,2025-03-06,CUST610,Personal Care,Vivel Soap,3,35,105,UPI,Delhi
TXN104163,2025-01-17,CUST797,Snacks,Bingo Mad Angles,4,25,100,UPI,Delhi
TXN104164,2025-04-08,CUST530,Snacks,Bingo Chips,4,20,80,UPI,Chennai
TXN104165,2025-06-14,CUST459,Snacks,Bingo Mad Angles,5,25,125,UPI,Mumbai
TXN104166,2025-05-14,CUST984,FMCG,Aashirvaad Atta,4,65,260,Cash,Mumbai
TXN104167,2025-01-14,CUST467,Beverages,Sunbean Coffee,5,180,900,Card,Delhi
TXN104168,2025-04-28,CUST715,FMCG,Aashirvaad Atta,3,65,195,UPI,Hyderabad
TXN104169,2025-03-31,CUST481,Snacks,Bingo Chips,3,20,60,Cash,Mumbai
TXN104170,2025-05-31,CUST425,Snacks,Bingo Chips,3,20,60,Card,Mumbai
TXN104171,2025-01-09,CUST443,Personal Care,Savlon Sanitizer,5,70,350,Card,Kolkata
TXN104172,2025-04-03,CUST411,Personal Care,Vivel Soap,2,35,70,Card,Delhi
TXN104173,2025-06-19,CUST409,Personal Care,Savlon Sanitizer,5,70,350,UPI,Hyderabad
TXN104174,2025-05-24,CUST472,Personal Care,Vivel Soap,2,35,70,UPI,Delhi
TXN104175,2025-04-24,CUST591,Personal Care,Savlon Handwash,4,95,380,Card,Mumbai
TXN104176,2025-04-22,CUST659,Snacks,Bingo Mad Angles,1,25,25,UPI,Delhi
TXN104177,2025-06-30,CUST917,Snacks,Bingo Chips,1,20,20,Card,Delhi
TXN104178,2025-06-02,CUST745,Beverages,Sunbean Coffee,1,180,180,UPI,Bangalore
TXN104179,2025-02-06,CUST338,Personal Care,Savlon Sanitizer,1,70,70,UPI,Kolkata
TXN104180,2025-06-06,CUST949,Beverages,B Natural Juice,2,40,80,UPI,Delhi
TXN104181,2025-05-31,CUST913,Personal Care,Savlon Sanitizer,3,70,210,Cash,Hyderabad
TXN104182,2025-05-14,CUST677,Personal Care,Savlon Handwash,3,95,285,Card,Bangalore
TXN104183,2025-04-30,CUST465,Snacks,Bingo Chips,2,20,40,Card,Chennai
TXN104184,2025-04-12,CUST882,Snacks,Bingo Chips,3,20,60,Card,Chennai
TXN104185,2025-04-02,CUST623,Personal Care,Savlon Handwash,5,95,475,UPI,Delhi
TXN104186,2025-06-14,CUST287,Snacks,Bingo Chips,3,20,60,UPI,Hyderabad
TXN104187,2025-05-02,CUST991,Personal Care,Savlon Sanitizer,5,70,350,Card,Bangalore
TXN104188,2025-02-28,CUST891,Personal Care,Savlon Handwash,2,95,190,UPI,Kolkata
TXN104189,2025-02-25,CUST941,Snacks,Bingo Mad Angles,1,25,25,UPI,Delhi
TXN104190,2025-02-11,CUST326,Snacks,Bingo Mad Angles,2,25,50,UPI,Bangalore
TXN104191,2025-03-21,CUST139,FMCG,Aashirvaad Atta,3,65,195,Cash,Chennai
TXN104192,2025-04-29,CUST349,Personal Care,Vivel Soap,5,35,175,Card,Bangalore
TXN104193,2025-02-11,CUST576,Snacks,Bingo Mad Angles,3,25,75,Cash,Bangalore
TXN104194,2025-06-15,CUST707,Beverages,Sunbean Coffee,4,180,720,UPI,Hyderabad
TXN104195,2025-01-16,CUST420,Snacks,Bingo Chips,4,20,80,UPI,Kolkata
TXN104196,2025-03-25,CUST732,Beverages,B Natural Juice,5,40,200,UPI,Delhi
TXN104197,2025-01-04,CUST328,Personal Care,Vivel Soap,4,35,140,Card,Delhi
TXN104198,2025-05-10,CUST875,Snacks,Bingo Mad Angles,3,25,75,Card,Delhi
TXN104199,2025-03-30,CUST503,Personal Care,Savlon Handwash,3,95,285,Card,Delhi
TXN104200,2025-03-29,CUST934,Snacks,Bingo Mad Angles,1,25,25,Cash,Chennai
TXN104201,2025-03-23,CUST979,Snacks,Bingo Mad Angles,4,25,100,Cash,Bangalore
TXN104202,2025-01-29,CUST708,Snacks,Bingo Chips,5,20,100,Cash,Mumbai
TXN104203,2025-03-28,CUST227,Personal Care,Savlon Sanitizer,4,70,280,UPI,Kolkata
TXN104204,2025-02-28,CUST384,FMCG,Aashirvaad Atta,5,65,325,Cash,Kolkata
TXN104205,2025-03-30,CUST541,FMCG,Aashirvaad Atta,1,65,65,Card,Delhi
TXN104206,2025-03-19,CUST827,Personal Care,Savlon Handwash,4,95,380,Cash,Chennai
TXN104207,2025-05-31,CUST284,Snacks,Bingo Mad Angles,5,25,125,UPI,Delhi
TXN104208,2025-06-28,CUST513,Beverages,Sunbean Coffee,4,180,720,Cash,Hyderabad
TXN104209,2025-06-26,CUST496,FMCG,Aashirvaad Atta,4,65,260,Cash,Kolkata
TXN104210,2025-04-01,CUST877,Personal Care,Savlon Sanitizer,2,70,140,Cash,Mumbai
TXN104211,2025-04-06,CUST485,Personal Care,Savlon Sanitizer,4,70,280,Cash,Bangalore
TXN104212,2025-02-20,CUST619,Beverages,B Natural Juice,4,40,160,Card,Delhi
TXN104213,2025-06-12,CUST372,Personal Care,Savlon Handwash,5,95,475,UPI,Delhi
TXN104214,2025-04-03,CUST482,Personal Care,Vivel Soap,5,35,175,Card,Delhi
TXN104215,2025-03-20,CUST602,Snacks,Bingo Chips,4,20,80,Cash,Kolkata
TXN104216,2025-03-27,CUST277,Beverages,Sunbean Coffee,4,180,720,Cash,Delhi
TXN104217,2025-02-09,CUST544,Snacks,Bingo Chips,4,20,80,Cash,Mumbai
TXN104218,2025-04-16,CUST344,FMCG,Aashirvaad Atta,1,65,65,Cash,Mumbai
TXN104219,2025-02-10,CUST755,Beverages,B Natural Juice,2,40,80,UPI,Bangalore
TXN104220,2025-03-09,CUST690,Personal Care,Vivel Soap,1,35,35,UPI,Chennai
TXN104221,2025-01-18,CUST489,Personal Care,Savlon Sanitizer,2,70,140,Cash,Hyderabad
TXN104222,2025-03-08,CUST809,Beverages,Sunbean Coffee,1,180,180,Cash,Hyderabad
TXN104223,2025-02-09,CUST349,Personal Care,Vivel Soap,2,35,70,Card,Chennai
TXN104224,2025-05-07,CUST194,Personal Care,Vivel Soap,5,35,175,Cash,Kolkata
TXN104225,2025-02-15,CUST881,Snacks,Bingo Chips,5,20,100,Cash,Chennai
TXN104226,2025-06-30,CUST355,FMCG,Aashirvaad Atta,5,65,325,Cash,Chennai
TXN104227,2025-02-17,CUST449,Beverages,B Natural Juice,1,40,40,Cash,Delhi
TXN104228,2025-05-28,CUST913,Personal Care,Savlon Handwash,1,95,95,UPI,Kolkata
TXN104229,2025-03-25,CUST331,Snacks,Bingo Mad Angles,1,25,25,Cash,Chennai
TXN104230,2025-02-11,CUST167,Beverages,Sunbean Coffee,4,180,720,Cash,Chennai
TXN104231,2025-05-28,CUST705,Personal Care,Savlon Sanitizer,1,70,70,UPI,Chennai
TXN104232,2025-02-17,CUST631,Snacks,Bingo Chips,1,20,20,Cash,Mumbai
TXN104233,2025-03-27,CUST287,Personal Care,Vivel Soap,5,35,175,Cash,Mumbai
TXN104234,2025-01-23,CUST419,Personal Care,Vivel Soap,4,35,140,Card,Chennai
TXN104235,2025-02-16,CUST502,Beverages,B Natural Juice,2,40,80,Cash,Bangalore
TXN104236,2025-03-18,CUST938,Snacks,Bingo Mad Angles,3,25,75,UPI,Hyderabad
TXN104237,2025-06-27,CUST556,Personal Care,Savlon Sanitizer,5,70,350,Card,Mumbai
TXN104238,2025-06-22,CUST290,Beverages,Sunbean Coffee,1,180,180,Card,Bangalore
TXN104239,2025-01-23,CUST943,Personal Care,Savlon Sanitizer,1,70,70,Card,Mumbai
TXN104240,2025-04-24,CUST346,FMCG,Aashirvaad Atta,2,65,130,Card,Hyderabad
TXN104241,2025-06-05,CUST545,Beverages,Sunbean Coffee,1,180,180,Cash,Hyderabad
TXN104242,2025-01-09,CUST458,Personal Care,Savlon Sanitizer,5,70,350,Card,Chennai
TXN104243,2025-01-20,CUST976,Snacks,Bingo Chips,4,20,80,Card,Kolkata
TXN104244,2025-03-14,CUST685,Personal Care,Savlon Handwash,1,95,95,Cash,Delhi
TXN104245,2025-01-03,CUST828,Snacks,Bingo Chips,1,20,20,UPI,Kolkata
TXN104246,2025-05-12,CUST446,Beverages,Sunbean Coffee,2,180,360,Cash,Hyderabad
TXN104247,2025-05-15,CUST841,Personal Care,Vivel Soap,2,35,70,Card,Hyderabad
TXN104248,2025-01-27,CUST403,Personal Care,Vivel Soap,1,35,35,Cash,Bangalore
TXN104249,2025-02-01,CUST535,Snacks,Bingo Mad Angles,3,25,75,UPI,Bangalore
TXN104250,2025-06-04,CUST213,Snacks,Bingo Chips,2,20,40,Cash,Hyderabad
TXN104251,2025-01-25,CUST610,FMCG,Aashirvaad Atta,4,65,260,UPI,Kolkata
TXN104252,2025-04-03,CUST389,Snacks,Bingo Mad Angles,3,25,75,UPI,Kolkata
TXN104253,2025-01-05,CUST821,Beverages,Sunbean Coffee,2,180,360,Card,Hyderabad
TXN104254,2025-01-13,CUST895,Personal Care,Savlon Sanitizer,3,70,210,Cash,Delhi
TXN104255,2025-01-29,CUST519,Beverages,Sunbean Coffee,3,180,540,Card,Delhi
TXN104256,2025-06-19,CUST914,Personal Care,Vivel Soap,2,35,70,UPI,Chennai
TXN104257,2025-01-31,CUST191,Personal Care,Savlon Handwash,5,95,475,UPI,Hyderabad
TXN104258,2025-06-08,CUST319,Snacks,Bingo Mad Angles,2,25,50,Card,Hyderabad
TXN104259,2025-04-22,CUST576,Beverages,Sunbean Coffee,3,180,540,Card,Kolkata
TXN104260,2025-01-06,CUST772,Beverages,B Natural Juice,4,40,160,Card,Chennai
TXN104261,2025-01-12,CUST923,FMCG,Aashirvaad Atta,3,65,195,Card,Bangalore
TXN104262,2025-02-14,CUST157,Personal Care,Vivel Soap,3,35,105,Card,Hyderabad
TXN104263,2025-03-16,CUST371,Personal Care,Savlon Handwash,2,95,190,Cash,Chennai
TXN104264,2025-03-29,CUST282,FMCG,Aashirvaad Atta,1,65,65,UPI,Delhi
TXN104265,2025-03-07,CUST218,Beverages,B Natural Juice,4,40,160,UPI,Bangalore
TXN104266,2025-02-12,CUST563,Personal Care,Savlon Sanitizer,3,70,210,Cash,Hyderabad
TXN104267,2025-03-05,CUST525,FMCG,Aashirvaad Atta,4,65,260,Card,Mumbai
TXN104268,2025-01-19,CUST164,Personal Care,Vivel Soap,1,35,35,Cash,Mumbai
TXN104269,2025-04-01,CUST237,Beverages,B Natural Juice,4,40,160,Card,Hyderabad
TXN104270,2025-01-11,CUST178,Beverages,Sunbean Coffee,5,180,900,UPI,Delhi
TXN104271,2025-03-12,CUST905,Personal Care,Savlon Sanitizer,5,70,350,Cash,Chennai
TXN104272,2025-06-26,CUST788,Personal Care,Savlon Sanitizer,5,70,350,UPI,Bangalore
TXN104273,2025-02-24,CUST712,Beverages,Sunbean Coffee,4,180,720,Cash,Hyderabad
TXN104274,2025-06-25,CUST309,Beverages,B Natural Juice,1,40,40,Card,Delhi
TXN104275,2025-06-15,CUST252,FMCG,Aashirvaad Atta,4,65,260,Cash,Hyderabad
TXN104276,2025-06-20,CUST914,Personal Care,Savlon Handwash,2,95,190,Cash,Bangalore
TXN104277,2025-06-28,CUST118,Personal Care,Savlon Handwash,5,95,475,UPI,Kolkata
TXN104278,2025-05-02,CUST307,FMCG,Aashirvaad Atta,2,65,130,Card,Mumbai
TXN104279,2025-06-19,CUST708,FMCG,Aashirvaad Atta,5,65,325,UPI,Bangalore
TXN104280,2025-04-04,CUST483,Beverages,Sunbean Coffee,1,180,180,Card,Hyderabad
TXN104281,2025-04-22,CUST126,FMCG,Aashirvaad Atta,4,65,260,Card,Delhi
TXN104282,2025-05-15,CUST767,Personal Care,Savlon Sanitizer,2,70,140,UPI,Chennai
TXN104283,2025-04-19,CUST653,Beverages,B Natural Juice,1,40,40,Card,Kolkata
TXN104284,2025-05-30,CUST648,Snacks,Bingo Mad Angles,4,25,100,Cash,Hyderabad
TXN104285,2025-01-13,CUST478,Snacks,Bingo Chips,4,20,80,UPI,Chennai
TXN104286,2025-06-11,CUST726,Snacks,Bingo Mad Angles,3,25,75,Cash,Mumbai
TXN104287,2025-01-10,CUST458,Beverages,B Natural Juice,5,40,200,Card,Chennai
TXN104288,2025-06-29,CUST656,Personal Care,Savlon Sanitizer,5,70,350,UPI,Mumbai
TXN104289,2025-05-31,CUST927,Personal Care,Savlon Sanitizer,4,70,280,UPI,Chennai
TXN104290,2025-05-21,CUST387,Personal Care,Vivel Soap,5,35,175,UPI,Kolkata
TXN104291,2025-02-21,CUST784,Personal Care,Vivel Soap,3,35,105,UPI,Kolkata
TXN104292,2025-05-30,CUST986,Personal Care,Savlon Handwash,2,95,190,UPI,Chennai
TXN104293,2025-03-03,CUST721,Snacks,Bingo Mad Angles,2,25,50,Cash,Bangalore
TXN104294,2025-05-25,CUST142,Personal Care,Savlon Sanitizer,5,70,350,UPI,Chennai
TXN104295,2025-06-15,CUST138,Beverages,B Natural Juice,2,40,80,Cash,Bangalore
TXN104296,2025-04-19,CUST181,Snacks,Bingo Mad Angles,2,25,50,Card,Chennai
TXN104297,2025-03-22,CUST500,Personal Care,Vivel Soap,4,35,140,Card,Mumbai
TXN104298,2025-04-26,CUST338,Snacks,Bingo Mad Angles,5,25,125,Cash,Mumbai
TXN104299,2025-06-20,CUST634,Personal Care,Vivel Soap,4,35,140,Cash,Hyderabad
TXN104300,2025-05-08,CUST477,Beverages,B Natural Juice,2,40,80,Card,Chennai
TXN104301,2025-05-11,CUST301,Snacks,Bingo Mad Angles,2,25,50,UPI,Delhi
TXN104302,2025-01-13,CUST252,Snacks,Bingo Chips,2,20,40,Card,Delhi
TXN104303,2025-03-13,CUST583,Personal Care,Savlon Handwash,1,95,95,Card,Chennai
TXN104304,2025-04-05,CUST130,Beverages,B Natural Juice,5,40,200,Card,Mumbai
TXN104305,2025-02-02,CUST436,FMCG,Aashirvaad Atta,5,65,325,Card,Kolkata
TXN104306,2025-02-18,CUST659,Personal Care,Vivel Soap,5,35,175,Card,Hyderabad
TXN104307,2025-04-08,CUST510,Beverages,B Natural Juice,5,40,200,Cash,Kolkata
TXN104308,2025-04-24,CUST795,Personal Care,Vivel Soap,1,35,35,UPI,Kolkata
TXN104309,2025-02-25,CUST333,Personal Care,Vivel Soap,4,35,140,Cash,Hyderabad
TXN104310,2025-06-27,CUST973,Snacks,Bingo Mad Angles,2,25,50,Card,Hyderabad
TXN104311,2025-01-09,CUST425,Beverages,Sunbean Coffee,2,180,360,UPI,Kolkata
TXN104312,2025-04-18,CUST398,Beverages,Sunbean Coffee,4,180,720,Card,Bangalore
TXN104313,2025-03-08,CUST119,Personal Care,Savlon Handwash,5,95,475,UPI,Kolkata
TXN104314,2025-03-18,CUST116,Snacks,Bingo Chips,4,20,80,Card,Bangalore
TXN104315,2025-05-11,CUST848,Personal Care,Savlon Handwash,5,95,475,Cash,Delhi
TXN104316,2025-03-08,CUST319,Personal Care,Savlon Sanitizer,5,70,350,UPI,Delhi
TXN104317,2025-02-07,CUST635,Snacks,Bingo Mad Angles,1,25,25,Cash,Bangalore
TXN104318,2025-05-02,CUST484,Personal Care,Savlon Handwash,5,95,475,Cash,Hyderabad
TXN104319,2025-01-13,CUST741,Personal Care,Vivel Soap,1,35,35,Card,Kolkata
TXN104320,2025-06-09,CUST369,FMCG,Aashirvaad Atta,2,65,130,UPI,Delhi
TXN104321,2025-06-26,CUST674,Beverages,B Natural Juice,2,40,80,Card,Hyderabad
TXN104322,2025-05-10,CUST487,Personal Care,Savlon Handwash,3,95,285,Cash,Hyderabad
TXN104323,2025-05-09,CUST332,Snacks,Bingo Chips,1,20,20,UPI,Delhi
TXN104324,2025-06-14,CUST836,Personal Care,Savlon Sanitizer,3,70,210,Card,Delhi
TXN104325,2025-03-29,CUST199,Beverages,Sunbean Coffee,3,180,540,Card,Bangalore
TXN104326,2025-04-03,CUST792,Snacks,Bingo Mad Angles,3,25,75,UPI,Hyderabad
TXN104327,2025-04-24,CUST782,Snacks,Bingo Mad Angles,5,25,125,Card,Mumbai
TXN104328,2025-01-31,CUST855,Snacks,Bingo Mad Angles,4,25,100,UPI,Chennai
TXN104329,2025-02-19,CUST140,Personal Care,Vivel Soap,5,35,175,UPI,Delhi
TXN104330,2025-01-30,CUST822,Personal Care,Vivel Soap,4,35,140,Card,Hyderabad
TXN104331,2025-05-14,CUST480,Beverages,B Natural Juice,5,40,200,Cash,Bangalore
TXN104332,2025-03-03,CUST944,Snacks,Bingo Mad Angles,1,25,25,Cash,Mumbai
TXN104333,2025-03-28,CUST345,Beverages,Sunbean Coffee,5,180,900,Card,Bangalore
TXN104334,2025-05-18,CUST548,Beverages,B Natural Juice,1,40,40,Card,Hyderabad
TXN104335,2025-05-06,CUST763,Beverages,Sunbean Coffee,1,180,180,Card,Bangalore
TXN104336,2025-01-29,CUST824,Beverages,Sunbean Coffee,3,180,540,Cash,Kolkata
TXN104337,2025-05-15,CUST760,Personal Care,Savlon Handwash,3,95,285,Card,Hyderabad
TXN104338,2025-03-03,CUST924,Snacks,Bingo Mad Angles,3,25,75,Cash,Hyderabad
TXN104339,2025-03-09,CUST274,Snacks,Bingo Chips,5,20,100,Cash,Bangalore
TXN104340,2025-03-14,CUST594,Personal Care,Savlon Handwash,3,95,285,UPI,Delhi
TXN104341,2025-06-25,CUST666,FMCG,Aashirvaad Atta,4,65,260,Card,Hyderabad
TXN104342,2025-02-02,CUST240,Personal Care,Vivel Soap,1,35,35,Cash,Hyderabad
TXN104343,2025-03-25,CUST170,Snacks,Bingo Mad Angles,2,25,50,Card,Bangalore
TXN104344,2025-06-23,CUST548,Personal Care,Savlon Sanitizer,4,70,280,Card,Bangalore
TXN104345,2025-05-28,CUST782,Personal Care,Savlon Handwash,4,95,380,Cash,Bangalore
TXN104346,2025-06-11,CUST944,Snacks,Bingo Mad Angles,2,25,50,Cash,Hyderabad
TXN104347,2025-01-21,CUST264,Personal Care,Vivel Soap,2,35,70,UPI,Bangalore
TXN104348,2025-05-20,CUST184,Personal Care,Savlon Handwash,2,95,190,Cash,Kolkata
TXN104349,2025-02-17,CUST139,Beverages,B Natural Juice,3,40,120,Card,Bangalore
TXN104350,2025-04-17,CUST833,Personal Care,Savlon Handwash,2,95,190,UPI,Bangalore
TXN104351,2025-02-19,CUST686,Personal Care,Vivel Soap,4,35,140,Cash,Bangalore
TXN104352,2025-06-20,CUST134,Personal Care,Savlon Sanitizer,5,70,350,Cash,Bangalore
TXN104353,2025-02-19,CUST686,Personal Care,Vivel Soap,1,35,35,Card,Mumbai
TXN104354,2025-05-28,CUST237,Personal Care,Savlon Sanitizer,1,70,70,Cash,Hyderabad
TXN104355,2025-06-22,CUST833,Personal Care,Savlon Sanitizer,3,70,210,Cash,Bangalore
TXN104356,2025-06-07,CUST283,Snacks,Bingo Chips,4,20,80,UPI,Kolkata
TXN104357,2025-02-07,CUST720,Snacks,Bingo Chips,1,20,20,Cash,Chennai
TXN104358,2025-06-19,CUST757,Beverages,B Natural Juice,4,40,160,Cash,Mumbai
TXN104359,2025-03-24,CUST375,Snacks,Bingo Mad Angles,2,25,50,Cash,Bangalore
TXN104360,2025-01-29,CUST196,Personal Care,Savlon Sanitizer,3,70,210,Card,Chennai
TXN104361,2025-05-02,CUST110,Snacks,Bingo Chips,5,20,100,Card,Delhi
TXN104362,2025-02-06,CUST442,Beverages,B Natural Juice,3,40,120,Cash,Hyderabad
TXN104363,2025-04-12,CUST962,Personal Care,Savlon Handwash,1,95,95,Card,Delhi
TXN104364,2025-01-06,CUST904,Personal Care,Vivel Soap,4,35,140,Cash,Hyderabad
TXN104365,2025-03-28,CUST292,Beverages,B Natural Juice,2,40,80,UPI,Delhi
TXN104366,2025-03-10,CUST468,Snacks,Bingo Chips,5,20,100,Card,Kolkata
TXN104367,2025-04-26,CUST633,Personal Care,Savlon Sanitizer,5,70,350,Cash,Hyderabad
TXN104368,2025-06-26,CUST156,Personal Care,Vivel Soap,4,35,140,Cash,Bangalore
TXN104369,2025-02-20,CUST204,Personal Care,Vivel Soap,5,35,175,UPI,Delhi
TXN104370,2025-02-22,CUST995,Snacks,Bingo Chips,1,20,20,UPI,Delhi
TXN104371,2025-01-03,CUST477,Beverages,Sunbean Coffee,5,180,900,Card,Kolkata
TXN104372,2025-01-08,CUST660,Personal Care,Vivel Soap,2,35,70,Card,Chennai
TXN104373,2025-02-02,CUST676,Beverages,Sunbean Coffee,4,180,720,Cash,Delhi
TXN104374,2025-04-08,CUST883,Beverages,Sunbean Coffee,4,180,720,Card,Delhi
TXN104375,2025-06-14,CUST446,FMCG,Aashirvaad Atta,1,65,65,UPI,Chennai
TXN104376,2025-01-09,CUST866,Personal Care,Savlon Sanitizer,3,70,210,Card,Delhi
TXN104377,2025-03-05,CUST484,Personal Care,Vivel Soap,4,35,140,UPI,Hyderabad
TXN104378,2025-01-20,CUST456,Snacks,Bingo Chips,2,20,40,UPI,Chennai
TXN104379,2025-06-25,CUST606,FMCG,Aashirvaad Atta,2,65,130,Card,Bangalore
TXN104380,2025-06-12,CUST272,Personal Care,Savlon Sanitizer,3,70,210,UPI,Delhi
TXN104381,2025-03-05,CUST186,Personal Care,Savlon Handwash,1,95,95,UPI,Chennai
TXN104382,2025-06-26,CUST815,Beverages,B Natural Juice,2,40,80,Cash,Chennai
TXN104383,2025-01-12,CUST605,Snacks,Bingo Mad Angles,3,25,75,Cash,Mumbai
TXN104384,2025-06-27,CUST902,Beverages,Sunbean Coffee,5,180,900,Card,Kolkata
TXN104385,2025-03-30,CUST551,Personal Care,Savlon Sanitizer,3,70,210,Cash,Kolkata
TXN104386,2025-06-18,CUST511,Beverages,B Natural Juice,1,40,40,Cash,Kolkata
TXN104387,2025-06-14,CUST975,FMCG,Aashirvaad Atta,2,65,130,UPI,Chennai
TXN104388,2025-06-26,CUST685,Snacks,Bingo Mad Angles,3,25,75,Cash,Hyderabad
TXN104389,2025-06-08,CUST246,Snacks,Bingo Chips,2,20,40,Cash,Delhi
TXN104390,2025-01-14,CUST216,Personal Care,Savlon Handwash,2,95,190,Card,Bangalore
TXN104391,2025-01-25,CUST557,Personal Care,Savlon Handwash,4,95,380,Card,Hyderabad
TXN104392,2025-03-01,CUST159,Personal Care,Savlon Handwash,3,95,285,Card,Bangalore
TXN104393,2025-03-10,CUST287,Snacks,Bingo Chips,3,20,60,UPI,Kolkata
TXN104394,2025-05-10,CUST843,Beverages,Sunbean Coffee,5,180,900,Cash,Bangalore
TXN104395,2025-06-13,CUST683,FMCG,Aashirvaad Atta,5,65,325,Cash,Delhi
TXN104396,2025-01-25,CUST755,Snacks,Bingo Mad Angles,2,25,50,Cash,Delhi
TXN104397,2025-03-13,CUST836,Snacks,Bingo Mad Angles,2,25,50,Cash,Kolkata
TXN104398,2025-03-28,CUST349,Personal Care,Savlon Sanitizer,5,70,350,Cash,Kolkata
TXN104399,2025-04-23,CUST485,Personal Care,Vivel Soap,2,35,70,Cash,Mumbai
TXN104400,2025-02-10,CUST715,Snacks,Bingo Mad Angles,4,25,100,UPI,Kolkata
TXN104401,2025-03-23,CUST604,Snacks,Bingo Chips,3,20,60,Card,Kolkata
TXN104402,2025-05-22,CUST296,Personal Care,Savlon Handwash,5,95,475,UPI,Chennai
TXN104403,2025-04-14,CUST507,Personal Care,Savlon Handwash,3,95,285,Card,Kolkata
TXN104404,2025-04-22,CUST732,Beverages,Sunbean Coffee,3,180,540,Cash,Kolkata
TXN104405,2025-03-07,CUST394,FMCG,Aashirvaad Atta,5,65,325,Cash,Chennai
TXN104406,2025-05-22,CUST137,Personal Care,Vivel Soap,4,35,140,Cash,Hyderabad
TXN104407,2025-03-05,CUST274,Personal Care,Savlon Handwash,3,95,285,Cash,Delhi
TXN104408,2025-06-16,CUST527,Beverages,Sunbean Coffee,2,180,360,Card,Bangalore
TXN104409,2025-05-23,CUST165,Beverages,B Natural Juice,3,40,120,Cash,Kolkata
TXN104410,2025-03-25,CUST891,Personal Care,Vivel Soap,4,35,140,Cash,Delhi
TXN104411,2025-05-12,CUST632,FMCG,Aashirvaad Atta,2,65,130,Card,Bangalore
TXN104412,2025-05-31,CUST939,Beverages,B Natural Juice,5,40,200,UPI,Bangalore
TXN104413,2025-01-30,CUST833,Beverages,Sunbean Coffee,2,180,360,Cash,Mumbai
TXN104414,2025-03-30,CUST301,Personal Care,Vivel Soap,4,35,140,Card,Bangalore
TXN104415,2025-03-15,CUST265,Beverages,B Natural Juice,4,40,160,UPI,Chennai
TXN104416,2025-06-14,CUST881,Personal Care,Vivel Soap,2,35,70,Cash,Mumbai
TXN104417,2025-01-20,CUST523,Beverages,B Natural Juice,1,40,40,Cash,Chennai
TXN104418,2025-03-28,CUST140,Personal Care,Savlon Handwash,1,95,95,Card,Chennai
TXN104419,2025-03-10,CUST963,Personal Care,Savlon Handwash,5,95,475,UPI,Bangalore
TXN104420,2025-01-28,CUST223,Beverages,B Natural Juice,4,40,160,UPI,Mumbai
TXN104421,2025-06-20,CUST163,Personal Care,Savlon Handwash,1,95,95,Card,Hyderabad
TXN104422,2025-05-03,CUST354,Beverages,B Natural Juice,3,40,120,Cash,Delhi
TXN104423,2025-01-05,CUST847,Personal Care,Savlon Sanitizer,3,70,210,Card,Bangalore
TXN104424,2025-06-06,CUST620,Snacks,Bingo Mad Angles,5,25,125,Card,Mumbai
TXN104425,2025-04-27,CUST949,Personal Care,Savlon Handwash,3,95,285,Card,Hyderabad
TXN104426,2025-06-27,CUST845,Personal Care,Vivel Soap,5,35,175,Card,Kolkata
TXN104427,2025-04-06,CUST555,Snacks,Bingo Mad Angles,2,25,50,UPI,Kolkata
TXN104428,2025-01-25,CUST640,FMCG,Aashirvaad Atta,5,65,325,Card,Mumbai
TXN104429,2025-04-01,CUST279,Snacks,Bingo Chips,1,20,20,UPI,Mumbai
TXN104430,2025-03-31,CUST193,Personal Care,Vivel Soap,3,35,105,Card,Mumbai
TXN104431,2025-02-22,CUST743,Snacks,Bingo Mad Angles,1,25,25,Card,Kolkata
TXN104432,2025-05-20,CUST134,Beverages,B Natural Juice,4,40,160,UPI,Mumbai
TXN104433,2025-06-30,CUST218,FMCG,Aashirvaad Atta,2,65,130,UPI,Kolkata
TXN104434,2025-04-05,CUST365,Snacks,Bingo Chips,1,20,20,Card,Chennai
TXN104435,2025-03-13,CUST395,Personal Care,Savlon Handwash,2,95,190,Card,Hyderabad
TXN104436,2025-04-13,CUST425,Beverages,Sunbean Coffee,5,180,900,Cash,Delhi
TXN104437,2025-02-06,CUST318,Snacks,Bingo Chips,5,20,100,Cash,Delhi
TXN104438,2025-03-23,CUST585,Personal Care,Savlon Handwash,5,95,475,UPI,Mumbai
TXN104439,2025-03-01,CUST214,Snacks,Bingo Chips,1,20,20,Card,Chennai
TXN104440,2025-02-14,CUST477,Beverages,B Natural Juice,5,40,200,Cash,Mumbai
TXN104441,2025-01-30,CUST899,Personal Care,Vivel Soap,5,35,175,Cash,Hyderabad
TXN104442,2025-02-21,CUST503,Personal Care,Vivel Soap,5,35,175,Card,Chennai
TXN104443,2025-01-25,CUST564,Snacks,Bingo Chips,2,20,40,UPI,Chennai
TXN104444,2025-01-28,CUST790,Personal Care,Savlon Sanitizer,2,70,140,Cash,Kolkata
TXN104445,2025-03-08,CUST455,FMCG,Aashirvaad Atta,3,65,195,UPI,Delhi
TXN104446,2025-06-08,CUST383,FMCG,Aashirvaad Atta,3,65,195,UPI,Bangalore
TXN104447,2025-04-02,CUST991,Beverages,Sunbean Coffee,5,180,900,UPI,Bangalore
TXN104448,2025-01-13,CUST505,Beverages,Sunbean Coffee,5,180,900,Cash,Chennai
TXN104449,2025-01-01,CUST740,Personal Care,Savlon Handwash,3,95,285,Card,Kolkata
TXN104450,2025-05-17,CUST471,Snacks,Bingo Chips,4,20,80,UPI,Kolkata
TXN104451,2025-05-16,CUST187,Snacks,Bingo Mad Angles,4,25,100,Cash,Hyderabad
TXN104452,2025-06-16,CUST959,Beverages,Sunbean Coffee,4,180,720,UPI,Delhi
TXN104453,2025-03-04,CUST708,Personal Care,Vivel Soap,4,35,140,UPI,Kolkata
TXN104454,2025-06-12,CUST172,Personal Care,Savlon Handwash,4,95,380,Card,Bangalore
TXN104455,2025-05-14,CUST363,Personal Care,Savlon Handwash,2,95,190,UPI,Kolkata
TXN104456,2025-05-11,CUST249,Personal Care,Vivel Soap,4,35,140,UPI,Delhi
TXN104457,2025-01-28,CUST381,Snacks,Bingo Chips,1,20,20,UPI,Kolkata
TXN104458,2025-06-28,CUST430,FMCG,Aashirvaad Atta,4,65,260,UPI,Kolkata
TXN104459,2025-05-10,CUST968,FMCG,Aashirvaad Atta,4,65,260,UPI,Delhi
TXN104460,2025-01-08,CUST360,FMCG,Aashirvaad Atta,3,65,195,UPI,Chennai
TXN104461,2025-04-05,CUST906,Snacks,Bingo Chips,2,20,40,Cash,Bangalore
TXN104462,2025-03-27,CUST486,FMCG,Aashirvaad Atta,5,65,325,Cash,Hyderabad
TXN104463,2025-04-15,CUST190,FMCG,Aashirvaad Atta,3,65,195,Card,Hyderabad
TXN104464,2025-03-04,CUST127,Personal Care,Savlon Handwash,1,95,95,Cash,Delhi
TXN104465,2025-03-03,CUST991,Personal Care,Vivel Soap,4,35,140,UPI,Bangalore
TXN104466,2025-02-19,CUST526,Personal Care,Savlon Sanitizer,5,70,350,Cash,Mumbai
TXN104467,2025-04-18,CUST283,Beverages,B Natural Juice,5,40,200,Cash,Delhi
TXN104468,2025-04-29,CUST567,FMCG,Aashirvaad Atta,4,65,260,Cash,Hyderabad
TXN104469,2025-05-20,CUST981,Beverages,Sunbean Coffee,2,180,360,UPI,Chennai
TXN104470,2025-04-05,CUST785,Personal Care,Vivel Soap,4,35,140,Card,Chennai
TXN104471,2025-01-09,CUST501,Beverages,Sunbean Coffee,5,180,900,Card,Mumbai
TXN104472,2025-03-06,CUST790,Snacks,Bingo Chips,5,20,100,Card,Hyderabad
TXN104473,2025-03-31,CUST497,Personal Care,Savlon Sanitizer,3,70,210,UPI,Bangalore
TXN104474,2025-05-27,CUST454,Snacks,Bingo Chips,4,20,80,Cash,Bangalore
TXN104475,2025-04-22,CUST439,Snacks,Bingo Mad Angles,1,25,25,UPI,Kolkata
TXN104476,2025-05-30,CUST653,Personal Care,Savlon Handwash,1,95,95,Card,Bangalore
TXN104477,2025-05-16,CUST712,Beverages,Sunbean Coffee,4,180,720,UPI,Bangalore
TXN104478,2025-03-23,CUST366,Snacks,Bingo Mad Angles,5,25,125,Cash,Kolkata
TXN104479,2025-04-01,CUST784,Personal Care,Savlon Sanitizer,5,70,350,Cash,Chennai
TXN104480,2025-01-17,CUST981,Personal Care,Savlon Sanitizer,5,70,350,Card,Hyderabad
TXN104481,2025-06-25,CUST663,Beverages,B Natural Juice,5,40,200,UPI,Kolkata
TXN104482,2025-01-15,CUST560,Beverages,Sunbean Coffee,3,180,540,UPI,Kolkata
TXN104483,2025-02-14,CUST514,FMCG,Aashirvaad Atta,1,65,65,Card,Hyderabad
TXN104484,2025-01-22,CUST434,Beverages,Sunbean Coffee,2,180,360,Card,Delhi
TXN104485,2025-02-18,CUST718,Snacks,Bingo Chips,1,20,20,Card,Kolkata
TXN104486,2025-01-03,CUST625,FMCG,Aashirvaad Atta,3,65,195,Card,Bangalore
TXN104487,2025-03-26,CUST577,Beverages,B Natural Juice,3,40,120,Cash,Hyderabad
TXN104488,2025-01-05,CUST910,Beverages,B Natural Juice,5,40,200,UPI,Bangalore
TXN104489,2025-05-10,CUST645,FMCG,Aashirvaad Atta,4,65,260,Cash,Mumbai
TXN104490,2025-06-21,CUST709,Personal Care,Savlon Handwash,4,95,380,Cash,Mumbai
TXN104491,2025-02-14,CUST330,Beverages,B Natural Juice,1,40,40,UPI,Hyderabad
TXN104492,2025-02-18,CUST993,Personal Care,Savlon Sanitizer,2,70,140,Cash,Mumbai
TXN104493,2025-02-26,CUST600,Snacks,Bingo Chips,1,20,20,Card,Mumbai
TXN104494,2025-02-18,CUST153,FMCG,Aashirvaad Atta,2,65,130,Card,Chennai
TXN104495,2025-03-26,CUST279,Snacks,Bingo Chips,4,20,80,UPI,Chennai
TXN104496,2025-03-08,CUST897,FMCG,Aashirvaad Atta,1,65,65,Cash,Mumbai
TXN104497,2025-03-31,CUST565,FMCG,Aashirvaad Atta,1,65,65,UPI,Chennai
TXN104498,2025-04-05,CUST612,Personal Care,Savlon Sanitizer,4,70,280,Card,Mumbai
TXN104499,2025-05-08,CUST617,Beverages,Sunbean Coffee,1,180,180,Cash,Chennai
TXN104500,2025-06-27,CUST422,FMCG,Aashirvaad Atta,4,65,260,Cash,Mumbai
TXN104501,2025-03-05,CUST226,Personal Care,Vivel Soap,5,35,175,Card,Delhi
TXN104502,2025-01-12,CUST221,Beverages,Sunbean Coffee,2,180,360,Cash,Bangalore
TXN104503,2025-03-26,CUST712,Personal Care,Vivel Soap,2,35,70,Card,Delhi
TXN104504,2025-03-15,CUST783,Beverages,Sunbean Coffee,2,180,360,Card,Bangalore
TXN104505,2025-05-20,CUST504,Beverages,Sunbean Coffee,5,180,900,UPI,Chennai
TXN104506,2025-06-30,CUST751,Personal Care,Savlon Sanitizer,3,70,210,Cash,Hyderabad
TXN104507,2025-01-18,CUST230,Beverages,Sunbean Coffee,3,180,540,Cash,Delhi
TXN104508,2025-04-04,CUST951,Personal Care,Savlon Handwash,4,95,380,Cash,Hyderabad
TXN104509,2025-03-01,CUST226,Personal Care,Vivel Soap,2,35,70,Cash,Kolkata
TXN104510,2025-01-06,CUST875,Beverages,Sunbean Coffee,3,180,540,UPI,Kolkata
TXN104511,2025-06-09,CUST744,Personal Care,Savlon Sanitizer,5,70,350,Cash,Bangalore
TXN104512,2025-02-17,CUST575,Personal Care,Vivel Soap,4,35,140,UPI,Bangalore
TXN104513,2025-04-27,CUST983,Snacks,Bingo Mad Angles,5,25,125,Cash,Delhi
TXN104514,2025-02-17,CUST647,Snacks,Bingo Mad Angles,4,25,100,UPI,Mumbai
TXN104515,2025-06-18,CUST508,Beverages,Sunbean Coffee,2,180,360,Card,Kolkata
TXN104516,2025-03-07,CUST822,Personal Care,Savlon Sanitizer,3,70,210,UPI,Delhi
TXN104517,2025-05-27,CUST481,FMCG,Aashirvaad Atta,5,65,325,UPI,Bangalore
TXN104518,2025-05-28,CUST406,Personal Care,Savlon Sanitizer,3,70,210,UPI,Bangalore
TXN104519,2025-04-09,CUST246,Snacks,Bingo Chips,4,20,80,UPI,Delhi
TXN104520,2025-04-22,CUST771,Personal Care,Savlon Sanitizer,2,70,140,Card,Delhi
TXN104521,2025-05-23,CUST619,Snacks,Bingo Mad Angles,4,25,100,UPI,Hyderabad
TXN104522,2025-05-02,CUST202,FMCG,Aashirvaad Atta,1,65,65,Card,Chennai
TXN104523,2025-06-05,CUST715,Beverages,B Natural Juice,4,40,160,UPI,Delhi
TXN104524,2025-01-25,CUST490,Personal Care,Savlon Sanitizer,4,70,280,Card,Hyderabad
TXN104525,2025-05-04,CUST472,Personal Care,Savlon Sanitizer,5,70,350,Cash,Chennai
TXN104526,2025-05-19,CUST141,Snacks,Bingo Mad Angles,4,25,100,Card,Bangalore
TXN104527,2025-02-24,CUST319,Personal Care,Savlon Sanitizer,4,70,280,Cash,Kolkata
TXN104528,2025-01-03,CUST950,Beverages,Sunbean Coffee,3,180,540,Card,Mumbai
TXN104529,2025-06-02,CUST234,FMCG,Aashirvaad Atta,5,65,325,UPI,Mumbai
TXN104530,2025-01-10,CUST265,FMCG,Aashirvaad Atta,3,65,195,Cash,Mumbai
TXN104531,2025-05-13,CUST609,Snacks,Bingo Chips,2,20,40,UPI,Hyderabad
TXN104532,2025-04-24,CUST495,Beverages,Sunbean Coffee,4,180,720,Cash,Kolkata
TXN104533,2025-03-29,CUST587,FMCG,Aashirvaad Atta,3,65,195,UPI,Bangalore
TXN104534,2025-04-23,CUST247,Personal Care,Savlon Handwash,3,95,285,Card,Kolkata
TXN104535,2025-04-29,CUST167,FMCG,Aashirvaad Atta,5,65,325,Cash,Hyderabad
TXN104536,2025-05-09,CUST415,Beverages,B Natural Juice,1,40,40,Cash,Kolkata
TXN104537,2025-01-20,CUST752,FMCG,Aashirvaad Atta,5,65,325,Cash,Hyderabad
TXN104538,2025-06-29,CUST256,Snacks,Bingo Mad Angles,2,25,50,Cash,Chennai
TXN104539,2025-06-26,CUST270,FMCG,Aashirvaad Atta,1,65,65,UPI,Chennai
TXN104540,2025-06-25,CUST450,Snacks,Bingo Chips,3,20,60,Card,Kolkata
TXN104541,2025-02-01,CUST576,Snacks,Bingo Mad Angles,3,25,75,UPI,Bangalore
TXN104542,2025-05-12,CUST584,Beverages,B Natural Juice,1,40,40,UPI,Bangalore
TXN104543,2025-04-03,CUST668,Snacks,Bingo Mad Angles,4,25,100,Cash,Mumbai
TXN104544,2025-05-20,CUST558,FMCG,Aashirvaad Atta,2,65,130,Card,Bangalore
TXN104545,2025-01-15,CUST378,Beverages,Sunbean Coffee,4,180,720,UPI,Kolkata
TXN104546,2025-03-25,CUST779,Snacks,Bingo Mad Angles,1,25,25,Cash,Kolkata
TXN104547,2025-02-13,CUST343,Personal Care,Savlon Sanitizer,1,70,70,Card,Chennai
TXN104548,2025-05-07,CUST736,Personal Care,Savlon Handwash,1,95,95,Cash,Hyderabad
TXN104549,2025-02-21,CUST512,Snacks,Bingo Mad Angles,5,25,125,Cash,Hyderabad
TXN104550,2025-03-28,CUST478,FMCG,Aashirvaad Atta,5,65,325,UPI,Mumbai
TXN104551,2025-01-06,CUST366,Personal Care,Vivel Soap,1,35,35,Cash,Bangalore
TXN104552,2025-06-22,CUST825,Beverages,Sunbean Coffee,1,180,180,Cash,Bangalore
TXN104553,2025-06-10,CUST903,Personal Care,Savlon Sanitizer,3,70,210,UPI,Hyderabad
TXN104554,2025-01-11,CUST400,Beverages,Sunbean Coffee,3,180,540,UPI,Delhi
TXN104555,2025-04-08,CUST383,Personal Care,Savlon Sanitizer,4,70,280,UPI,Chennai
TXN104556,2025-01-22,CUST857,Personal Care,Savlon Handwash,4,95,380,Cash,Delhi
TXN104557,2025-05-12,CUST954,Personal Care,Savlon Sanitizer,2,70,140,Card,Chennai
TXN104558,2025-06-07,CUST825,Beverages,Sunbean Coffee,2,180,360,Card,Kolkata
TXN104559,2025-01-23,CUST505,Personal Care,Vivel Soap,5,35,175,Card,Chennai
TXN104560,2025-06-11,CUST595,Personal Care,Vivel Soap,4,35,140,Cash,Bangalore
TXN104561,2025-05-21,CUST667,Snacks,Bingo Chips,3,20,60,UPI,Hyderabad
TXN104562,2025-04-07,CUST741,FMCG,Aashirvaad Atta,4,65,260,Cash,Delhi
TXN104563,2025-05-23,CUST617,FMCG,Aashirvaad Atta,2,65,130,UPI,Kolkata
TXN104564,2025-01-04,CUST761,Beverages,Sunbean Coffee,5,180,900,Card,Mumbai
TXN104565,2025-02-23,CUST873,Beverages,Sunbean Coffee,4,180,720,UPI,Mumbai
TXN104566,2025-03-17,CUST342,Snacks,Bingo Chips,4,20,80,UPI,Mumbai
TXN104567,2025-05-15,CUST377,Personal Care,Savlon Sanitizer,1,70,70,Card,Chennai
TXN104568,2025-04-07,CUST812,Personal Care,Savlon Handwash,5,95,475,UPI,Hyderabad
TXN104569,2025-06-16,CUST186,FMCG,Aashirvaad Atta,1,65,65,Cash,Chennai
TXN104570,2025-05-06,CUST382,Beverages,Sunbean Coffee,5,180,900,Cash,Bangalore
TXN104571,2025-04-27,CUST373,Personal Care,Savlon Sanitizer,4,70,280,UPI,Hyderabad
TXN104572,2025-02-02,CUST333,FMCG,Aashirvaad Atta,3,65,195,UPI,Kolkata
TXN104573,2025-03-12,CUST593,Snacks,Bingo Chips,3,20,60,Card,Bangalore
TXN104574,2025-04-07,CUST719,Personal Care,Savlon Handwash,4,95,380,Card,Hyderabad
TXN104575,2025-05-10,CUST534,Snacks,Bingo Mad Angles,3,25,75,UPI,Kolkata
TXN104576,2025-02-07,CUST208,Personal Care,Savlon Sanitizer,5,70,350,Cash,Delhi
TXN104577,2025-01-01,CUST687,Personal Care,Vivel Soap,2,35,70,Card,Kolkata
TXN104578,2025-06-15,CUST233,Personal Care,Savlon Sanitizer,1,70,70,Cash,Mumbai
TXN104579,2025-04-03,CUST953,Personal Care,Savlon Sanitizer,3,70,210,UPI,Mumbai
TXN104580,2025-05-19,CUST122,FMCG,Aashirvaad Atta,1,65,65,Cash,Chennai
TXN104581,2025-06-06,CUST668,Personal Care,Savlon Sanitizer,2,70,140,Card,Kolkata
TXN104582,2025-02-15,CUST842,Beverages,Sunbean Coffee,1,180,180,Cash,Bangalore
TXN104583,2025-02-21,CUST952,Snacks,Bingo Chips,2,20,40,Cash,Delhi
TXN104584,2025-03-26,CUST199,Personal Care,Savlon Handwash,2,95,190,UPI,Delhi
TXN104585,2025-06-01,CUST168,Snacks,Bingo Mad Angles,1,25,25,Card,Bangalore
TXN104586,2025-05-14,CUST299,Beverages,Sunbean Coffee,4,180,720,Card,Hyderabad
TXN104587,2025-05-15,CUST293,FMCG,Aashirvaad Atta,4,65,260,UPI,Hyderabad
TXN104588,2025-04-27,CUST257,Personal Care,Vivel Soap,5,35,175,Card,Mumbai
TXN104589,2025-01-06,CUST445,Beverages,B Natural Juice,5,40,200,Cash,Kolkata
TXN104590,2025-05-12,CUST950,Snacks,Bingo Mad Angles,5,25,125,Card,Bangalore
TXN104591,2025-03-02,CUST473,Personal Care,Savlon Sanitizer,2,70,140,UPI,Chennai
TXN104592,2025-03-15,CUST426,Snacks,Bingo Chips,5,20,100,Cash,Mumbai
TXN104593,2025-03-29,CUST162,Beverages,B Natural Juice,5,40,200,Cash,Hyderabad
TXN104594,2025-02-24,CUST328,Beverages,B Natural Juice,1,40,40,Card,Kolkata
TXN104595,2025-05-20,CUST924,Personal Care,Savlon Sanitizer,5,70,350,Card,Kolkata
TXN104596,2025-01-07,CUST429,Beverages,B Natural Juice,4,40,160,UPI,Kolkata
TXN104597,2025-05-07,CUST534,Personal Care,Savlon Sanitizer,1,70,70,UPI,Bangalore
TXN104598,2025-06-01,CUST227,Personal Care,Vivel Soap,2,35,70,Cash,Delhi
TXN104599,2025-01-28,CUST352,Snacks,Bingo Mad Angles,1,25,25,Cash,Bangalore
TXN104600,2025-03-23,CUST914,Personal Care,Savlon Handwash,2,95,190,Cash,Delhi
TXN104601,2025-03-26,CUST938,Beverages,Sunbean Coffee,4,180,720,Card,Kolkata
TXN104602,2025-01-12,CUST932,Snacks,Bingo Mad Angles,1,25,25,Cash,Delhi
TXN104603,2025-04-15,CUST532,Snacks,Bingo Chips,2,20,40,Card,Mumbai
TXN104604,2025-02-08,CUST723,Personal Care,Savlon Handwash,3,95,285,Cash,Delhi
TXN104605,2025-02-24,CUST408,Personal Care,Vivel Soap,5,35,175,Card,Hyderabad
TXN104606,2025-06-06,CUST680,Snacks,Bingo Chips,2,20,40,Cash,Kolkata
TXN104607,2025-01-01,CUST369,FMCG,Aashirvaad Atta,4,65,260,Card,Kolkata
TXN104608,2025-06-13,CUST983,FMCG,Aashirvaad Atta,4,65,260,Cash,Mumbai
TXN104609,2025-06-29,CUST706,Personal Care,Savlon Sanitizer,3,70,210,UPI,Bangalore
TXN104610,2025-02-05,CUST133,FMCG,Aashirvaad Atta,3,65,195,Cash,Hyderabad
TXN104611,2025-04-21,CUST664,Snacks,Bingo Chips,4,20,80,UPI,Mumbai
TXN104612,2025-06-30,CUST312,Snacks,Bingo Chips,5,20,100,Card,Chennai
TXN104613,2025-04-23,CUST491,Snacks,Bingo Chips,2,20,40,Card,Bangalore
TXN104614,2025-03-02,CUST334,FMCG,Aashirvaad Atta,4,65,260,Card,Delhi
TXN104615,2025-05-29,CUST221,Beverages,Sunbean Coffee,3,180,540,Card,Delhi
TXN104616,2025-06-07,CUST257,Snacks,Bingo Chips,4,20,80,UPI,Hyderabad
TXN104617,2025-01-17,CUST290,FMCG,Aashirvaad Atta,4,65,260,UPI,Mumbai
TXN104618,2025-05-11,CUST250,Beverages,Sunbean Coffee,2,180,360,Card,Hyderabad
TXN104619,2025-01-02,CUST650,Personal Care,Savlon Sanitizer,5,70,350,Card,Delhi
TXN104620,2025-05-16,CUST436,Personal Care,Savlon Sanitizer,1,70,70,Card,Mumbai
TXN104621,2025-04-22,CUST362,Beverages,Sunbean Coffee,2,180,360,Cash,Delhi
TXN104622,2025-05-15,CUST721,Snacks,Bingo Mad Angles,2,25,50,Card,Chennai
TXN104623,2025-05-29,CUST961,Personal Care,Savlon Handwash,4,95,380,Cash,Mumbai
TXN104624,2025-03-04,CUST909,Personal Care,Savlon Handwash,4,95,380,UPI,Delhi
TXN104625,2025-06-28,CUST589,Personal Care,Savlon Sanitizer,1,70,70,Cash,Hyderabad
TXN104626,2025-05-13,CUST459,Personal Care,Savlon Handwash,1,95,95,Card,Bangalore
TXN104627,2025-03-26,CUST762,Snacks,Bingo Mad Angles,1,25,25,Cash,Mumbai
TXN104628,2025-05-19,CUST289,Snacks,Bingo Chips,5,20,100,UPI,Hyderabad
TXN104629,2025-05-13,CUST641,Snacks,Bingo Chips,4,20,80,UPI,Kolkata
TXN104630,2025-05-12,CUST964,Snacks,Bingo Chips,4,20,80,Cash,Bangalore
TXN104631,2025-04-01,CUST438,Personal Care,Savlon Sanitizer,4,70,280,UPI,Kolkata
TXN104632,2025-03-01,CUST250,Personal Care,Savlon Handwash,5,95,475,UPI,Mumbai
TXN104633,2025-03-22,CUST603,FMCG,Aashirvaad Atta,4,65,260,Card,Mumbai
TXN104634,2025-05-20,CUST203,Beverages,Sunbean Coffee,2,180,360,UPI,Mumbai
TXN104635,2025-02-09,CUST210,Beverages,Sunbean Coffee,5,180,900,Card,Hyderabad
TXN104636,2025-02-04,CUST416,Beverages,Sunbean Coffee,2,180,360,Cash,Delhi
TXN104637,2025-03-02,CUST872,Snacks,Bingo Mad Angles,3,25,75,Card,Hyderabad
TXN104638,2025-05-08,CUST606,Personal Care,Savlon Handwash,1,95,95,Card,Mumbai
TXN104639,2025-01-15,CUST456,Personal Care,Savlon Sanitizer,5,70,350,Cash,Mumbai
TXN104640,2025-04-01,CUST971,Personal Care,Vivel Soap,1,35,35,Card,Delhi
TXN104641,2025-01-31,CUST864,Personal Care,Savlon Handwash,3,95,285,Card,Mumbai
TXN104642,2025-04-03,CUST899,Snacks,Bingo Chips,3,20,60,Card,Mumbai
TXN104643,2025-02-16,CUST833,Personal Care,Savlon Handwash,4,95,380,Cash,Mumbai
TXN104644,2025-04-19,CUST316,Personal Care,Vivel Soap,3,35,105,Cash,Mumbai
TXN104645,2025-02-08,CUST528,Snacks,Bingo Chips,5,20,100,Cash,Bangalore
TXN104646,2025-02-01,CUST142,Personal Care,Savlon Sanitizer,2,70,140,UPI,Chennai
TXN104647,2025-01-25,CUST622,Beverages,Sunbean Coffee,2,180,360,Cash,Bangalore
TXN104648,2025-05-16,CUST486,Beverages,Sunbean Coffee,4,180,720,Card,Hyderabad
TXN104649,2025-03-23,CUST828,Personal Care,Savlon Sanitizer,5,70,350,Cash,Kolkata
TXN104650,2025-02-25,CUST791,Beverages,Sunbean Coffee,4,180,720,UPI,Delhi
TXN104651,2025-06-24,CUST873,Beverages,B Natural Juice,4,40,160,UPI,Mumbai
TXN104652,2025-01-23,CUST462,Personal Care,Vivel Soap,1,35,35,Cash,Mumbai
TXN104653,2025-02-25,CUST841,Personal Care,Savlon Handwash,3,95,285,Cash,Kolkata
TXN104654,2025-04-03,CUST771,Personal Care,Savlon Sanitizer,2,70,140,Card,Bangalore
TXN104655,2025-06-16,CUST825,FMCG,Aashirvaad Atta,1,65,65,Card,Delhi
TXN104656,2025-04-09,CUST676,Beverages,B Natural Juice,1,40,40,Card,Hyderabad
TXN104657,2025-01-25,CUST817,Personal Care,Savlon Handwash,3,95,285,UPI,Chennai
TXN104658,2025-05-09,CUST473,FMCG,Aashirvaad Atta,3,65,195,Cash,Chennai
TXN104659,2025-02-02,CUST590,Personal Care,Vivel Soap,4,35,140,UPI,Mumbai
TXN104660,2025-04-12,CUST911,Personal Care,Vivel Soap,5,35,175,UPI,Delhi
TXN104661,2025-05-28,CUST246,Beverages,Sunbean Coffee,4,180,720,Card,Delhi
TXN104662,2025-06-11,CUST864,Personal Care,Savlon Handwash,5,95,475,Cash,Mumbai
TXN104663,2025-01-24,CUST158,FMCG,Aashirvaad Atta,1,65,65,Card,Chennai
TXN104664,2025-06-14,CUST952,Personal Care,Savlon Handwash,3,95,285,Cash,Chennai
TXN104665,2025-01-12,CUST851,Snacks,Bingo Chips,2,20,40,Card,Chennai
TXN104666,2025-04-13,CUST266,Personal Care,Vivel Soap,4,35,140,Card,Hyderabad
TXN104667,2025-01-14,CUST297,Personal Care,Savlon Sanitizer,2,70,140,Cash,Kolkata
TXN104668,2025-06-11,CUST372,Snacks,Bingo Mad Angles,1,25,25,Cash,Chennai
TXN104669,2025-05-05,CUST142,Beverages,B Natural Juice,1,40,40,UPI,Hyderabad
TXN104670,2025-06-07,CUST951,Snacks,Bingo Chips,4,20,80,Card,Hyderabad
TXN104671,2025-04-15,CUST841,Snacks,Bingo Chips,2,20,40,Card,Delhi
TXN104672,2025-03-30,CUST778,Personal Care,Savlon Sanitizer,1,70,70,UPI,Bangalore
TXN104673,2025-01-23,CUST269,Beverages,B Natural Juice,5,40,200,UPI,Mumbai
TXN104674,2025-05-12,CUST437,Snacks,Bingo Chips,1,20,20,UPI,Delhi
TXN104675,2025-03-10,CUST474,Personal Care,Savlon Sanitizer,5,70,350,Card,Mumbai
TXN104676,2025-03-31,CUST860,Personal Care,Savlon Handwash,5,95,475,Cash,Kolkata
TXN104677,2025-01-09,CUST910,Snacks,Bingo Chips,2,20,40,Card,Mumbai
TXN104678,2025-05-01,CUST958,Snacks,Bingo Chips,3,20,60,UPI,Hyderabad
TXN104679,2025-04-04,CUST905,Personal Care,Savlon Sanitizer,2,70,140,Cash,Hyderabad
TXN104680,2025-06-30,CUST222,FMCG,Aashirvaad Atta,3,65,195,Card,Bangalore
TXN104681,2025-06-21,CUST174,Beverages,B Natural Juice,4,40,160,Cash,Kolkata
TXN104682,2025-05-09,CUST394,FMCG,Aashirvaad Atta,1,65,65,Card,Chennai
TXN104683,2025-03-06,CUST693,Personal Care,Vivel Soap,4,35,140,Cash,Bangalore
TXN104684,2025-03-28,CUST107,Beverages,B Natural Juice,5,40,200,Cash,Hyderabad
TXN104685,2025-02-18,CUST968,Beverages,B Natural Juice,2,40,80,UPI,Bangalore
TXN104686,2025-05-14,CUST145,Beverages,Sunbean Coffee,1,180,180,UPI,Delhi
TXN104687,2025-01-30,CUST383,Personal Care,Vivel Soap,4,35,140,Cash,Kolkata
TXN104688,2025-04-06,CUST130,Personal Care,Savlon Sanitizer,5,70,350,Cash,Chennai
TXN104689,2025-02-19,CUST279,Personal Care,Savlon Handwash,4,95,380,Cash,Delhi
TXN104690,2025-05-22,CUST254,Personal Care,Vivel Soap,4,35,140,Card,Kolkata
TXN104691,2025-01-04,CUST702,Beverages,B Natural Juice,1,40,40,UPI,Bangalore
TXN104692,2025-02-23,CUST805,Personal Care,Vivel Soap,2,35,70,Cash,Kolkata
TXN104693,2025-03-07,CUST313,FMCG,Aashirvaad Atta,4,65,260,Card,Bangalore
TXN104694,2025-05-26,CUST786,Snacks,Bingo Mad Angles,4,25,100,Cash,Hyderabad
TXN104695,2025-05-22,CUST630,Beverages,Sunbean Coffee,5,180,900,Cash,Delhi
TXN104696,2025-04-02,CUST450,Personal Care,Savlon Handwash,4,95,380,Cash,Hyderabad
TXN104697,2025-05-20,CUST446,Personal Care,Vivel Soap,5,35,175,Cash,Bangalore
TXN104698,2025-02-16,CUST639,Personal Care,Vivel Soap,4,35,140,Card,Hyderabad
TXN104699,2025-04-18,CUST986,Beverages,B Natural Juice,4,40,160,UPI,Delhi
TXN104700,2025-05-13,CUST391,FMCG,Aashirvaad Atta,2,65,130,UPI,Mumbai
TXN104701,2025-02-03,CUST471,FMCG,Aashirvaad Atta,3,65,195,UPI,Chennai
TXN104702,2025-04-16,CUST555,FMCG,Aashirvaad Atta,3,65,195,UPI,Chennai
TXN104703,2025-06-28,CUST722,Beverages,Sunbean Coffee,4,180,720,UPI,Mumbai
TXN104704,2025-04-09,CUST259,Personal Care,Savlon Handwash,5,95,475,Card,Delhi
TXN104705,2025-04-17,CUST700,FMCG,Aashirvaad Atta,1,65,65,Card,Bangalore
TXN104706,2025-01-28,CUST477,Beverages,Sunbean Coffee,1,180,180,Card,Bangalore
TXN104707,2025-01-30,CUST547,Personal Care,Savlon Sanitizer,3,70,210,Card,Delhi
TXN104708,2025-02-15,CUST261,Personal Care,Vivel Soap,5,35,175,Card,Mumbai
TXN104709,2025-05-14,CUST643,Snacks,Bingo Mad Angles,1,25,25,Card,Kolkata
TXN104710,2025-01-10,CUST767,Snacks,Bingo Chips,3,20,60,Cash,Mumbai
TXN104711,2025-04-05,CUST228,Beverages,B Natural Juice,5,40,200,UPI,Bangalore
TXN104712,2025-02-05,CUST778,Snacks,Bingo Chips,2,20,40,UPI,Delhi
TXN104713,2025-06-12,CUST544,Personal Care,Savlon Sanitizer,1,70,70,Card,Delhi
TXN104714,2025-02-01,CUST865,Snacks,Bingo Chips,4,20,80,Card,Chennai
TXN104715,2025-05-29,CUST787,Personal Care,Savlon Sanitizer,3,70,210,Cash,Hyderabad
TXN104716,2025-05-28,CUST272,Snacks,Bingo Mad Angles,5,25,125,Cash,Chennai
TXN104717,2025-06-19,CUST659,Snacks,Bingo Mad Angles,2,25,50,UPI,Delhi
TXN104718,2025-01-12,CUST782,FMCG,Aashirvaad Atta,2,65,130,Cash,Kolkata
TXN104719,2025-03-04,CUST502,Beverages,Sunbean Coffee,2,180,360,Cash,Bangalore
TXN104720,2025-04-10,CUST553,FMCG,Aashirvaad Atta,5,65,325,UPI,Kolkata
TXN104721,2025-01-30,CUST723,Snacks,Bingo Chips,3,20,60,UPI,Kolkata
TXN104722,2025-04-18,CUST499,Personal Care,Vivel Soap,3,35,105,Card,Delhi
TXN104723,2025-03-28,CUST163,Beverages,Sunbean Coffee,5,180,900,Cash,Hyderabad
TXN104724,2025-06-26,CUST515,Snacks,Bingo Chips,4,20,80,Card,Hyderabad
TXN104725,2025-04-12,CUST481,Personal Care,Savlon Sanitizer,1,70,70,Card,Delhi
TXN104726,2025-01-31,CUST405,FMCG,Aashirvaad Atta,3,65,195,UPI,Mumbai
TXN104727,2025-03-23,CUST345,Personal Care,Savlon Handwash,2,95,190,Card,Hyderabad
TXN104728,2025-06-04,CUST667,Beverages,B Natural Juice,4,40,160,Card,Bangalore
TXN104729,2025-04-16,CUST700,Personal Care,Vivel Soap,5,35,175,UPI,Kolkata
TXN104730,2025-02-23,CUST369,Personal Care,Vivel Soap,5,35,175,Card,Mumbai
TXN104731,2025-02-27,CUST423,Snacks,Bingo Chips,2,20,40,Card,Delhi
TXN104732,2025-06-19,CUST843,Snacks,Bingo Mad Angles,1,25,25,Cash,Delhi
TXN104733,2025-03-12,CUST570,Beverages,Sunbean Coffee,4,180,720,UPI,Hyderabad
TXN104734,2025-04-25,CUST729,FMCG,Aashirvaad Atta,4,65,260,Cash,Delhi
TXN104735,2025-02-20,CUST544,FMCG,Aashirvaad Atta,3,65,195,UPI,Bangalore
TXN104736,2025-05-28,CUST692,Personal Care,Savlon Handwash,3,95,285,Card,Mumbai
TXN104737,2025-01-26,CUST963,Personal Care,Vivel Soap,1,35,35,Cash,Kolkata
TXN104738,2025-03-06,CUST652,Personal Care,Vivel Soap,4,35,140,Cash,Hyderabad
TXN104739,2025-02-08,CUST278,Snacks,Bingo Mad Angles,3,25,75,Cash,Bangalore
TXN104740,2025-03-21,CUST431,FMCG,Aashirvaad Atta,5,65,325,Card,Kolkata
TXN104741,2025-02-27,CUST159,Snacks,Bingo Mad Angles,3,25,75,Card,Chennai
TXN104742,2025-03-19,CUST276,Personal Care,Savlon Handwash,5,95,475,Cash,Chennai
TXN104743,2025-02-08,CUST712,Personal Care,Vivel Soap,3,35,105,Card,Delhi
TXN104744,2025-06-06,CUST280,Personal Care,Savlon Sanitizer,3,70,210,UPI,Bangalore
TXN104745,2025-06-15,CUST553,Personal Care,Savlon Sanitizer,3,70,210,Card,Chennai
TXN104746,2025-05-04,CUST567,FMCG,Aashirvaad Atta,5,65,325,Card,Mumbai
TXN104747,2025-06-16,CUST589,Snacks,Bingo Mad Angles,1,25,25,Card,Hyderabad
TXN104748,2025-04-25,CUST215,FMCG,Aashirvaad Atta,3,65,195,Card,Hyderabad
TXN104749,2025-05-07,CUST457,Snacks,Bingo Chips,1,20,20,Card,Kolkata
TXN104750,2025-02-12,CUST960,Personal Care,Vivel Soap,2,35,70,UPI,Bangalore
TXN104751,2025-06-12,CUST293,Snacks,Bingo Mad Angles,1,25,25,Card,Mumbai
TXN104752,2025-02-23,CUST843,Personal Care,Savlon Sanitizer,2,70,140,UPI,Kolkata
TXN104753,2025-02-02,CUST113,FMCG,Aashirvaad Atta,5,65,325,Cash,Hyderabad
TXN104754,2025-05-10,CUST889,Beverages,Sunbean Coffee,5,180,900,UPI,Mumbai
TXN104755,2025-01-10,CUST268,Snacks,Bingo Chips,4,20,80,Cash,Delhi
TXN104756,2025-04-01,CUST116,Snacks,Bingo Mad Angles,2,25,50,UPI,Chennai
TXN104757,2025-01-31,CUST931,Beverages,B Natural Juice,3,40,120,Card,Mumbai
TXN104758,2025-01-07,CUST970,FMCG,Aashirvaad Atta,4,65,260,Cash,Mumbai
TXN104759,2025-01-01,CUST726,Beverages,B Natural Juice,1,40,40,Cash,Delhi
TXN104760,2025-06-20,CUST141,Snacks,Bingo Mad Angles,5,25,125,UPI,Hyderabad
TXN104761,2025-01-10,CUST477,Personal Care,Savlon Handwash,2,95,190,Card,Bangalore
TXN104762,2025-02-15,CUST274,Snacks,Bingo Mad Angles,4,25,100,UPI,Bangalore
TXN104763,2025-03-24,CUST666,Snacks,Bingo Chips,4,20,80,UPI,Kolkata
TXN104764,2025-03-10,CUST276,Personal Care,Savlon Sanitizer,1,70,70,Cash,Hyderabad
TXN104765,2025-02-04,CUST233,Personal Care,Vivel Soap,4,35,140,UPI,Kolkata
TXN104766,2025-01-03,CUST814,Snacks,Bingo Mad Angles,5,25,125,Card,Bangalore
TXN104767,2025-03-06,CUST578,Snacks,Bingo Chips,4,20,80,UPI,Hyderabad
TXN104768,2025-05-05,CUST598,Snacks,Bingo Chips,2,20,40,Card,Kolkata
TXN104769,2025-01-25,CUST653,Personal Care,Vivel Soap,2,35,70,Cash,Hyderabad
TXN104770,2025-05-10,CUST578,Snacks,Bingo Chips,2,20,40,UPI,Chennai
TXN104771,2025-04-21,CUST202,Personal Care,Savlon Handwash,3,95,285,Cash,Delhi
TXN104772,2025-03-01,CUST585,Snacks,Bingo Chips,4,20,80,Cash,Bangalore
TXN104773,2025-01-05,CUST952,Personal Care,Savlon Sanitizer,3,70,210,Card,Bangalore
TXN104774,2025-02-05,CUST433,Beverages,Sunbean Coffee,3,180,540,Cash,Bangalore
TXN104775,2025-05-12,CUST638,Personal Care,Savlon Sanitizer,1,70,70,Card,Delhi
TXN104776,2025-04-12,CUST981,Beverages,Sunbean Coffee,5,180,900,Card,Kolkata
TXN104777,2025-03-17,CUST435,Personal Care,Savlon Sanitizer,4,70,280,Card,Chennai
TXN104778,2025-03-08,CUST908,FMCG,Aashirvaad Atta,2,65,130,Card,Bangalore
TXN104779,2025-04-04,CUST603,Beverages,Sunbean Coffee,1,180,180,UPI,Hyderabad
TXN104780,2025-03-09,CUST631,FMCG,Aashirvaad Atta,3,65,195,Cash,Mumbai
TXN104781,2025-04-29,CUST948,Snacks,Bingo Chips,4,20,80,Cash,Mumbai
TXN104782,2025-06-03,CUST291,Snacks,Bingo Chips,5,20,100,Card,Bangalore
TXN104783,2025-06-23,CUST256,Beverages,B Natural Juice,3,40,120,Cash,Hyderabad
TXN104784,2025-06-10,CUST107,Personal Care,Savlon Handwash,5,95,475,Cash,Chennai
TXN104785,2025-01-11,CUST697,Personal Care,Savlon Handwash,1,95,95,Cash,Chennai
TXN104786,2025-03-19,CUST788,FMCG,Aashirvaad Atta,5,65,325,Cash,Hyderabad
TXN104787,2025-01-29,CUST303,Snacks,Bingo Chips,4,20,80,UPI,Kolkata
TXN104788,2025-06-22,CUST894,Snacks,Bingo Chips,3,20,60,UPI,Bangalore
TXN104789,2025-01-16,CUST952,Beverages,Sunbean Coffee,4,180,720,Cash,Hyderabad
TXN104790,2025-06-21,CUST908,Beverages,Sunbean Coffee,3,180,540,Cash,Delhi
TXN104791,2025-04-26,CUST812,Personal Care,Vivel Soap,4,35,140,Cash,Chennai
TXN104792,2025-05-12,CUST994,Snacks,Bingo Chips,1,20,20,Card,Bangalore
TXN104793,2025-06-22,CUST943,Personal Care,Savlon Handwash,4,95,380,Card,Kolkata
TXN104794,2025-01-22,CUST230,Personal Care,Savlon Handwash,2,95,190,UPI,Hyderabad
TXN104795,2025-05-14,CUST941,Snacks,Bingo Chips,1,20,20,UPI,Hyderabad
TXN104796,2025-03-24,CUST115,FMCG,Aashirvaad Atta,2,65,130,UPI,Mumbai
TXN104797,2025-02-14,CUST525,Snacks,Bingo Chips,2,20,40,UPI,Chennai
TXN104798,2025-05-26,CUST227,Personal Care,Savlon Sanitizer,4,70,280,Cash,Chennai
TXN104799,2025-01-05,CUST805,Personal Care,Savlon Handwash,3,95,285,Cash,Chennai
TXN104800,2025-06-18,CUST838,Snacks,Bingo Chips,2,20,40,Card,Chennai
TXN104801,2025-04-16,CUST738,Snacks,Bingo Mad Angles,1,25,25,Card,Delhi
TXN104802,2025-05-17,CUST641,Personal Care,Savlon Handwash,1,95,95,UPI,Kolkata
TXN104803,2025-02-24,CUST910,Beverages,B Natural Juice,1,40,40,Cash,Chennai
TXN104804,2025-05-25,CUST112,Beverages,Sunbean Coffee,4,180,720,Card,Delhi
TXN104805,2025-02-10,CUST175,Beverages,Sunbean Coffee,5,180,900,UPI,Mumbai
TXN104806,2025-05-23,CUST220,Personal Care,Vivel Soap,4,35,140,UPI,Kolkata
TXN104807,2025-06-18,CUST951,Snacks,Bingo Chips,4,20,80,Card,Chennai
TXN104808,2025-01-07,CUST502,Snacks,Bingo Chips,1,20,20,Cash,Chennai
TXN104809,2025-03-17,CUST137,Snacks,Bingo Chips,1,20,20,UPI,Hyderabad
TXN104810,2025-01-11,CUST768,Snacks,Bingo Chips,5,20,100,UPI,Bangalore
TXN104811,2025-05-08,CUST578,Beverages,Sunbean Coffee,2,180,360,Card,Chennai
TXN104812,2025-05-07,CUST929,Personal Care,Vivel Soap,2,35,70,UPI,Mumbai
TXN104813,2025-03-30,CUST848,Snacks,Bingo Chips,1,20,20,Card,Mumbai
TXN104814,2025-05-15,CUST748,Personal Care,Savlon Handwash,1,95,95,Card,Chennai
TXN104815,2025-06-03,CUST563,Personal Care,Savlon Sanitizer,1,70,70,UPI,Bangalore
TXN104816,2025-05-22,CUST189,Snacks,Bingo Chips,5,20,100,Card,Chennai
TXN104817,2025-05-26,CUST164,Personal Care,Vivel Soap,3,35,105,UPI,Hyderabad
TXN104818,2025-05-25,CUST405,Beverages,B Natural Juice,4,40,160,Cash,Hyderabad
TXN104819,2025-02-14,CUST262,Beverages,B Natural Juice,1,40,40,UPI,Chennai
TXN104820,2025-06-30,CUST404,Snacks,Bingo Chips,2,20,40,Card,Kolkata
TXN104821,2025-03-20,CUST604,FMCG,Aashirvaad Atta,1,65,65,UPI,Bangalore
TXN104822,2025-05-13,CUST103,FMCG,Aashirvaad Atta,1,65,65,Card,Bangalore
TXN104823,2025-05-14,CUST265,Personal Care,Savlon Sanitizer,5,70,350,Card,Hyderabad
TXN104824,2025-01-17,CUST287,Personal Care,Savlon Sanitizer,4,70,280,Cash,Hyderabad
TXN104825,2025-01-31,CUST559,FMCG,Aashirvaad Atta,3,65,195,Cash,Hyderabad
TXN104826,2025-05-15,CUST821,Snacks,Bingo Mad Angles,5,25,125,Cash,Chennai
TXN104827,2025-06-01,CUST163,Beverages,Sunbean Coffee,2,180,360,UPI,Mumbai
TXN104828,2025-01-11,CUST440,Snacks,Bingo Chips,1,20,20,Card,Mumbai
TXN104829,2025-01-19,CUST447,Snacks,Bingo Chips,2,20,40,Card,Mumbai
TXN104830,2025-06-01,CUST540,Snacks,Bingo Mad Angles,5,25,125,Card,Hyderabad
TXN104831,2025-02-11,CUST814,Snacks,Bingo Mad Angles,2,25,50,UPI,Kolkata
TXN104832,2025-03-01,CUST687,FMCG,Aashirvaad Atta,4,65,260,Cash,Kolkata
TXN104833,2025-04-17,CUST194,Personal Care,Vivel Soap,4,35,140,Card,Chennai
TXN104834,2025-05-13,CUST565,Personal Care,Savlon Sanitizer,1,70,70,Cash,Chennai
TXN104835,2025-06-20,CUST135,Beverages,Sunbean Coffee,1,180,180,Card,Mumbai
TXN104836,2025-02-06,CUST866,Personal Care,Vivel Soap,3,35,105,Card,Chennai
TXN104837,2025-01-02,CUST286,Beverages,Sunbean Coffee,1,180,180,Cash,Delhi
TXN104838,2025-04-14,CUST244,Beverages,B Natural Juice,3,40,120,Card,Bangalore
TXN104839,2025-01-06,CUST963,Personal Care,Savlon Handwash,4,95,380,Cash,Kolkata
TXN104840,2025-01-06,CUST658,Beverages,Sunbean Coffee,3,180,540,Card,Kolkata
TXN104841,2025-06-08,CUST357,Snacks,Bingo Mad Angles,5,25,125,Card,Bangalore
TXN104842,2025-04-09,CUST471,Beverages,Sunbean Coffee,4,180,720,Cash,Mumbai
TXN104843,2025-01-11,CUST998,Personal Care,Savlon Handwash,3,95,285,UPI,Mumbai
TXN104844,2025-05-20,CUST890,FMCG,Aashirvaad Atta,3,65,195,Cash,Mumbai
TXN104845,2025-01-29,CUST842,Beverages,Sunbean Coffee,1,180,180,Cash,Mumbai
TXN104846,2025-06-12,CUST358,Snacks,Bingo Chips,3,20,60,UPI,Kolkata
TXN104847,2025-01-08,CUST867,Personal Care,Vivel Soap,1,35,35,Cash,Kolkata
TXN104848,2025-01-15,CUST725,Beverages,Sunbean Coffee,2,180,360,UPI,Bangalore
TXN104849,2025-04-19,CUST491,Snacks,Bingo Mad Angles,5,25,125,Card,Chennai
TXN104850,2025-05-25,CUST565,Personal Care,Savlon Handwash,5,95,475,Cash,Mumbai
TXN104851,2025-02-14,CUST928,Snacks,Bingo Mad Angles,2,25,50,Card,Bangalore
TXN104852,2025-04-18,CUST776,Snacks,Bingo Mad Angles,1,25,25,UPI,Bangalore
TXN104853,2025-01-15,CUST806,Beverages,Sunbean Coffee,4,180,720,UPI,Bangalore
TXN104854,2025-06-16,CUST378,FMCG,Aashirvaad Atta,4,65,260,Card,Bangalore
TXN104855,2025-02-16,CUST237,Personal Care,Vivel Soap,4,35,140,Card,Chennai
TXN104856,2025-06-12,CUST794,Personal Care,Savlon Handwash,3,95,285,UPI,Hyderabad
TXN104857,2025-04-17,CUST387,Snacks,Bingo Chips,2,20,40,UPI,Hyderabad
TXN104858,2025-04-22,CUST519,Personal Care,Vivel Soap,4,35,140,Cash,Mumbai
TXN104859,2025-04-02,CUST126,Beverages,Sunbean Coffee,2,180,360,Cash,Hyderabad
TXN104860,2025-03-22,CUST954,Snacks,Bingo Mad Angles,5,25,125,UPI,Kolkata
TXN104861,2025-06-11,CUST791,Personal Care,Savlon Sanitizer,1,70,70,Cash,Hyderabad
TXN104862,2025-05-29,CUST255,Personal Care,Savlon Handwash,5,95,475,UPI,Kolkata
TXN104863,2025-04-23,CUST928,Snacks,Bingo Chips,2,20,40,UPI,Chennai
TXN104864,2025-04-14,CUST170,Beverages,B Natural Juice,1,40,40,Cash,Kolkata
TXN104865,2025-01-11,CUST423,Personal Care,Vivel Soap,4,35,140,Card,Hyderabad
TXN104866,2025-02-02,CUST687,Personal Care,Vivel Soap,1,35,35,Card,Hyderabad
TXN104867,2025-01-16,CUST518,Personal Care,Vivel Soap,2,35,70,Cash,Chennai
TXN104868,2025-05-10,CUST226,Snacks,Bingo Chips,1,20,20,UPI,Mumbai
TXN104869,2025-05-28,CUST151,Snacks,Bingo Chips,4,20,80,UPI,Hyderabad
TXN104870,2025-03-21,CUST728,Beverages,B Natural Juice,5,40,200,Card,Mumbai
TXN104871,2025-03-09,CUST919,Personal Care,Savlon Handwash,4,95,380,UPI,Delhi
TXN104872,2025-03-27,CUST507,Personal Care,Vivel Soap,1,35,35,UPI,Bangalore
TXN104873,2025-05-08,CUST409,Snacks,Bingo Chips,4,20,80,UPI,Chennai
TXN104874,2025-05-13,CUST547,Personal Care,Savlon Sanitizer,3,70,210,Cash,Mumbai
TXN104875,2025-03-31,CUST412,Beverages,B Natural Juice,2,40,80,Cash,Mumbai
TXN104876,2025-06-26,CUST659,Snacks,Bingo Chips,5,20,100,Card,Bangalore
TXN104877,2025-05-22,CUST338,Personal Care,Savlon Sanitizer,2,70,140,UPI,Kolkata
TXN104878,2025-06-18,CUST521,Personal Care,Savlon Sanitizer,4,70,280,Card,Delhi
TXN104879,2025-03-11,CUST188,Beverages,Sunbean Coffee,4,180,720,Cash,Kolkata
TXN104880,2025-03-27,CUST647,Snacks,Bingo Chips,4,20,80,Cash,Kolkata
TXN104881,2025-04-26,CUST414,Personal Care,Savlon Handwash,4,95,380,UPI,Bangalore
TXN104882,2025-05-05,CUST276,Personal Care,Savlon Sanitizer,5,70,350,Cash,Bangalore
TXN104883,2025-03-20,CUST868,Beverages,Sunbean Coffee,2,180,360,UPI,Hyderabad
TXN104884,2025-06-15,CUST163,Personal Care,Vivel Soap,5,35,175,Cash,Bangalore
TXN104885,2025-04-28,CUST143,Snacks,Bingo Mad Angles,2,25,50,Card,Chennai
TXN104886,2025-06-28,CUST861,Personal Care,Savlon Sanitizer,4,70,280,UPI,Mumbai
TXN104887,2025-04-24,CUST110,Personal Care,Savlon Handwash,4,95,380,Card,Chennai
TXN104888,2025-04-03,CUST580,Personal Care,Savlon Handwash,1,95,95,Card,Mumbai
TXN104889,2025-03-18,CUST269,Personal Care,Savlon Sanitizer,2,70,140,Card,Hyderabad
TXN104890,2025-05-25,CUST387,FMCG,Aashirvaad Atta,5,65,325,Card,Bangalore
TXN104891,2025-02-27,CUST184,Beverages,B Natural Juice,4,40,160,UPI,Bangalore
TXN104892,2025-02-11,CUST477,Personal Care,Savlon Handwash,1,95,95,Cash,Bangalore
TXN104893,2025-05-29,CUST438,Snacks,Bingo Mad Angles,5,25,125,Cash,Delhi
TXN104894,2025-01-18,CUST522,Personal Care,Savlon Sanitizer,3,70,210,UPI,Bangalore
TXN104895,2025-02-03,CUST878,Personal Care,Savlon Handwash,1,95,95,UPI,Kolkata
TXN104896,2025-06-02,CUST660,Snacks,Bingo Mad Angles,3,25,75,Cash,Delhi
TXN104897,2025-02-08,CUST106,Snacks,Bingo Mad Angles,5,25,125,Cash,Chennai
TXN104898,2025-04-03,CUST903,Beverages,Sunbean Coffee,4,180,720,UPI,Delhi
TXN104899,2025-02-23,CUST413,Personal Care,Savlon Handwash,1,95,95,Cash,Hyderabad
TXN104900,2025-05-07,CUST319,Snacks,Bingo Mad Angles,2,25,50,Cash,Mumbai
TXN104901,2025-04-15,CUST985,Beverages,B Natural Juice,2,40,80,Cash,Bangalore
TXN104902,2025-06-28,CUST665,Beverages,B Natural Juice,2,40,80,Cash,Mumbai
TXN104903,2025-02-05,CUST618,Beverages,Sunbean Coffee,2,180,360,Cash,Bangalore
TXN104904,2025-05-27,CUST539,FMCG,Aashirvaad Atta,1,65,65,UPI,Hyderabad
TXN104905,2025-05-31,CUST908,Snacks,Bingo Mad Angles,5,25,125,UPI,Mumbai
TXN104906,2025-05-03,CUST410,Beverages,B Natural Juice,2,40,80,UPI,Bangalore
TXN104907,2025-03-20,CUST931,FMCG,Aashirvaad Atta,4,65,260,Cash,Kolkata
TXN104908,2025-01-26,CUST169,FMCG,Aashirvaad Atta,5,65,325,Cash,Chennai
TXN104909,2025-01-15,CUST307,Snacks,Bingo Mad Angles,1,25,25,UPI,Mumbai
TXN104910,2025-02-15,CUST553,Snacks,Bingo Mad Angles,4,25,100,UPI,Bangalore
TXN104911,2025-06-05,CUST753,Personal Care,Savlon Sanitizer,1,70,70,UPI,Bangalore
TXN104912,2025-04-07,CUST192,FMCG,Aashirvaad Atta,1,65,65,Card,Kolkata
TXN104913,2025-04-13,CUST941,Beverages,Sunbean Coffee,5,180,900,Cash,Mumbai
TXN104914,2025-01-16,CUST658,Snacks,Bingo Mad Angles,3,25,75,Cash,Hyderabad
TXN104915,2025-06-07,CUST273,Personal Care,Vivel Soap,3,35,105,UPI,Hyderabad
TXN104916,2025-06-30,CUST213,FMCG,Aashirvaad Atta,2,65,130,Cash,Bangalore
TXN104917,2025-04-09,CUST108,Beverages,Sunbean Coffee,1,180,180,UPI,Mumbai
TXN104918,2025-06-03,CUST876,Personal Care,Savlon Sanitizer,2,70,140,UPI,Chennai
TXN104919,2025-02-04,CUST314,FMCG,Aashirvaad Atta,4,65,260,UPI,Mumbai
TXN104920,2025-05-22,CUST667,Beverages,B Natural Juice,2,40,80,UPI,Chennai
TXN104921,2025-05-10,CUST963,Personal Care,Vivel Soap,2,35,70,UPI,Bangalore
TXN104922,2025-02-26,CUST315,Snacks,Bingo Chips,2,20,40,UPI,Mumbai
TXN104923,2025-06-29,CUST631,Snacks,Bingo Chips,5,20,100,Cash,Bangalore
TXN104924,2025-01-13,CUST969,Beverages,B Natural Juice,4,40,160,Cash,Mumbai
TXN104925,2025-04-28,CUST582,Personal Care,Savlon Sanitizer,4,70,280,Card,Hyderabad
TXN104926,2025-03-03,CUST881,Beverages,B Natural Juice,4,40,160,UPI,Mumbai
TXN104927,2025-05-17,CUST856,Beverages,Sunbean Coffee,3,180,540,UPI,Delhi
TXN104928,2025-01-17,CUST685,Beverages,B Natural Juice,2,40,80,Cash,Delhi
TXN104929,2025-06-30,CUST266,Snacks,Bingo Mad Angles,4,25,100,Cash,Chennai
TXN104930,2025-01-24,CUST218,Personal Care,Vivel Soap,1,35,35,Card,Delhi
TXN104931,2025-01-12,CUST249,Snacks,Bingo Mad Angles,1,25,25,Card,Chennai
TXN104932,2025-04-15,CUST187,Personal Care,Savlon Handwash,1,95,95,UPI,Chennai
TXN104933,2025-02-04,CUST923,Beverages,B Natural Juice,3,40,120,Card,Hyderabad
TXN104934,2025-03-30,CUST870,Personal Care,Vivel Soap,4,35,140,UPI,Mumbai
TXN104935,2025-06-10,CUST957,Beverages,Sunbean Coffee,2,180,360,Cash,Kolkata
TXN104936,2025-01-31,CUST476,FMCG,Aashirvaad Atta,4,65,260,UPI,Bangalore
TXN104937,2025-04-04,CUST243,Personal Care,Vivel Soap,1,35,35,Card,Bangalore
TXN104938,2025-02-15,CUST363,Snacks,Bingo Mad Angles,2,25,50,UPI,Chennai
TXN104939,2025-02-14,CUST203,Snacks,Bingo Mad Angles,1,25,25,UPI,Kolkata
TXN104940,2025-06-16,CUST259,Beverages,Sunbean Coffee,1,180,180,Cash,Hyderabad
TXN104941,2025-04-24,CUST967,Personal Care,Savlon Sanitizer,5,70,350,Card,Kolkata
TXN104942,2025-05-17,CUST992,FMCG,Aashirvaad Atta,3,65,195,Card,Delhi
TXN104943,2025-05-11,CUST563,Beverages,Sunbean Coffee,3,180,540,UPI,Hyderabad
TXN104944,2025-01-26,CUST344,Snacks,Bingo Chips,1,20,20,Card,Delhi
TXN104945,2025-05-24,CUST712,Beverages,B Natural Juice,1,40,40,UPI,Delhi
TXN104946,2025-01-22,CUST203,FMCG,Aashirvaad Atta,4,65,260,Card,Chennai
TXN104947,2025-05-12,CUST414,Personal Care,Vivel Soap,3,35,105,Cash,Chennai
TXN104948,2025-04-01,CUST231,Personal Care,Vivel Soap,2,35,70,Card,Bangalore
TXN104949,2025-03-12,CUST218,Personal Care,Vivel Soap,2,35,70,UPI,Bangalore
TXN104950,2025-02-16,CUST980,Snacks,Bingo Mad Angles,3,25,75,Cash,Chennai
TXN104951,2025-05-17,CUST151,Snacks,Bingo Chips,1,20,20,UPI,Mumbai
TXN104952,2025-06-08,CUST618,Personal Care,Vivel Soap,4,35,140,Card,Chennai
TXN104953,2025-03-27,CUST327,Personal Care,Savlon Sanitizer,2,70,140,Card,Bangalore
TXN104954,2025-05-27,CUST782,Personal Care,Vivel Soap,3,35,105,Card,Bangalore
TXN104955,2025-01-10,CUST122,Personal Care,Savlon Sanitizer,4,70,280,Card,Kolkata
TXN104956,2025-03-12,CUST558,Snacks,Bingo Mad Angles,1,25,25,Card,Bangalore
TXN104957,2025-03-26,CUST450,Beverages,Sunbean Coffee,3,180,540,UPI,Delhi
TXN104958,2025-05-02,CUST390,Beverages,B Natural Juice,4,40,160,UPI,Mumbai
TXN104959,2025-06-01,CUST115,Beverages,B Natural Juice,4,40,160,UPI,Mumbai
TXN104960,2025-02-20,CUST551,Personal Care,Savlon Sanitizer,1,70,70,UPI,Mumbai
TXN104961,2025-01-19,CUST687,Personal Care,Savlon Sanitizer,3,70,210,UPI,Mumbai
TXN104962,2025-05-19,CUST293,FMCG,Aashirvaad Atta,4,65,260,UPI,Delhi
TXN104963,2025-04-29,CUST835,FMCG,Aashirvaad Atta,4,65,260,Card,Chennai
TXN104964,2025-05-13,CUST325,Personal Care,Vivel Soap,5,35,175,UPI,Hyderabad
TXN104965,2025-06-12,CUST740,Personal Care,Savlon Handwash,4,95,380,UPI,Mumbai
TXN104966,2025-05-20,CUST528,Snacks,Bingo Chips,2,20,40,UPI,Bangalore
TXN104967,2025-01-29,CUST190,Snacks,Bingo Chips,3,20,60,Cash,Bangalore
TXN104968,2025-06-13,CUST522,Beverages,Sunbean Coffee,3,180,540,Card,Kolkata
TXN104969,2025-04-18,CUST216,Beverages,B Natural Juice,5,40,200,Cash,Hyderabad
TXN104970,2025-03-07,CUST218,FMCG,Aashirvaad Atta,4,65,260,Card,Hyderabad
TXN104971,2025-03-22,CUST329,Snacks,Bingo Mad Angles,5,25,125,Card,Kolkata
TXN104972,2025-03-08,CUST387,Beverages,Sunbean Coffee,2,180,360,Card,Mumbai
TXN104973,2025-02-19,CUST821,Personal Care,Vivel Soap,4,35,140,UPI,Mumbai
TXN104974,2025-06-06,CUST663,Beverages,B Natural Juice,5,40,200,Card,Delhi
TXN104975,2025-01-10,CUST374,Beverages,Sunbean Coffee,5,180,900,Card,Kolkata
TXN104976,2025-02-02,CUST300,Beverages,Sunbean Coffee,5,180,900,Card,Mumbai
TXN104977,2025-05-25,CUST267,Beverages,Sunbean Coffee,2,180,360,Cash,Hyderabad
TXN104978,2025-02-03,CUST734,Personal Care,Vivel Soap,1,35,35,Card,Kolkata
TXN104979,2025-06-29,CUST891,Personal Care,Savlon Sanitizer,2,70,140,Card,Chennai
TXN104980,2025-06-19,CUST894,Personal Care,Savlon Handwash,4,95,380,Card,Mumbai
TXN104981,2025-04-23,CUST664,Personal Care,Savlon Handwash,1,95,95,Cash,Delhi
TXN104982,2025-04-14,CUST259,Beverages,Sunbean Coffee,2,180,360,UPI,Bangalore
TXN104983,2025-01-09,CUST253,FMCG,Aashirvaad Atta,1,65,65,Card,Mumbai
TXN104984,2025-02-04,CUST983,Personal Care,Savlon Sanitizer,4,70,280,Card,Mumbai
TXN104985,2025-03-11,CUST210,Personal Care,Vivel Soap,1,35,35,UPI,Chennai
TXN104986,2025-03-02,CUST408,Snacks,Bingo Mad Angles,1,25,25,UPI,Kolkata
TXN104987,2025-06-09,CUST135,Beverages,B Natural Juice,5,40,200,Card,Hyderabad
TXN104988,2025-01-22,CUST853,Personal Care,Savlon Sanitizer,2,70,140,UPI,Kolkata
TXN104989,2025-04-21,CUST696,Snacks,Bingo Mad Angles,3,25,75,Cash,Bangalore
TXN104990,2025-06-16,CUST911,Snacks,Bingo Mad Angles,5,25,125,UPI,Delhi
TXN104991,2025-05-19,CUST200,Beverages,B Natural Juice,1,40,40,Cash,Mumbai
TXN104992,2025-06-28,CUST106,Snacks,Bingo Mad Angles,4,25,100,Cash,Bangalore
TXN104993,2025-04-06,CUST363,Beverages,B Natural Juice,2,40,80,UPI,Bangalore
TXN104994,2025-01-19,CUST448,Personal Care,Vivel Soap,2,35,70,UPI,Chennai
TXN104995,2025-06-01,CUST195,Beverages,Sunbean Coffee,1,180,180,UPI,Kolkata
TXN104996,2025-04-03,CUST825,Personal Care,Savlon Handwash,4,95,380,UPI,Kolkata
TXN104997,2025-05-12,CUST236,Beverages,Sunbean Coffee,2,180,360,UPI,Chennai
TXN104998,2025-06-28,CUST621,Personal Care,Savlon Sanitizer,5,70,350,Card,Delhi
TXN104999,2025-02-03,CUST650,Beverages,Sunbean Coffee,1,180,180,Cash,Bangalore
TXN105000,2025-03-28,CUST472,Personal Care,Savlon Handwash,3,95,285,UPI,Delhi
TXN105001,2025-06-04,CUST772,Snacks,Bingo Chips,3,20,60,Cash,Bangalore
TXN105002,2025-02-21,CUST721,Beverages,Sunbean Coffee,5,180,900,UPI,Mumbai
TXN105003,2025-05-24,CUST882,Snacks,Bingo Mad Angles,1,25,25,UPI,Delhi
TXN105004,2025-06-03,CUST971,Snacks,Bingo Chips,2,20,40,Cash,Hyderabad
TXN105005,2025-03-29,CUST474,Snacks,Bingo Chips,4,20,80,UPI,Mumbai
TXN105006,2025-01-24,CUST614,Snacks,Bingo Mad Angles,1,25,25,Cash,Chennai
TXN105007,2025-04-20,CUST586,Personal Care,Savlon Sanitizer,2,70,140,UPI,Hyderabad
TXN105008,2025-01-12,CUST250,FMCG,Aashirvaad Atta,1,65,65,Cash,Kolkata
TXN105009,2025-06-28,CUST238,Snacks,Bingo Mad Angles,5,25,125,UPI,Mumbai
TXN105010,2025-06-11,CUST926,Personal Care,Vivel Soap,3,35,105,Cash,Hyderabad
TXN105011,2025-02-04,CUST177,Snacks,Bingo Mad Angles,1,25,25,Card,Delhi
TXN105012,2025-02-19,CUST433,Personal Care,Vivel Soap,2,35,70,Card,Bangalore
TXN105013,2025-04-04,CUST313,Beverages,Sunbean Coffee,3,180,540,UPI,Chennai
TXN105014,2025-05-03,CUST809,Snacks,Bingo Mad Angles,1,25,25,Cash,Bangalore
TXN105015,2025-03-10,CUST523,Personal Care,Vivel Soap,3,35,105,Card,Chennai
TXN105016,2025-04-20,CUST333,Personal Care,Savlon Sanitizer,4,70,280,Cash,Delhi
TXN105017,2025-01-24,CUST271,Personal Care,Savlon Sanitizer,3,70,210,Card,Hyderabad
TXN105018,2025-04-14,CUST578,Personal Care,Savlon Handwash,1,95,95,UPI,Kolkata
TXN105019,2025-01-03,CUST601,Beverages,B Natural Juice,4,40,160,Card,Hyderabad
TXN105020,2025-02-12,CUST948,Personal Care,Savlon Handwash,2,95,190,UPI,Chennai
TXN105021,2025-06-21,CUST525,Beverages,Sunbean Coffee,1,180,180,Cash,Mumbai
TXN105022,2025-06-24,CUST946,Personal Care,Savlon Sanitizer,2,70,140,Card,Hyderabad
TXN105023,2025-04-11,CUST911,Personal Care,Vivel Soap,1,35,35,UPI,Hyderabad
TXN105024,2025-01-07,CUST141,Beverages,B Natural Juice,1,40,40,Card,Hyderabad
TXN105025,2025-02-08,CUST293,Snacks,Bingo Mad Angles,1,25,25,Card,Delhi
TXN105026,2025-03-05,CUST904,Personal Care,Savlon Handwash,2,95,190,Cash,Hyderabad
TXN105027,2025-02-27,CUST182,Beverages,Sunbean Coffee,2,180,360,Card,Delhi
TXN105028,2025-03-19,CUST774,Personal Care,Savlon Handwash,3,95,285,Card,Bangalore
TXN105029,2025-03-04,CUST165,Beverages,B Natural Juice,3,40,120,UPI,Bangalore
TXN105030,2025-04-15,CUST538,Snacks,Bingo Mad Angles,2,25,50,Card,Mumbai
TXN105031,2025-05-10,CUST673,Beverages,Sunbean Coffee,4,180,720,Card,Mumbai
TXN105032,2025-05-31,CUST164,Beverages,B Natural Juice,5,40,200,Cash,Chennai
TXN105033,2025-04-29,CUST313,Beverages,Sunbean Coffee,5,180,900,Cash,Delhi
TXN105034,2025-04-13,CUST404,Beverages,B Natural Juice,2,40,80,Cash,Bangalore
TXN105035,2025-02-09,CUST433,Personal Care,Savlon Sanitizer,3,70,210,UPI,Hyderabad
TXN105036,2025-06-10,CUST971,Beverages,Sunbean Coffee,5,180,900,Card,Hyderabad
TXN105037,2025-06-13,CUST149,FMCG,Aashirvaad Atta,4,65,260,UPI,Kolkata
TXN105038,2025-04-12,CUST947,Personal Care,Savlon Sanitizer,1,70,70,Card,Kolkata
TXN105039,2025-04-20,CUST598,FMCG,Aashirvaad Atta,5,65,325,Cash,Mumbai
TXN105040,2025-06-25,CUST314,FMCG,Aashirvaad Atta,2,65,130,Card,Mumbai
TXN105041,2025-01-17,CUST888,Beverages,B Natural Juice,4,40,160,UPI,Hyderabad
TXN105042,2025-05-28,CUST244,Personal Care,Savlon Sanitizer,1,70,70,Card,Kolkata
TXN105043,2025-03-08,CUST564,Personal Care,Savlon Handwash,2,95,190,Cash,Chennai
TXN105044,2025-02-24,CUST868,Beverages,Sunbean Coffee,5,180,900,Cash,Kolkata
TXN105045,2025-01-14,CUST391,Personal Care,Vivel Soap,3,35,105,Card,Mumbai
TXN105046,2025-04-24,CUST817,FMCG,Aashirvaad Atta,1,65,65,UPI,Chennai
TXN105047,2025-04-10,CUST101,FMCG,Aashirvaad Atta,1,65,65,Card,Delhi
TXN105048,2025-04-01,CUST684,Personal Care,Savlon Handwash,4,95,380,Cash,Hyderabad
TXN105049,2025-03-20,CUST326,Snacks,Bingo Mad Angles,5,25,125,Cash,Delhi
TXN105050,2025-03-26,CUST912,Beverages,B Natural Juice,3,40,120,Cash,Delhi
TXN105051,2025-03-14,CUST801,Beverages,Sunbean Coffee,2,180,360,Card,Kolkata
TXN105052,2025-01-25,CUST385,Personal Care,Savlon Handwash,3,95,285,Cash,Chennai
TXN105053,2025-02-18,CUST836,Personal Care,Savlon Sanitizer,2,70,140,Cash,Chennai
TXN105054,2025-03-30,CUST177,Beverages,B Natural Juice,4,40,160,Cash,Hyderabad
TXN105055,2025-04-11,CUST253,Beverages,Sunbean Coffee,3,180,540,UPI,Bangalore
TXN105056,2025-04-28,CUST602,Personal Care,Savlon Handwash,1,95,95,UPI,Chennai
TXN105057,2025-06-17,CUST537,Personal Care,Vivel Soap,3,35,105,UPI,Delhi
TXN105058,2025-02-22,CUST760,Personal Care,Savlon Sanitizer,5,70,350,Cash,Delhi
TXN105059,2025-04-04,CUST911,Snacks,Bingo Mad Angles,5,25,125,UPI,Mumbai
TXN105060,2025-04-17,CUST964,Beverages,Sunbean Coffee,4,180,720,Card,Delhi
TXN105061,2025-02-08,CUST434,Personal Care,Savlon Handwash,4,95,380,Cash,Bangalore
TXN105062,2025-06-11,CUST656,Personal Care,Savlon Sanitizer,5,70,350,UPI,Kolkata
TXN105063,2025-03-28,CUST262,Snacks,Bingo Chips,3,20,60,Cash,Bangalore
TXN105064,2025-03-01,CUST608,Beverages,B Natural Juice,2,40,80,UPI,Chennai
TXN105065,2025-01-27,CUST704,Personal Care,Savlon Handwash,3,95,285,Cash,Kolkata
TXN105066,2025-05-14,CUST757,Personal Care,Savlon Sanitizer,4,70,280,Card,Bangalore
TXN105067,2025-05-25,CUST369,Personal Care,Savlon Sanitizer,1,70,70,UPI,Chennai
TXN105068,2025-05-05,CUST121,Beverages,Sunbean Coffee,2,180,360,UPI,Chennai
TXN105069,2025-02-08,CUST765,Snacks,Bingo Mad Angles,5,25,125,UPI,Delhi
TXN105070,2025-04-26,CUST833,Snacks,Bingo Chips,4,20,80,Card,Mumbai
TXN105071,2025-03-30,CUST227,Personal Care,Vivel Soap,3,35,105,UPI,Chennai
TXN105072,2025-02-01,CUST617,Snacks,Bingo Chips,4,20,80,UPI,Mumbai
TXN105073,2025-04-23,CUST186,Personal Care,Savlon Sanitizer,5,70,350,Cash,Kolkata
TXN105074,2025-04-01,CUST168,Personal Care,Savlon Handwash,1,95,95,UPI,Bangalore
TXN105075,2025-03-28,CUST752,Snacks,Bingo Chips,1,20,20,Cash,Chennai
TXN105076,2025-02-21,CUST945,Personal Care,Savlon Handwash,1,95,95,Card,Delhi
TXN105077,2025-02-13,CUST465,Snacks,Bingo Mad Angles,5,25,125,UPI,Hyderabad
TXN105078,2025-02-21,CUST345,Personal Care,Savlon Sanitizer,1,70,70,UPI,Chennai
TXN105079,2025-06-18,CUST224,Beverages,Sunbean Coffee,2,180,360,Cash,Bangalore
TXN105080,2025-05-26,CUST721,Snacks,Bingo Mad Angles,1,25,25,Card,Chennai
TXN105081,2025-03-24,CUST564,Snacks,Bingo Chips,3,20,60,Cash,Delhi
TXN105082,2025-05-04,CUST387,Beverages,B Natural Juice,3,40,120,Card,Kolkata
TXN105083,2025-03-22,CUST590,Snacks,Bingo Chips,3,20,60,Cash,Delhi
TXN105084,2025-06-30,CUST500,Personal Care,Savlon Sanitizer,1,70,70,Card,Kolkata
TXN105085,2025-02-21,CUST959,FMCG,Aashirvaad Atta,4,65,260,Cash,Delhi
TXN105086,2025-04-28,CUST481,Beverages,Sunbean Coffee,1,180,180,Card,Mumbai
TXN105087,2025-05-16,CUST491,Snacks,Bingo Mad Angles,4,25,100,UPI,Bangalore
TXN105088,2025-04-27,CUST217,Beverages,Sunbean Coffee,1,180,180,UPI,Chennai
TXN105089,2025-06-10,CUST790,Personal Care,Savlon Handwash,3,95,285,Cash,Delhi
TXN105090,2025-01-06,CUST179,Personal Care,Savlon Handwash,4,95,380,UPI,Hyderabad
TXN105091,2025-05-20,CUST981,Snacks,Bingo Chips,3,20,60,Card,Chennai
TXN105092,2025-03-18,CUST881,Personal Care,Vivel Soap,1,35,35,Card,Chennai
TXN105093,2025-05-08,CUST946,Snacks,Bingo Mad Angles,1,25,25,UPI,Delhi
TXN105094,2025-06-25,CUST173,Snacks,Bingo Chips,2,20,40,Cash,Kolkata
TXN105095,2025-02-17,CUST238,FMCG,Aashirvaad Atta,2,65,130,Card,Bangalore
TXN105096,2025-02-11,CUST805,Snacks,Bingo Chips,1,20,20,Card,Kolkata
TXN105097,2025-01-20,CUST304,Personal Care,Vivel Soap,2,35,70,Card,Kolkata
TXN105098,2025-01-05,CUST395,Personal Care,Savlon Sanitizer,4,70,280,UPI,Mumbai
TXN105099,2025-01-24,CUST707,FMCG,Aashirvaad Atta,4,65,260,UPI,Hyderabad
TXN105100,2025-02-25,CUST861,Personal Care,Savlon Sanitizer,4,70,280,UPI,Bangalore
TXN105101,2025-06-30,CUST806,FMCG,Aashirvaad Atta,3,65,195,Card,Delhi
TXN105102,2025-02-21,CUST871,Snacks,Bingo Chips,3,20,60,UPI,Delhi
TXN105103,2025-05-28,CUST397,Personal Care,Vivel Soap,4,35,140,Cash,Delhi
TXN105104,2025-04-13,CUST436,FMCG,Aashirvaad Atta,2,65,130,Card,Delhi
TXN105105,2025-05-19,CUST783,Beverages,Sunbean Coffee,5,180,900,Cash,Kolkata
TXN105106,2025-02-06,CUST650,Personal Care,Savlon Handwash,1,95,95,Card,Delhi
TXN105107,2025-06-25,CUST815,FMCG,Aashirvaad Atta,4,65,260,UPI,Kolkata
TXN105108,2025-06-09,CUST984,Personal Care,Savlon Sanitizer,4,70,280,UPI,Hyderabad
TXN105109,2025-02-16,CUST212,Snacks,Bingo Chips,5,20,100,Card,Chennai
TXN105110,2025-04-10,CUST347,FMCG,Aashirvaad Atta,2,65,130,UPI,Mumbai
TXN105111,2025-05-01,CUST637,Personal Care,Savlon Handwash,1,95,95,UPI,Chennai
TXN105112,2025-05-15,CUST542,FMCG,Aashirvaad Atta,5,65,325,Cash,Mumbai
TXN105113,2025-04-20,CUST481,Personal Care,Savlon Sanitizer,5,70,350,Cash,Mumbai
TXN105114,2025-05-07,CUST811,Snacks,Bingo Mad Angles,4,25,100,Card,Mumbai
TXN105115,2025-04-01,CUST359,Personal Care,Vivel Soap,1,35,35,UPI,Chennai
TXN105116,2025-03-06,CUST384,Personal Care,Savlon Sanitizer,3,70,210,Card,Hyderabad
TXN105117,2025-05-14,CUST537,Personal Care,Savlon Sanitizer,1,70,70,Cash,Chennai
TXN105118,2025-06-21,CUST352,Beverages,B Natural Juice,3,40,120,Card,Delhi
TXN105119,2025-03-23,CUST266,Personal Care,Savlon Handwash,2,95,190,Cash,Chennai
TXN105120,2025-02-25,CUST225,Beverages,Sunbean Coffee,1,180,180,UPI,Mumbai
TXN105121,2025-03-22,CUST206,Personal Care,Savlon Sanitizer,3,70,210,UPI,Hyderabad
TXN105122,2025-04-03,CUST948,Personal Care,Savlon Handwash,5,95,475,Card,Hyderabad
TXN105123,2025-06-14,CUST277,Personal Care,Vivel Soap,5,35,175,Card,Hyderabad
TXN105124,2025-05-06,CUST997,FMCG,Aashirvaad Atta,2,65,130,UPI,Delhi
TXN105125,2025-01-06,CUST169,FMCG,Aashirvaad Atta,3,65,195,Card,Kolkata
TXN105126,2025-01-24,CUST443,FMCG,Aashirvaad Atta,5,65,325,Cash,Hyderabad
TXN105127,2025-01-02,CUST154,Beverages,B Natural Juice,4,40,160,Cash,Mumbai
TXN105128,2025-03-04,CUST724,Snacks,Bingo Chips,5,20,100,Cash,Chennai
TXN105129,2025-03-19,CUST379,Snacks,Bingo Chips,4,20,80,UPI,Bangalore
TXN105130,2025-06-08,CUST384,Snacks,Bingo Mad Angles,2,25,50,Card,Kolkata
TXN105131,2025-01-12,CUST351,Beverages,Sunbean Coffee,2,180,360,Card,Delhi
TXN105132,2025-05-14,CUST386,Beverages,B Natural Juice,4,40,160,Cash,Mumbai
TXN105133,2025-05-03,CUST974,Personal Care,Savlon Sanitizer,3,70,210,UPI,Delhi
TXN105134,2025-05-10,CUST190,Beverages,B Natural Juice,4,40,160,UPI,Bangalore
TXN105135,2025-03-13,CUST575,Personal Care,Savlon Sanitizer,1,70,70,UPI,Mumbai
TXN105136,2025-05-08,CUST573,Personal Care,Savlon Sanitizer,3,70,210,Cash,Mumbai
TXN105137,2025-04-20,CUST635,Personal Care,Savlon Sanitizer,2,70,140,UPI,Mumbai
TXN105138,2025-06-07,CUST831,Personal Care,Savlon Handwash,2,95,190,UPI,Delhi
TXN105139,2025-06-06,CUST971,Beverages,B Natural Juice,2,40,80,Cash,Delhi
TXN105140,2025-05-27,CUST479,Snacks,Bingo Chips,3,20,60,UPI,Kolkata
TXN105141,2025-02-18,CUST756,Snacks,Bingo Mad Angles,4,25,100,Card,Kolkata
TXN105142,2025-05-27,CUST136,Beverages,B Natural Juice,4,40,160,UPI,Delhi
TXN105143,2025-04-06,CUST433,FMCG,Aashirvaad Atta,4,65,260,Card,Hyderabad
TXN105144,2025-06-28,CUST432,Snacks,Bingo Chips,2,20,40,UPI,Delhi
TXN105145,2025-05-18,CUST504,Snacks,Bingo Chips,1,20,20,Cash,Delhi
TXN105146,2025-03-27,CUST684,Personal Care,Vivel Soap,5,35,175,UPI,Delhi
TXN105147,2025-02-01,CUST636,Personal Care,Savlon Handwash,3,95,285,Card,Mumbai
TXN105148,2025-01-13,CUST155,Beverages,Sunbean Coffee,1,180,180,Card,Bangalore
TXN105149,2025-02-07,CUST905,Personal Care,Vivel Soap,4,35,140,UPI,Bangalore
TXN105150,2025-05-22,CUST845,Beverages,B Natural Juice,3,40,120,Cash,Chennai
TXN105151,2025-02-24,CUST469,Beverages,Sunbean Coffee,4,180,720,UPI,Mumbai
TXN105152,2025-06-03,CUST765,Snacks,Bingo Mad Angles,1,25,25,UPI,Bangalore
TXN105153,2025-04-10,CUST855,Personal Care,Savlon Sanitizer,2,70,140,UPI,Delhi
TXN105154,2025-05-09,CUST586,Snacks,Bingo Chips,2,20,40,Cash,Bangalore
TXN105155,2025-02-27,CUST855,Snacks,Bingo Mad Angles,3,25,75,UPI,Mumbai
TXN105156,2025-01-11,CUST656,Beverages,Sunbean Coffee,1,180,180,Cash,Chennai
TXN105157,2025-05-23,CUST632,Personal Care,Vivel Soap,3,35,105,Cash,Hyderabad
TXN105158,2025-02-02,CUST721,Snacks,Bingo Mad Angles,2,25,50,Card,Mumbai
TXN105159,2025-03-07,CUST821,Snacks,Bingo Mad Angles,3,25,75,UPI,Hyderabad
TXN105160,2025-03-18,CUST834,Beverages,Sunbean Coffee,2,180,360,Card,Kolkata
TXN105161,2025-06-05,CUST261,Beverages,Sunbean Coffee,2,180,360,Card,Delhi
TXN105162,2025-02-25,CUST533,Personal Care,Savlon Handwash,2,95,190,Card,Hyderabad
TXN105163,2025-05-07,CUST775,Personal Care,Vivel Soap,3,35,105,Card,Hyderabad
TXN105164,2025-04-19,CUST801,Personal Care,Savlon Sanitizer,2,70,140,Card,Kolkata
TXN105165,2025-06-24,CUST959,Personal Care,Savlon Sanitizer,4,70,280,UPI,Mumbai
TXN105166,2025-01-06,CUST382,Snacks,Bingo Mad Angles,2,25,50,UPI,Chennai
TXN105167,2025-06-30,CUST245,Beverages,B Natural Juice,5,40,200,UPI,Delhi
TXN105168,2025-05-27,CUST805,Personal Care,Savlon Handwash,4,95,380,UPI,Hyderabad
TXN105169,2025-06-01,CUST839,Beverages,B Natural Juice,5,40,200,UPI,Mumbai
TXN105170,2025-02-02,CUST350,Beverages,B Natural Juice,1,40,40,Card,Chennai
TXN105171,2025-03-05,CUST293,Beverages,B Natural Juice,1,40,40,Card,Kolkata
TXN105172,2025-05-07,CUST214,Snacks,Bingo Chips,1,20,20,Cash,Mumbai
TXN105173,2025-05-28,CUST227,FMCG,Aashirvaad Atta,5,65,325,UPI,Bangalore
TXN105174,2025-05-21,CUST877,Snacks,Bingo Mad Angles,2,25,50,Card,Delhi
TXN105175,2025-04-05,CUST373,Beverages,Sunbean Coffee,4,180,720,Card,Bangalore
TXN105176,2025-01-01,CUST298,Personal Care,Savlon Sanitizer,3,70,210,Card,Hyderabad
TXN105177,2025-01-06,CUST430,Personal Care,Savlon Sanitizer,1,70,70,Cash,Chennai
TXN105178,2025-04-08,CUST231,Personal Care,Savlon Handwash,2,95,190,UPI,Bangalore
TXN105179,2025-06-12,CUST238,Snacks,Bingo Mad Angles,5,25,125,Card,Hyderabad
TXN105180,2025-01-31,CUST226,Snacks,Bingo Mad Angles,3,25,75,Cash,Bangalore
TXN105181,2025-01-15,CUST545,Personal Care,Savlon Sanitizer,3,70,210,Card,Hyderabad
TXN105182,2025-02-04,CUST470,Beverages,Sunbean Coffee,4,180,720,Card,Bangalore
TXN105183,2025-01-04,CUST227,FMCG,Aashirvaad Atta,2,65,130,Card,Delhi
TXN105184,2025-05-21,CUST657,Personal Care,Savlon Handwash,3,95,285,Card,Mumbai
TXN105185,2025-05-04,CUST830,Snacks,Bingo Mad Angles,3,25,75,Cash,Chennai
TXN105186,2025-03-25,CUST841,Personal Care,Vivel Soap,5,35,175,Cash,Mumbai
TXN105187,2025-04-19,CUST793,Personal Care,Vivel Soap,1,35,35,UPI,Mumbai
TXN105188,2025-02-01,CUST825,FMCG,Aashirvaad Atta,5,65,325,Card,Kolkata
TXN105189,2025-01-02,CUST286,Snacks,Bingo Mad Angles,4,25,100,Card,Hyderabad
TXN105190,2025-03-03,CUST910,Beverages,Sunbean Coffee,1,180,180,Card,Hyderabad
TXN105191,2025-02-13,CUST132,Personal Care,Savlon Sanitizer,2,70,140,Card,Mumbai
TXN105192,2025-06-22,CUST958,Beverages,Sunbean Coffee,4,180,720,Card,Delhi
TXN105193,2025-04-12,CUST125,Snacks,Bingo Chips,5,20,100,Cash,Chennai
TXN105194,2025-06-30,CUST403,Personal Care,Savlon Handwash,4,95,380,UPI,Kolkata
TXN105195,2025-04-09,CUST559,Personal Care,Savlon Handwash,2,95,190,Card,Kolkata
TXN105196,2025-01-17,CUST765,Beverages,Sunbean Coffee,4,180,720,Cash,Bangalore
TXN105197,2025-06-21,CUST941,Beverages,B Natural Juice,4,40,160,Cash,Bangalore
TXN105198,2025-04-16,CUST492,Snacks,Bingo Chips,5,20,100,UPI,Hyderabad
TXN105199,2025-05-22,CUST478,Personal Care,Vivel Soap,2,35,70,UPI,Mumbai
TXN105200,2025-02-11,CUST589,Personal Care,Savlon Sanitizer,2,70,140,Card,Bangalore
TXN105201,2025-02-26,CUST673,FMCG,Aashirvaad Atta,4,65,260,Cash,Delhi
TXN105202,2025-03-12,CUST385,FMCG,Aashirvaad Atta,3,65,195,UPI,Bangalore
TXN105203,2025-06-14,CUST859,Personal Care,Savlon Handwash,3,95,285,Cash,Bangalore
TXN105204,2025-01-15,CUST821,Beverages,Sunbean Coffee,1,180,180,Cash,Mumbai
TXN105205,2025-05-31,CUST865,Snacks,Bingo Mad Angles,5,25,125,UPI,Hyderabad
TXN105206,2025-03-10,CUST968,Snacks,Bingo Chips,1,20,20,UPI,Mumbai
TXN105207,2025-06-04,CUST983,Snacks,Bingo Mad Angles,4,25,100,Cash,Hyderabad
TXN105208,2025-01-08,CUST478,Snacks,Bingo Chips,4,20,80,Card,Mumbai
TXN105209,2025-04-15,CUST621,Snacks,Bingo Mad Angles,2,25,50,Card,Delhi
TXN105210,2025-04-09,CUST280,Snacks,Bingo Chips,4,20,80,UPI,Mumbai
TXN105211,2025-04-03,CUST718,FMCG,Aashirvaad Atta,3,65,195,UPI,Kolkata
TXN105212,2025-06-04,CUST106,Snacks,Bingo Chips,5,20,100,Cash,Kolkata
TXN105213,2025-02-21,CUST639,Personal Care,Vivel Soap,4,35,140,Card,Chennai
TXN105214,2025-01-24,CUST911,Beverages,B Natural Juice,1,40,40,Card,Chennai
TXN105215,2025-04-05,CUST838,Personal Care,Vivel Soap,5,35,175,Card,Hyderabad
TXN105216,2025-02-09,CUST781,Personal Care,Savlon Sanitizer,1,70,70,UPI,Bangalore
TXN105217,2025-03-16,CUST480,Personal Care,Savlon Handwash,5,95,475,Card,Mumbai
TXN105218,2025-05-07,CUST935,Beverages,Sunbean Coffee,4,180,720,Cash,Chennai
TXN105219,2025-01-08,CUST345,Personal Care,Savlon Sanitizer,3,70,210,Cash,Delhi
TXN105220,2025-06-02,CUST716,FMCG,Aashirvaad Atta,4,65,260,Card,Chennai
TXN105221,2025-01-28,CUST317,FMCG,Aashirvaad Atta,2,65,130,UPI,Mumbai
TXN105222,2025-03-19,CUST450,Beverages,B Natural Juice,2,40,80,Cash,Bangalore
TXN105223,2025-06-19,CUST617,Personal Care,Vivel Soap,5,35,175,Cash,Mumbai
TXN105224,2025-04-13,CUST172,Snacks,Bingo Chips,5,20,100,Cash,Kolkata
TXN105225,2025-03-16,CUST308,Beverages,B Natural Juice,5,40,200,UPI,Delhi
TXN105226,2025-01-13,CUST402,Snacks,Bingo Chips,4,20,80,Cash,Chennai
TXN105227,2025-05-02,CUST721,Personal Care,Vivel Soap,3,35,105,Cash,Delhi
TXN105228,2025-06-26,CUST481,Snacks,Bingo Mad Angles,1,25,25,Card,Kolkata
TXN105229,2025-04-22,CUST447,Snacks,Bingo Chips,5,20,100,Card,Delhi
TXN105230,2025-05-11,CUST174,Snacks,Bingo Chips,1,20,20,Card,Delhi
TXN105231,2025-04-08,CUST823,Personal Care,Savlon Handwash,1,95,95,Cash,Hyderabad
TXN105232,2025-02-24,CUST576,Beverages,B Natural Juice,4,40,160,Card,Hyderabad
TXN105233,2025-06-06,CUST822,Snacks,Bingo Mad Angles,3,25,75,Cash,Chennai
TXN105234,2025-05-27,CUST500,Snacks,Bingo Chips,5,20,100,UPI,Hyderabad
TXN105235,2025-05-26,CUST955,Snacks,Bingo Mad Angles,4,25,100,Cash,Kolkata
TXN105236,2025-06-16,CUST300,Personal Care,Savlon Sanitizer,4,70,280,Cash,Mumbai
TXN105237,2025-03-08,CUST427,Snacks,Bingo Mad Angles,4,25,100,Cash,Bangalore
TXN105238,2025-01-21,CUST947,Personal Care,Vivel Soap,2,35,70,UPI,Chennai
TXN105239,2025-02-22,CUST377,Personal Care,Vivel Soap,4,35,140,Card,Mumbai
TXN105240,2025-03-11,CUST943,Personal Care,Savlon Handwash,3,95,285,Cash,Hyderabad
TXN105241,2025-01-20,CUST786,Beverages,B Natural Juice,4,40,160,Card,Chennai
TXN105242,2025-04-05,CUST719,Personal Care,Savlon Sanitizer,2,70,140,Cash,Kolkata
TXN105243,2025-03-05,CUST134,Personal Care,Savlon Sanitizer,5,70,350,Card,Kolkata
TXN105244,2025-06-25,CUST427,Personal Care,Vivel Soap,1,35,35,Cash,Mumbai
TXN105245,2025-04-18,CUST925,Personal Care,Vivel Soap,3,35,105,UPI,Kolkata
TXN105246,2025-01-13,CUST838,Personal Care,Vivel Soap,4,35,140,Card,Mumbai
TXN105247,2025-03-27,CUST442,Personal Care,Savlon Handwash,1,95,95,UPI,Delhi
TXN105248,2025-01-16,CUST989,Beverages,B Natural Juice,1,40,40,UPI,Delhi
TXN105249,2025-02-08,CUST679,Personal Care,Savlon Sanitizer,1,70,70,UPI,Delhi
TXN105250,2025-05-06,CUST470,Beverages,B Natural Juice,3,40,120,UPI,Bangalore
TXN105251,2025-01-29,CUST979,Beverages,B Natural Juice,4,40,160,Card,Hyderabad
TXN105252,2025-06-22,CUST828,Beverages,B Natural Juice,3,40,120,Cash,Hyderabad
TXN105253,2025-01-15,CUST699,Beverages,Sunbean Coffee,3,180,540,UPI,Chennai
TXN105254,2025-01-06,CUST884,Snacks,Bingo Chips,4,20,80,Card,Chennai
TXN105255,2025-01-14,CUST960,Personal Care,Savlon Sanitizer,3,70,210,Card,Bangalore
TXN105256,2025-04-05,CUST669,FMCG,Aashirvaad Atta,4,65,260,UPI,Kolkata
TXN105257,2025-03-05,CUST270,FMCG,Aashirvaad Atta,4,65,260,Card,Chennai
TXN105258,2025-02-10,CUST774,FMCG,Aashirvaad Atta,2,65,130,Cash,Hyderabad
TXN105259,2025-03-13,CUST447,Beverages,Sunbean Coffee,2,180,360,UPI,Delhi
TXN105260,2025-05-04,CUST388,Snacks,Bingo Mad Angles,4,25,100,UPI,Delhi
TXN105261,2025-01-29,CUST774,Beverages,Sunbean Coffee,5,180,900,Card,Chennai
TXN105262,2025-05-04,CUST708,FMCG,Aashirvaad Atta,5,65,325,Card,Bangalore
TXN105263,2025-05-04,CUST601,FMCG,Aashirvaad Atta,3,65,195,Card,Delhi
TXN105264,2025-04-04,CUST552,Beverages,Sunbean Coffee,1,180,180,Card,Chennai
TXN105265,2025-01-28,CUST749,Beverages,B Natural Juice,2,40,80,Card,Kolkata
TXN105266,2025-03-17,CUST916,Beverages,Sunbean Coffee,5,180,900,UPI,Mumbai
TXN105267,2025-01-18,CUST113,Beverages,Sunbean Coffee,3,180,540,Cash,Bangalore
TXN105268,2025-02-06,CUST188,Personal Care,Savlon Sanitizer,1,70,70,Card,Delhi
TXN105269,2025-02-14,CUST636,Beverages,Sunbean Coffee,1,180,180,Card,Hyderabad
TXN105270,2025-05-07,CUST739,Snacks,Bingo Chips,5,20,100,Card,Delhi
TXN105271,2025-04-26,CUST797,Personal Care,Savlon Sanitizer,4,70,280,Cash,Hyderabad
TXN105272,2025-02-23,CUST885,Personal Care,Savlon Handwash,4,95,380,Cash,Bangalore
TXN105273,2025-03-23,CUST928,Personal Care,Vivel Soap,2,35,70,Cash,Hyderabad
TXN105274,2025-06-27,CUST140,Snacks,Bingo Chips,4,20,80,Card,Chennai
TXN105275,2025-06-08,CUST344,Beverages,B Natural Juice,5,40,200,Card,Hyderabad
TXN105276,2025-03-14,CUST777,Snacks,Bingo Mad Angles,5,25,125,Card,Bangalore
TXN105277,2025-01-30,CUST716,Personal Care,Vivel Soap,5,35,175,Card,Mumbai
TXN105278,2025-01-18,CUST320,Beverages,B Natural Juice,3,40,120,Card,Hyderabad
TXN105279,2025-01-05,CUST751,Snacks,Bingo Chips,5,20,100,Card,Kolkata
TXN105280,2025-02-24,CUST297,Snacks,Bingo Chips,5,20,100,UPI,Delhi
TXN105281,2025-05-21,CUST590,Beverages,B Natural Juice,2,40,80,UPI,Mumbai
TXN105282,2025-03-15,CUST436,FMCG,Aashirvaad Atta,2,65,130,UPI,Hyderabad
TXN105283,2025-02-17,CUST346,Personal Care,Savlon Handwash,3,95,285,UPI,Mumbai
TXN105284,2025-02-20,CUST906,FMCG,Aashirvaad Atta,2,65,130,Cash,Kolkata
TXN105285,2025-06-24,CUST686,Personal Care,Savlon Handwash,3,95,285,Card,Kolkata
TXN105286,2025-05-13,CUST932,Beverages,B Natural Juice,4,40,160,UPI,Chennai
TXN105287,2025-06-27,CUST643,Beverages,Sunbean Coffee,1,180,180,Card,Kolkata
TXN105288,2025-05-22,CUST411,Personal Care,Savlon Sanitizer,5,70,350,Cash,Kolkata
TXN105289,2025-04-05,CUST395,Personal Care,Savlon Handwash,3,95,285,UPI,Chennai
TXN105290,2025-03-25,CUST761,Snacks,Bingo Chips,4,20,80,Card,Chennai
TXN105291,2025-01-01,CUST842,Personal Care,Vivel Soap,2,35,70,Cash,Hyderabad
TXN105292,2025-02-25,CUST602,FMCG,Aashirvaad Atta,5,65,325,UPI,Delhi
TXN105293,2025-05-07,CUST105,Snacks,Bingo Chips,3,20,60,UPI,Hyderabad
TXN105294,2025-06-03,CUST296,Personal Care,Savlon Sanitizer,4,70,280,Card,Mumbai
TXN105295,2025-04-17,CUST729,Beverages,Sunbean Coffee,5,180,900,Cash,Bangalore
TXN105296,2025-03-28,CUST183,Personal Care,Savlon Sanitizer,3,70,210,Card,Bangalore
TXN105297,2025-04-30,CUST348,FMCG,Aashirvaad Atta,2,65,130,UPI,Chennai
TXN105298,2025-04-07,CUST733,Personal Care,Vivel Soap,2,35,70,Cash,Chennai
TXN105299,2025-01-30,CUST460,FMCG,Aashirvaad Atta,4,65,260,Card,Bangalore
TXN105300,2025-03-29,CUST704,Personal Care,Vivel Soap,2,35,70,Cash,Kolkata
TXN105301,2025-02-02,CUST888,Personal Care,Savlon Handwash,5,95,475,Cash,Delhi
TXN105302,2025-02-17,CUST861,FMCG,Aashirvaad Atta,1,65,65,Card,Bangalore
TXN105303,2025-04-29,CUST561,Beverages,B Natural Juice,2,40,80,Card,Bangalore
TXN105304,2025-06-16,CUST969,FMCG,Aashirvaad Atta,5,65,325,Cash,Mumbai
TXN105305,2025-05-05,CUST651,Personal Care,Vivel Soap,1,35,35,Cash,Mumbai
TXN105306,2025-03-28,CUST767,Personal Care,Vivel Soap,4,35,140,UPI,Bangalore
TXN105307,2025-05-18,CUST199,Snacks,Bingo Mad Angles,1,25,25,Card,Hyderabad
TXN105308,2025-04-05,CUST568,Personal Care,Savlon Handwash,3,95,285,UPI,Delhi
TXN105309,2025-01-26,CUST906,Snacks,Bingo Chips,4,20,80,UPI,Delhi
TXN105310,2025-05-04,CUST173,Beverages,Sunbean Coffee,4,180,720,Cash,Hyderabad
TXN105311,2025-01-26,CUST284,Beverages,Sunbean Coffee,2,180,360,Card,Delhi
TXN105312,2025-04-13,CUST497,Snacks,Bingo Chips,5,20,100,UPI,Bangalore
TXN105313,2025-06-28,CUST746,Beverages,Sunbean Coffee,1,180,180,Card,Mumbai
TXN105314,2025-05-13,CUST530,Personal Care,Savlon Sanitizer,2,70,140,Cash,Delhi
TXN105315,2025-01-23,CUST564,Personal Care,Savlon Sanitizer,3,70,210,UPI,Delhi
TXN105316,2025-06-17,CUST855,Beverages,Sunbean Coffee,5,180,900,UPI,Chennai
TXN105317,2025-02-21,CUST395,Personal Care,Vivel Soap,3,35,105,UPI,Bangalore
TXN105318,2025-02-10,CUST761,Beverages,B Natural Juice,2,40,80,Card,Delhi
TXN105319,2025-03-26,CUST758,Snacks,Bingo Chips,5,20,100,Cash,Chennai
TXN105320,2025-02-01,CUST246,Personal Care,Savlon Handwash,2,95,190,UPI,Kolkata
TXN105321,2025-04-21,CUST921,Personal Care,Savlon Handwash,2,95,190,Card,Bangalore
TXN105322,2025-06-01,CUST749,Personal Care,Vivel Soap,4,35,140,Card,Mumbai
TXN105323,2025-01-26,CUST421,Snacks,Bingo Mad Angles,4,25,100,Cash,Bangalore
TXN105324,2025-03-30,CUST717,Snacks,Bingo Mad Angles,1,25,25,Cash,Chennai
TXN105325,2025-06-20,CUST160,Personal Care,Vivel Soap,3,35,105,Card,Kolkata
TXN105326,2025-02-03,CUST732,Snacks,Bingo Mad Angles,5,25,125,Card,Chennai
TXN105327,2025-06-05,CUST534,Beverages,B Natural Juice,2,40,80,Card,Kolkata
TXN105328,2025-03-12,CUST700,Personal Care,Vivel Soap,1,35,35,Card,Mumbai
TXN105329,2025-01-15,CUST300,Snacks,Bingo Chips,4,20,80,Cash,Hyderabad
TXN105330,2025-02-21,CUST741,Personal Care,Savlon Handwash,2,95,190,Card,Bangalore
TXN105331,2025-06-13,CUST980,Beverages,B Natural Juice,2,40,80,Cash,Hyderabad
TXN105332,2025-04-18,CUST147,Snacks,Bingo Mad Angles,3,25,75,Card,Bangalore
TXN105333,2025-06-07,CUST890,Personal Care,Vivel Soap,3,35,105,Cash,Hyderabad
TXN105334,2025-01-17,CUST392,Beverages,B Natural Juice,2,40,80,Cash,Delhi
TXN105335,2025-05-20,CUST721,Personal Care,Savlon Handwash,3,95,285,Card,Bangalore
TXN105336,2025-04-29,CUST445,Beverages,Sunbean Coffee,5,180,900,UPI,Chennai
TXN105337,2025-05-12,CUST160,Snacks,Bingo Mad Angles,5,25,125,Card,Bangalore
TXN105338,2025-03-08,CUST176,Personal Care,Savlon Handwash,3,95,285,UPI,Kolkata
TXN105339,2025-02-19,CUST744,Beverages,Sunbean Coffee,4,180,720,Card,Kolkata
TXN105340,2025-05-31,CUST639,Personal Care,Savlon Sanitizer,2,70,140,UPI,Chennai
TXN105341,2025-05-07,CUST259,Snacks,Bingo Mad Angles,1,25,25,Card,Delhi
TXN105342,2025-06-12,CUST115,Personal Care,Savlon Sanitizer,4,70,280,Cash,Kolkata
TXN105343,2025-06-30,CUST966,Personal Care,Savlon Handwash,3,95,285,UPI,Mumbai
TXN105344,2025-06-14,CUST650,Snacks,Bingo Mad Angles,5,25,125,Cash,Delhi
TXN105345,2025-01-04,CUST864,Beverages,B Natural Juice,1,40,40,Card,Hyderabad
TXN105346,2025-02-08,CUST191,Beverages,Sunbean Coffee,3,180,540,UPI,Kolkata
TXN105347,2025-06-21,CUST495,Snacks,Bingo Chips,2,20,40,Cash,Delhi
TXN105348,2025-01-02,CUST215,Personal Care,Vivel Soap,1,35,35,Card,Bangalore
TXN105349,2025-02-04,CUST856,Snacks,Bingo Chips,4,20,80,Cash,Bangalore
TXN105350,2025-05-02,CUST688,FMCG,Aashirvaad Atta,3,65,195,Card,Kolkata
TXN105351,2025-04-24,CUST301,Beverages,B Natural Juice,1,40,40,Cash,Bangalore
TXN105352,2025-04-07,CUST481,Beverages,Sunbean Coffee,2,180,360,UPI,Bangalore
TXN105353,2025-02-12,CUST850,Snacks,Bingo Mad Angles,5,25,125,Cash,Hyderabad
TXN105354,2025-03-26,CUST347,Snacks,Bingo Chips,4,20,80,UPI,Delhi
TXN105355,2025-01-21,CUST616,FMCG,Aashirvaad Atta,1,65,65,Card,Kolkata
TXN105356,2025-03-24,CUST444,Beverages,Sunbean Coffee,2,180,360,UPI,Delhi
TXN105357,2025-06-27,CUST738,Beverages,Sunbean Coffee,2,180,360,Card,Kolkata
TXN105358,2025-06-01,CUST773,Beverages,Sunbean Coffee,5,180,900,Cash,Chennai
TXN105359,2025-03-23,CUST349,Snacks,Bingo Mad Angles,2,25,50,Card,Bangalore
TXN105360,2025-05-09,CUST388,Personal Care,Savlon Handwash,1,95,95,Cash,Chennai
TXN105361,2025-01-02,CUST133,Snacks,Bingo Chips,2,20,40,Cash,Delhi
TXN105362,2025-02-07,CUST953,Snacks,Bingo Mad Angles,1,25,25,UPI,Bangalore
TXN105363,2025-01-04,CUST745,Snacks,Bingo Mad Angles,4,25,100,UPI,Kolkata
TXN105364,2025-05-23,CUST949,FMCG,Aashirvaad Atta,5,65,325,Cash,Bangalore
TXN105365,2025-06-30,CUST645,Snacks,Bingo Mad Angles,4,25,100,Card,Mumbai
TXN105366,2025-02-01,CUST217,Personal Care,Savlon Sanitizer,2,70,140,Card,Bangalore
TXN105367,2025-04-30,CUST461,Personal Care,Savlon Sanitizer,3,70,210,Cash,Kolkata
TXN105368,2025-04-25,CUST700,Personal Care,Savlon Handwash,5,95,475,Card,Hyderabad
TXN105369,2025-01-30,CUST699,Personal Care,Vivel Soap,3,35,105,Card,Hyderabad
TXN105370,2025-02-22,CUST119,Snacks,Bingo Chips,5,20,100,Card,Chennai
TXN105371,2025-05-17,CUST996,Snacks,Bingo Chips,4,20,80,Card,Bangalore
TXN105372,2025-04-02,CUST440,Personal Care,Savlon Sanitizer,4,70,280,Card,Delhi
TXN105373,2025-06-22,CUST497,Personal Care,Vivel Soap,4,35,140,UPI,Delhi
TXN105374,2025-04-14,CUST682,Personal Care,Vivel Soap,5,35,175,Cash,Hyderabad
TXN105375,2025-02-19,CUST896,FMCG,Aashirvaad Atta,3,65,195,Card,Bangalore
TXN105376,2025-03-17,CUST846,Beverages,Sunbean Coffee,4,180,720,Cash,Mumbai
TXN105377,2025-06-07,CUST695,Personal Care,Savlon Sanitizer,1,70,70,Card,Chennai
TXN105378,2025-03-19,CUST907,Beverages,B Natural Juice,4,40,160,Card,Bangalore
TXN105379,2025-05-31,CUST475,Personal Care,Vivel Soap,4,35,140,Card,Hyderabad
TXN105380,2025-01-01,CUST967,Beverages,Sunbean Coffee,5,180,900,Card,Kolkata
TXN105381,2025-03-11,CUST555,Snacks,Bingo Chips,1,20,20,Cash,Bangalore
TXN105382,2025-05-30,CUST472,Personal Care,Savlon Handwash,3,95,285,Cash,Delhi
TXN105383,2025-05-16,CUST232,FMCG,Aashirvaad Atta,2,65,130,Cash,Delhi
TXN105384,2025-05-08,CUST894,Beverages,B Natural Juice,1,40,40,UPI,Mumbai
TXN105385,2025-04-19,CUST733,Personal Care,Vivel Soap,1,35,35,Cash,Hyderabad
TXN105386,2025-04-20,CUST256,Snacks,Bingo Mad Angles,5,25,125,UPI,Chennai
TXN105387,2025-06-19,CUST469,Beverages,Sunbean Coffee,5,180,900,Card,Delhi
TXN105388,2025-03-30,CUST904,FMCG,Aashirvaad Atta,5,65,325,Card,Delhi
TXN105389,2025-04-27,CUST305,Beverages,Sunbean Coffee,2,180,360,Cash,Chennai
TXN105390,2025-04-15,CUST946,Snacks,Bingo Chips,3,20,60,UPI,Bangalore
TXN105391,2025-04-24,CUST981,Personal Care,Vivel Soap,2,35,70,Cash,Hyderabad
TXN105392,2025-01-30,CUST774,Personal Care,Savlon Handwash,3,95,285,UPI,Delhi
TXN105393,2025-04-17,CUST365,Snacks,Bingo Chips,5,20,100,Cash,Kolkata
TXN105394,2025-02-21,CUST585,Personal Care,Savlon Sanitizer,2,70,140,Card,Hyderabad
TXN105395,2025-06-07,CUST784,Snacks,Bingo Mad Angles,5,25,125,Card,Bangalore
TXN105396,2025-06-01,CUST183,Personal Care,Savlon Sanitizer,4,70,280,UPI,Bangalore
TXN105397,2025-06-04,CUST871,Beverages,B Natural Juice,3,40,120,Cash,Hyderabad
TXN105398,2025-06-11,CUST159,Beverages,Sunbean Coffee,4,180,720,Card,Chennai
TXN105399,2025-03-05,CUST789,Personal Care,Savlon Handwash,3,95,285,UPI,Hyderabad
TXN105400,2025-06-01,CUST984,Snacks,Bingo Chips,3,20,60,Cash,Chennai
TXN105401,2025-01-15,CUST715,Beverages,B Natural Juice,2,40,80,Cash,Bangalore
TXN105402,2025-05-23,CUST842,Personal Care,Savlon Sanitizer,4,70,280,UPI,Kolkata
TXN105403,2025-06-16,CUST208,Beverages,B Natural Juice,3,40,120,Card,Kolkata
TXN105404,2025-04-09,CUST704,FMCG,Aashirvaad Atta,1,65,65,Cash,Delhi
TXN105405,2025-03-06,CUST530,Snacks,Bingo Chips,1,20,20,UPI,Bangalore
TXN105406,2025-06-14,CUST432,Beverages,Sunbean Coffee,1,180,180,Cash,Delhi
TXN105407,2025-04-14,CUST829,Personal Care,Vivel Soap,2,35,70,Cash,Bangalore
TXN105408,2025-06-10,CUST612,Personal Care,Vivel Soap,4,35,140,UPI,Chennai
TXN105409,2025-02-14,CUST828,FMCG,Aashirvaad Atta,2,65,130,UPI,Mumbai
TXN105410,2025-05-20,CUST790,Personal Care,Savlon Handwash,2,95,190,UPI,Kolkata
TXN105411,2025-05-13,CUST441,Personal Care,Vivel Soap,4,35,140,Card,Mumbai
TXN105412,2025-01-22,CUST420,Personal Care,Vivel Soap,2,35,70,Cash,Hyderabad
TXN105413,2025-01-22,CUST370,Personal Care,Savlon Sanitizer,2,70,140,UPI,Bangalore
TXN105414,2025-04-18,CUST690,FMCG,Aashirvaad Atta,4,65,260,Card,Kolkata
TXN105415,2025-05-22,CUST819,Snacks,Bingo Mad Angles,3,25,75,Card,Hyderabad
TXN105416,2025-03-07,CUST631,Personal Care,Vivel Soap,2,35,70,Cash,Kolkata
TXN105417,2025-06-02,CUST766,FMCG,Aashirvaad Atta,5,65,325,Cash,Delhi
TXN105418,2025-03-19,CUST564,Beverages,B Natural Juice,2,40,80,Cash,Delhi
TXN105419,2025-06-03,CUST827,Personal Care,Vivel Soap,3,35,105,Cash,Bangalore
TXN105420,2025-04-21,CUST190,Personal Care,Savlon Handwash,5,95,475,UPI,Kolkata
TXN105421,2025-04-29,CUST499,Personal Care,Savlon Handwash,4,95,380,Card,Bangalore
TXN105422,2025-06-07,CUST271,Personal Care,Savlon Sanitizer,3,70,210,UPI,Hyderabad
TXN105423,2025-03-13,CUST493,Snacks,Bingo Mad Angles,5,25,125,Cash,Hyderabad
TXN105424,2025-03-28,CUST771,Personal Care,Savlon Handwash,3,95,285,UPI,Bangalore
TXN105425,2025-06-08,CUST381,Personal Care,Savlon Handwash,5,95,475,Cash,Chennai
TXN105426,2025-01-23,CUST321,FMCG,Aashirvaad Atta,4,65,260,Cash,Chennai
TXN105427,2025-05-31,CUST829,Beverages,B Natural Juice,2,40,80,UPI,Bangalore
TXN105428,2025-05-08,CUST667,Personal Care,Savlon Sanitizer,5,70,350,Card,Delhi
TXN105429,2025-03-12,CUST796,Personal Care,Savlon Handwash,2,95,190,Card,Hyderabad
TXN105430,2025-05-22,CUST108,FMCG,Aashirvaad Atta,4,65,260,UPI,Bangalore
TXN105431,2025-01-25,CUST651,Personal Care,Savlon Handwash,1,95,95,UPI,Kolkata
TXN105432,2025-04-25,CUST882,Snacks,Bingo Chips,5,20,100,Card,Mumbai
TXN105433,2025-05-22,CUST275,FMCG,Aashirvaad Atta,4,65,260,Cash,Bangalore
TXN105434,2025-03-16,CUST639,Personal Care,Savlon Handwash,1,95,95,Cash,Mumbai
TXN105435,2025-01-19,CUST773,FMCG,Aashirvaad Atta,5,65,325,Cash,Kolkata
TXN105436,2025-02-16,CUST451,Beverages,B Natural Juice,5,40,200,UPI,Chennai
TXN105437,2025-03-23,CUST416,FMCG,Aashirvaad Atta,4,65,260,Cash,Chennai
TXN105438,2025-06-02,CUST396,Beverages,B Natural Juice,1,40,40,UPI,Hyderabad
TXN105439,2025-02-23,CUST920,FMCG,Aashirvaad Atta,1,65,65,Cash,Kolkata
TXN105440,2025-01-11,CUST398,Snacks,Bingo Mad Angles,1,25,25,Cash,Mumbai
TXN105441,2025-02-05,CUST776,Beverages,Sunbean Coffee,3,180,540,Cash,Mumbai
TXN105442,2025-02-02,CUST896,Personal Care,Savlon Handwash,2,95,190,Cash,Delhi
TXN105443,2025-03-28,CUST457,Beverages,Sunbean Coffee,1,180,180,Cash,Kolkata
TXN105444,2025-04-29,CUST554,FMCG,Aashirvaad Atta,5,65,325,Cash,Kolkata
TXN105445,2025-02-11,CUST595,Snacks,Bingo Mad Angles,3,25,75,Cash,Delhi
TXN105446,2025-01-25,CUST499,Beverages,Sunbean Coffee,1,180,180,Cash,Mumbai
TXN105447,2025-05-23,CUST607,Snacks,Bingo Mad Angles,4,25,100,Card,Bangalore
TXN105448,2025-04-08,CUST696,Beverages,B Natural Juice,3,40,120,Cash,Hyderabad
TXN105449,2025-04-07,CUST614,FMCG,Aashirvaad Atta,3,65,195,UPI,Chennai
TXN105450,2025-06-20,CUST220,Snacks,Bingo Chips,3,20,60,Card,Chennai
TXN105451,2025-01-23,CUST582,Beverages,Sunbean Coffee,5,180,900,Card,Delhi
TXN105452,2025-04-21,CUST449,Personal Care,Vivel Soap,3,35,105,Cash,Chennai
TXN105453,2025-01-07,CUST411,Snacks,Bingo Mad Angles,2,25,50,Cash,Kolkata
TXN105454,2025-03-11,CUST243,Snacks,Bingo Chips,2,20,40,Card,Delhi
TXN105455,2025-01-19,CUST203,Personal Care,Vivel Soap,5,35,175,Card,Mumbai
TXN105456,2025-05-26,CUST682,FMCG,Aashirvaad Atta,5,65,325,UPI,Delhi
TXN105457,2025-04-30,CUST174,Snacks,Bingo Mad Angles,1,25,25,Cash,Mumbai
TXN105458,2025-04-21,CUST586,Personal Care,Savlon Handwash,4,95,380,Cash,Bangalore
TXN105459,2025-04-14,CUST236,Personal Care,Savlon Sanitizer,4,70,280,Cash,Hyderabad
TXN105460,2025-04-23,CUST655,Personal Care,Savlon Sanitizer,3,70,210,Cash,Chennai
TXN105461,2025-04-26,CUST245,FMCG,Aashirvaad Atta,4,65,260,UPI,Bangalore
TXN105462,2025-02-17,CUST167,Snacks,Bingo Mad Angles,3,25,75,Card,Kolkata
TXN105463,2025-01-12,CUST705,Personal Care,Vivel Soap,1,35,35,Cash,Kolkata
TXN105464,2025-03-19,CUST968,Beverages,Sunbean Coffee,2,180,360,UPI,Hyderabad
TXN105465,2025-01-29,CUST196,Snacks,Bingo Chips,4,20,80,Cash,Bangalore
TXN105466,2025-03-10,CUST453,Snacks,Bingo Chips,3,20,60,Cash,Delhi
TXN105467,2025-03-08,CUST716,Snacks,Bingo Mad Angles,4,25,100,Cash,Mumbai
TXN105468,2025-05-01,CUST340,Beverages,B Natural Juice,4,40,160,UPI,Chennai
TXN105469,2025-06-05,CUST875,Snacks,Bingo Mad Angles,4,25,100,Card,Mumbai
TXN105470,2025-01-19,CUST211,Personal Care,Savlon Handwash,3,95,285,UPI,Chennai
TXN105471,2025-04-07,CUST519,Snacks,Bingo Chips,1,20,20,Card,Hyderabad
TXN105472,2025-06-06,CUST675,Personal Care,Vivel Soap,1,35,35,Card,Kolkata
TXN105473,2025-05-07,CUST347,Personal Care,Savlon Sanitizer,5,70,350,Card,Chennai
TXN105474,2025-02-22,CUST783,FMCG,Aashirvaad Atta,1,65,65,Card,Chennai
TXN105475,2025-02-24,CUST673,FMCG,Aashirvaad Atta,3,65,195,Cash,Chennai
TXN105476,2025-03-11,CUST416,Snacks,Bingo Chips,2,20,40,Cash,Mumbai
TXN105477,2025-05-01,CUST117,Personal Care,Savlon Sanitizer,5,70,350,Cash,Mumbai
TXN105478,2025-05-02,CUST486,Beverages,B Natural Juice,1,40,40,Cash,Bangalore
TXN105479,2025-04-21,CUST607,Snacks,Bingo Mad Angles,3,25,75,Cash,Hyderabad
TXN105480,2025-02-12,CUST518,FMCG,Aashirvaad Atta,2,65,130,UPI,Hyderabad
TXN105481,2025-02-28,CUST340,Beverages,Sunbean Coffee,1,180,180,UPI,Mumbai
TXN105482,2025-04-09,CUST963,Snacks,Bingo Mad Angles,4,25,100,Card,Hyderabad
TXN105483,2025-02-27,CUST951,Snacks,Bingo Mad Angles,3,25,75,Cash,Delhi
TXN105484,2025-03-06,CUST333,Snacks,Bingo Chips,4,20,80,Card,Kolkata
TXN105485,2025-03-03,CUST877,Snacks,Bingo Chips,5,20,100,Cash,Kolkata
TXN105486,2025-03-21,CUST858,Beverages,Sunbean Coffee,3,180,540,Card,Chennai
TXN105487,2025-06-02,CUST738,Snacks,Bingo Chips,2,20,40,Card,Delhi
TXN105488,2025-06-26,CUST489,FMCG,Aashirvaad Atta,5,65,325,Cash,Chennai
TXN105489,2025-06-01,CUST785,FMCG,Aashirvaad Atta,1,65,65,Cash,Mumbai
TXN105490,2025-02-13,CUST709,Beverages,Sunbean Coffee,2,180,360,Cash,Bangalore
TXN105491,2025-06-05,CUST981,Beverages,B Natural Juice,4,40,160,Card,Delhi
TXN105492,2025-01-15,CUST851,Snacks,Bingo Chips,3,20,60,Card,Delhi
TXN105493,2025-04-09,CUST247,Snacks,Bingo Mad Angles,3,25,75,Cash,Hyderabad
TXN105494,2025-05-03,CUST309,Beverages,B Natural Juice,5,40,200,Card,Bangalore
TXN105495,2025-05-21,CUST911,Personal Care,Savlon Sanitizer,5,70,350,UPI,Mumbai
TXN105496,2025-03-15,CUST970,Beverages,B Natural Juice,4,40,160,UPI,Bangalore
TXN105497,2025-03-09,CUST294,Personal Care,Vivel Soap,4,35,140,UPI,Chennai
TXN105498,2025-05-01,CUST929,Personal Care,Savlon Handwash,4,95,380,UPI,Mumbai
TXN105499,2025-06-24,CUST839,Beverages,B Natural Juice,3,40,120,Cash,Kolkata
TXN105500,2025-06-14,CUST754,Snacks,Bingo Mad Angles,2,25,50,Card,Chennai
TXN105501,2025-05-23,CUST603,Snacks,Bingo Chips,1,20,20,UPI,Chennai
TXN105502,2025-02-11,CUST142,FMCG,Aashirvaad Atta,4,65,260,UPI,Chennai
TXN105503,2025-04-13,CUST232,Beverages,B Natural Juice,4,40,160,Card,Bangalore
TXN105504,2025-04-02,CUST942,Personal Care,Savlon Sanitizer,1,70,70,Cash,Kolkata
TXN105505,2025-02-22,CUST193,Beverages,Sunbean Coffee,3,180,540,Cash,Kolkata
TXN105506,2025-02-26,CUST225,Personal Care,Savlon Sanitizer,1,70,70,UPI,Hyderabad
TXN105507,2025-05-27,CUST272,Snacks,Bingo Mad Angles,3,25,75,Card,Mumbai
TXN105508,2025-04-20,CUST322,Personal Care,Savlon Sanitizer,1,70,70,Card,Kolkata
TXN105509,2025-03-25,CUST636,Personal Care,Savlon Handwash,3,95,285,Cash,Chennai
TXN105510,2025-03-31,CUST331,Beverages,Sunbean Coffee,3,180,540,Cash,Chennai
TXN105511,2025-03-15,CUST753,Personal Care,Vivel Soap,3,35,105,Card,Chennai
TXN105512,2025-03-18,CUST768,Snacks,Bingo Mad Angles,5,25,125,UPI,Bangalore
TXN105513,2025-06-19,CUST786,Personal Care,Vivel Soap,2,35,70,UPI,Hyderabad
TXN105514,2025-05-11,CUST190,FMCG,Aashirvaad Atta,2,65,130,Card,Chennai
TXN105515,2025-06-11,CUST479,Beverages,B Natural Juice,2,40,80,UPI,Chennai
TXN105516,2025-03-17,CUST501,Beverages,B Natural Juice,2,40,80,Cash,Mumbai
TXN105517,2025-06-04,CUST755,Beverages,Sunbean Coffee,1,180,180,UPI,Bangalore
TXN105518,2025-06-04,CUST571,Personal Care,Vivel Soap,5,35,175,Card,Chennai
TXN105519,2025-04-05,CUST534,Personal Care,Savlon Sanitizer,3,70,210,Cash,Mumbai
TXN105520,2025-03-08,CUST125,Personal Care,Savlon Handwash,2,95,190,UPI,Bangalore
TXN105521,2025-03-13,CUST358,Snacks,Bingo Chips,5,20,100,UPI,Kolkata
TXN105522,2025-02-26,CUST575,Personal Care,Savlon Sanitizer,2,70,140,UPI,Hyderabad
TXN105523,2025-05-11,CUST503,Snacks,Bingo Mad Angles,1,25,25,Cash,Delhi
TXN105524,2025-05-16,CUST589,Snacks,Bingo Mad Angles,1,25,25,UPI,Kolkata
TXN105525,2025-05-18,CUST880,Snacks,Bingo Mad Angles,3,25,75,Cash,Chennai
TXN105526,2025-06-22,CUST366,Beverages,B Natural Juice,5,40,200,Card,Delhi
TXN105527,2025-05-25,CUST507,Snacks,Bingo Chips,5,20,100,Cash,Delhi
TXN105528,2025-06-16,CUST450,Snacks,Bingo Chips,1,20,20,Cash,Chennai
TXN105529,2025-02-08,CUST278,Personal Care,Savlon Sanitizer,3,70,210,Card,Mumbai
TXN105530,2025-03-25,CUST906,Snacks,Bingo Mad Angles,1,25,25,Cash,Chennai
TXN105531,2025-03-22,CUST878,Snacks,Bingo Chips,2,20,40,Card,Mumbai
TXN105532,2025-05-03,CUST297,Personal Care,Vivel Soap,2,35,70,UPI,Mumbai
TXN105533,2025-03-16,CUST213,Personal Care,Savlon Handwash,1,95,95,Card,Hyderabad
TXN105534,2025-05-03,CUST312,Snacks,Bingo Chips,4,20,80,Card,Chennai
TXN105535,2025-05-22,CUST634,Personal Care,Vivel Soap,2,35,70,Card,Kolkata
TXN105536,2025-01-24,CUST937,FMCG,Aashirvaad Atta,1,65,65,UPI,Delhi
TXN105537,2025-05-21,CUST953,Snacks,Bingo Mad Angles,1,25,25,UPI,Hyderabad
TXN105538,2025-04-19,CUST559,FMCG,Aashirvaad Atta,4,65,260,UPI,Mumbai
TXN105539,2025-04-01,CUST280,Personal Care,Savlon Handwash,5,95,475,Cash,Kolkata
TXN105540,2025-04-18,CUST358,Personal Care,Vivel Soap,4,35,140,UPI,Delhi
TXN105541,2025-06-16,CUST166,FMCG,Aashirvaad Atta,5,65,325,Cash,Bangalore
TXN105542,2025-03-18,CUST686,FMCG,Aashirvaad Atta,4,65,260,UPI,Delhi
TXN105543,2025-04-01,CUST443,Personal Care,Vivel Soap,3,35,105,UPI,Delhi
TXN105544,2025-04-24,CUST372,Personal Care,Vivel Soap,2,35,70,Card,Bangalore
TXN105545,2025-05-05,CUST413,Personal Care,Savlon Handwash,1,95,95,Card,Hyderabad
TXN105546,2025-02-27,CUST176,Snacks,Bingo Mad Angles,4,25,100,Card,Kolkata
TXN105547,2025-02-12,CUST546,Beverages,Sunbean Coffee,5,180,900,Card,Hyderabad
TXN105548,2025-02-13,CUST371,Snacks,Bingo Chips,1,20,20,Cash,Kolkata
TXN105549,2025-04-07,CUST855,Personal Care,Savlon Sanitizer,2,70,140,Cash,Kolkata
TXN105550,2025-04-16,CUST953,Personal Care,Savlon Sanitizer,5,70,350,Card,Kolkata
TXN105551,2025-02-15,CUST373,FMCG,Aashirvaad Atta,4,65,260,UPI,Chennai
TXN105552,2025-04-05,CUST490,Snacks,Bingo Chips,4,20,80,UPI,Mumbai
TXN105553,2025-01-24,CUST443,Personal Care,Vivel Soap,4,35,140,Card,Mumbai
TXN105554,2025-01-03,CUST862,Personal Care,Savlon Handwash,3,95,285,Card,Chennai
TXN105555,2025-06-09,CUST836,Personal Care,Savlon Handwash,2,95,190,UPI,Mumbai
TXN105556,2025-04-26,CUST952,Personal Care,Savlon Handwash,2,95,190,Card,Bangalore
TXN105557,2025-04-12,CUST733,Personal Care,Savlon Handwash,3,95,285,Card,Mumbai
TXN105558,2025-06-29,CUST447,FMCG,Aashirvaad Atta,1,65,65,UPI,Kolkata
TXN105559,2025-02-09,CUST463,Personal Care,Savlon Handwash,3,95,285,Card,Bangalore
TXN105560,2025-03-31,CUST598,Snacks,Bingo Chips,2,20,40,Cash,Bangalore
TXN105561,2025-06-02,CUST861,Personal Care,Vivel Soap,1,35,35,UPI,Kolkata
TXN105562,2025-01-18,CUST195,Personal Care,Savlon Handwash,3,95,285,UPI,Hyderabad
TXN105563,2025-04-18,CUST871,FMCG,Aashirvaad Atta,1,65,65,UPI,Hyderabad
TXN105564,2025-06-15,CUST909,Beverages,B Natural Juice,1,40,40,Cash,Hyderabad
TXN105565,2025-04-07,CUST464,Personal Care,Savlon Sanitizer,5,70,350,Cash,Kolkata
TXN105566,2025-06-01,CUST386,FMCG,Aashirvaad Atta,4,65,260,Cash,Hyderabad
TXN105567,2025-05-25,CUST636,Personal Care,Savlon Handwash,1,95,95,Cash,Chennai
TXN105568,2025-01-13,CUST749,Personal Care,Savlon Sanitizer,1,70,70,Cash,Bangalore
TXN105569,2025-06-23,CUST600,Beverages,Sunbean Coffee,5,180,900,Card,Mumbai
TXN105570,2025-06-24,CUST731,Personal Care,Savlon Handwash,2,95,190,Cash,Kolkata
TXN105571,2025-02-02,CUST364,Personal Care,Savlon Sanitizer,1,70,70,Card,Delhi
TXN105572,2025-04-04,CUST961,Snacks,Bingo Chips,1,20,20,Cash,Bangalore
TXN105573,2025-06-26,CUST965,FMCG,Aashirvaad Atta,5,65,325,Card,Bangalore
TXN105574,2025-05-09,CUST736,Personal Care,Vivel Soap,5,35,175,Card,Delhi
TXN105575,2025-04-07,CUST386,FMCG,Aashirvaad Atta,4,65,260,Card,Chennai
TXN105576,2025-01-03,CUST808,FMCG,Aashirvaad Atta,3,65,195,UPI,Chennai
TXN105577,2025-03-06,CUST616,Personal Care,Savlon Sanitizer,4,70,280,Card,Kolkata
TXN105578,2025-03-21,CUST468,FMCG,Aashirvaad Atta,5,65,325,UPI,Kolkata
TXN105579,2025-01-13,CUST870,Snacks,Bingo Chips,1,20,20,Cash,Bangalore
TXN105580,2025-03-13,CUST846,FMCG,Aashirvaad Atta,1,65,65,Card,Kolkata
TXN105581,2025-05-04,CUST766,Personal Care,Savlon Sanitizer,2,70,140,Card,Delhi
TXN105582,2025-06-28,CUST750,Personal Care,Savlon Handwash,3,95,285,Cash,Chennai
TXN105583,2025-01-23,CUST150,Personal Care,Vivel Soap,3,35,105,UPI,Kolkata
TXN105584,2025-02-25,CUST841,Personal Care,Savlon Handwash,3,95,285,Cash,Chennai
TXN105585,2025-04-22,CUST573,FMCG,Aashirvaad Atta,2,65,130,Cash,Kolkata
TXN105586,2025-01-07,CUST439,Snacks,Bingo Mad Angles,2,25,50,Card,Chennai
TXN105587,2025-02-05,CUST513,FMCG,Aashirvaad Atta,4,65,260,Cash,Bangalore
TXN105588,2025-04-27,CUST909,Personal Care,Savlon Handwash,5,95,475,Card,Chennai
TXN105589,2025-06-02,CUST878,Beverages,Sunbean Coffee,5,180,900,Cash,Kolkata
TXN105590,2025-06-10,CUST651,FMCG,Aashirvaad Atta,2,65,130,Card,Kolkata
TXN105591,2025-02-07,CUST225,Beverages,B Natural Juice,2,40,80,Card,Chennai
TXN105592,2025-05-22,CUST289,Beverages,B Natural Juice,1,40,40,Cash,Delhi
TXN105593,2025-06-22,CUST950,Beverages,B Natural Juice,2,40,80,Cash,Bangalore
TXN105594,2025-04-13,CUST649,Snacks,Bingo Chips,1,20,20,Cash,Kolkata
TXN105595,2025-05-04,CUST156,Snacks,Bingo Chips,3,20,60,Card,Bangalore
TXN105596,2025-01-15,CUST327,Personal Care,Savlon Sanitizer,3,70,210,Card,Chennai
TXN105597,2025-01-23,CUST303,Snacks,Bingo Chips,4,20,80,UPI,Mumbai
TXN105598,2025-05-16,CUST297,Snacks,Bingo Chips,2,20,40,Card,Mumbai
TXN105599,2025-05-17,CUST440,Snacks,Bingo Chips,1,20,20,Cash,Kolkata
TXN105600,2025-06-29,CUST846,Personal Care,Savlon Handwash,5,95,475,Cash,Bangalore
TXN105601,2025-06-10,CUST668,Personal Care,Savlon Sanitizer,4,70,280,UPI,Mumbai
TXN105602,2025-03-27,CUST540,Beverages,B Natural Juice,4,40,160,Cash,Kolkata
TXN105603,2025-05-15,CUST251,Personal Care,Savlon Handwash,1,95,95,UPI,Hyderabad
TXN105604,2025-01-26,CUST315,FMCG,Aashirvaad Atta,4,65,260,UPI,Delhi
TXN105605,2025-06-01,CUST952,Snacks,Bingo Chips,4,20,80,Card,Delhi
TXN105606,2025-01-22,CUST580,Personal Care,Vivel Soap,4,35,140,UPI,Mumbai
TXN105607,2025-02-01,CUST302,Personal Care,Savlon Handwash,1,95,95,Card,Bangalore
TXN105608,2025-02-21,CUST770,Beverages,Sunbean Coffee,5,180,900,Card,Hyderabad
TXN105609,2025-03-01,CUST202,Personal Care,Savlon Handwash,2,95,190,UPI,Mumbai
TXN105610,2025-02-06,CUST983,Beverages,Sunbean Coffee,2,180,360,Cash,Kolkata
TXN105611,2025-01-23,CUST892,Personal Care,Savlon Handwash,2,95,190,Card,Kolkata
TXN105612,2025-06-02,CUST905,FMCG,Aashirvaad Atta,1,65,65,Cash,Delhi
TXN105613,2025-02-15,CUST963,FMCG,Aashirvaad Atta,1,65,65,Cash,Bangalore
TXN105614,2025-05-28,CUST466,Beverages,Sunbean Coffee,3,180,540,Card,Delhi
TXN105615,2025-05-28,CUST485,FMCG,Aashirvaad Atta,1,65,65,Cash,Mumbai
TXN105616,2025-03-10,CUST427,Snacks,Bingo Chips,3,20,60,UPI,Hyderabad
TXN105617,2025-03-26,CUST172,Snacks,Bingo Mad Angles,1,25,25,Card,Kolkata
TXN105618,2025-05-13,CUST362,Snacks,Bingo Mad Angles,2,25,50,Cash,Mumbai
TXN105619,2025-06-12,CUST806,Personal Care,Savlon Handwash,1,95,95,UPI,Delhi
TXN105620,2025-01-13,CUST124,Snacks,Bingo Mad Angles,3,25,75,Cash,Kolkata
TXN105621,2025-01-31,CUST535,Personal Care,Savlon Handwash,3,95,285,Cash,Kolkata
TXN105622,2025-02-22,CUST560,Personal Care,Savlon Sanitizer,2,70,140,Card,Bangalore
TXN105623,2025-02-19,CUST966,Beverages,B Natural Juice,3,40,120,UPI,Kolkata
TXN105624,2025-01-12,CUST799,Beverages,B Natural Juice,5,40,200,UPI,Hyderabad
TXN105625,2025-04-07,CUST636,Personal Care,Savlon Handwash,5,95,475,UPI,Chennai
TXN105626,2025-04-17,CUST578,Personal Care,Savlon Sanitizer,3,70,210,Card,Hyderabad
TXN105627,2025-04-22,CUST376,Beverages,Sunbean Coffee,3,180,540,Cash,Bangalore
TXN105628,2025-03-09,CUST192,Personal Care,Vivel Soap,5,35,175,Card,Chennai
TXN105629,2025-02-06,CUST288,Personal Care,Savlon Sanitizer,1,70,70,Cash,Delhi
TXN105630,2025-02-11,CUST578,Beverages,Sunbean Coffee,1,180,180,Card,Hyderabad
TXN105631,2025-04-28,CUST895,Snacks,Bingo Mad Angles,1,25,25,UPI,Mumbai
TXN105632,2025-04-28,CUST830,Beverages,B Natural Juice,1,40,40,Card,Mumbai
TXN105633,2025-06-12,CUST472,Personal Care,Vivel Soap,5,35,175,UPI,Chennai
TXN105634,2025-03-13,CUST515,Personal Care,Savlon Handwash,1,95,95,Card,Chennai
TXN105635,2025-04-30,CUST316,Personal Care,Savlon Handwash,3,95,285,Card,Hyderabad
TXN105636,2025-04-06,CUST924,FMCG,Aashirvaad Atta,5,65,325,Cash,Bangalore
TXN105637,2025-02-04,CUST539,Personal Care,Savlon Sanitizer,5,70,350,Card,Kolkata
TXN105638,2025-04-06,CUST182,Beverages,Sunbean Coffee,1,180,180,Card,Chennai
TXN105639,2025-02-01,CUST668,Snacks,Bingo Chips,3,20,60,Cash,Hyderabad
TXN105640,2025-06-10,CUST773,Snacks,Bingo Chips,2,20,40,Cash,Bangalore
TXN105641,2025-05-24,CUST293,Snacks,Bingo Chips,4,20,80,Card,Delhi
TXN105642,2025-01-19,CUST832,Beverages,Sunbean Coffee,1,180,180,Cash,Kolkata
TXN105643,2025-06-20,CUST418,Beverages,B Natural Juice,3,40,120,UPI,Chennai
TXN105644,2025-03-05,CUST148,Beverages,B Natural Juice,4,40,160,Cash,Chennai
TXN105645,2025-02-05,CUST198,Personal Care,Savlon Sanitizer,5,70,350,Card,Chennai
TXN105646,2025-02-11,CUST184,Snacks,Bingo Chips,3,20,60,UPI,Mumbai
TXN105647,2025-03-02,CUST353,FMCG,Aashirvaad Atta,4,65,260,Cash,Delhi
TXN105648,2025-03-02,CUST844,Snacks,Bingo Chips,4,20,80,Cash,Chennai
TXN105649,2025-01-20,CUST311,Personal Care,Savlon Handwash,4,95,380,Cash,Delhi
TXN105650,2025-03-21,CUST833,FMCG,Aashirvaad Atta,5,65,325,Cash,Kolkata
TXN105651,2025-03-28,CUST404,Snacks,Bingo Chips,5,20,100,Cash,Kolkata
TXN105652,2025-03-12,CUST989,FMCG,Aashirvaad Atta,5,65,325,Cash,Chennai
TXN105653,2025-04-06,CUST753,Personal Care,Vivel Soap,3,35,105,Cash,Kolkata
TXN105654,2025-04-12,CUST996,Beverages,Sunbean Coffee,1,180,180,Cash,Kolkata
TXN105655,2025-04-07,CUST808,Personal Care,Savlon Sanitizer,1,70,70,Card,Delhi
TXN105656,2025-03-31,CUST619,Snacks,Bingo Chips,4,20,80,Card,Delhi
TXN105657,2025-03-21,CUST695,FMCG,Aashirvaad Atta,4,65,260,Card,Bangalore
TXN105658,2025-06-06,CUST782,Personal Care,Savlon Sanitizer,4,70,280,Card,Kolkata
TXN105659,2025-06-21,CUST411,Snacks,Bingo Chips,2,20,40,Card,Chennai
TXN105660,2025-05-21,CUST981,Beverages,B Natural Juice,2,40,80,Cash,Mumbai
TXN105661,2025-04-24,CUST232,Beverages,B Natural Juice,1,40,40,Cash,Chennai
TXN105662,2025-05-29,CUST428,Personal Care,Vivel Soap,4,35,140,Card,Bangalore
TXN105663,2025-06-23,CUST123,Snacks,Bingo Mad Angles,1,25,25,UPI,Delhi
TXN105664,2025-06-30,CUST224,Snacks,Bingo Chips,3,20,60,Card,Bangalore
TXN105665,2025-05-14,CUST889,Personal Care,Savlon Handwash,1,95,95,Cash,Delhi
TXN105666,2025-03-20,CUST333,Snacks,Bingo Mad Angles,3,25,75,UPI,Kolkata
TXN105667,2025-03-14,CUST712,Beverages,Sunbean Coffee,2,180,360,Card,Chennai
TXN105668,2025-01-06,CUST866,Snacks,Bingo Chips,2,20,40,UPI,Bangalore
TXN105669,2025-03-11,CUST746,Snacks,Bingo Chips,1,20,20,Cash,Mumbai
TXN105670,2025-02-10,CUST451,Personal Care,Vivel Soap,3,35,105,UPI,Bangalore
TXN105671,2025-03-29,CUST361,Personal Care,Savlon Handwash,1,95,95,Cash,Mumbai
TXN105672,2025-06-09,CUST614,Snacks,Bingo Chips,3,20,60,Card,Chennai
TXN105673,2025-03-12,CUST869,Snacks,Bingo Chips,5,20,100,Cash,Hyderabad
TXN105674,2025-05-05,CUST159,Personal Care,Savlon Handwash,5,95,475,UPI,Chennai
TXN105675,2025-03-09,CUST103,FMCG,Aashirvaad Atta,5,65,325,UPI,Mumbai
TXN105676,2025-02-14,CUST820,Personal Care,Savlon Sanitizer,2,70,140,Card,Kolkata
TXN105677,2025-02-18,CUST158,Snacks,Bingo Mad Angles,3,25,75,Cash,Bangalore
TXN105678,2025-03-29,CUST676,Beverages,Sunbean Coffee,1,180,180,UPI,Hyderabad
TXN105679,2025-03-23,CUST619,Snacks,Bingo Mad Angles,1,25,25,Card,Bangalore
TXN105680,2025-01-05,CUST314,Beverages,Sunbean Coffee,2,180,360,Cash,Mumbai
TXN105681,2025-06-17,CUST555,FMCG,Aashirvaad Atta,2,65,130,UPI,Delhi
TXN105682,2025-05-19,CUST847,Personal Care,Savlon Handwash,3,95,285,UPI,Hyderabad
TXN105683,2025-01-30,CUST337,Personal Care,Savlon Handwash,3,95,285,UPI,Bangalore
TXN105684,2025-02-15,CUST385,Beverages,Sunbean Coffee,4,180,720,Card,Bangalore
TXN105685,2025-01-09,CUST733,Personal Care,Vivel Soap,3,35,105,Cash,Kolkata
TXN105686,2025-03-01,CUST499,Personal Care,Savlon Sanitizer,4,70,280,Cash,Kolkata
TXN105687,2025-03-26,CUST913,Snacks,Bingo Chips,1,20,20,UPI,Hyderabad
TXN105688,2025-03-09,CUST561,Personal Care,Savlon Handwash,1,95,95,Cash,Delhi
TXN105689,2025-02-22,CUST318,Snacks,Bingo Mad Angles,3,25,75,Card,Kolkata
TXN105690,2025-06-12,CUST558,Personal Care,Savlon Handwash,1,95,95,Card,Delhi
TXN105691,2025-05-06,CUST862,Snacks,Bingo Mad Angles,5,25,125,Cash,Chennai
TXN105692,2025-04-24,CUST919,Personal Care,Vivel Soap,1,35,35,Card,Kolkata
TXN105693,2025-03-19,CUST972,Personal Care,Vivel Soap,2,35,70,Card,Hyderabad
TXN105694,2025-01-06,CUST992,Personal Care,Savlon Sanitizer,1,70,70,Cash,Delhi
TXN105695,2025-02-20,CUST568,Snacks,Bingo Chips,4,20,80,UPI,Mumbai
TXN105696,2025-05-17,CUST258,FMCG,Aashirvaad Atta,2,65,130,UPI,Kolkata
TXN105697,2025-05-01,CUST959,Beverages,B Natural Juice,5,40,200,UPI,Chennai
TXN105698,2025-06-20,CUST711,Beverages,Sunbean Coffee,3,180,540,UPI,Hyderabad
TXN105699,2025-05-07,CUST260,Personal Care,Savlon Handwash,1,95,95,Cash,Kolkata
TXN105700,2025-05-09,CUST943,Beverages,Sunbean Coffee,3,180,540,Cash,Delhi
TXN105701,2025-01-29,CUST982,Beverages,Sunbean Coffee,4,180,720,Cash,Chennai
TXN105702,2025-01-19,CUST678,Personal Care,Vivel Soap,4,35,140,Cash,Chennai
TXN105703,2025-06-07,CUST937,Beverages,Sunbean Coffee,5,180,900,Cash,Bangalore
TXN105704,2025-03-17,CUST723,Beverages,B Natural Juice,5,40,200,Card,Bangalore
TXN105705,2025-05-27,CUST620,Personal Care,Savlon Handwash,2,95,190,Card,Chennai
TXN105706,2025-05-04,CUST839,Snacks,Bingo Mad Angles,4,25,100,Cash,Delhi
TXN105707,2025-02-02,CUST260,Snacks,Bingo Mad Angles,5,25,125,Card,Kolkata
TXN105708,2025-01-19,CUST328,Beverages,Sunbean Coffee,1,180,180,Card,Delhi
TXN105709,2025-03-15,CUST110,Snacks,Bingo Chips,2,20,40,UPI,Mumbai
TXN105710,2025-06-24,CUST136,Personal Care,Vivel Soap,3,35,105,UPI,Hyderabad
TXN105711,2025-01-05,CUST144,Personal Care,Savlon Handwash,4,95,380,UPI,Mumbai
TXN105712,2025-03-29,CUST177,Personal Care,Vivel Soap,4,35,140,UPI,Mumbai
TXN105713,2025-03-05,CUST842,Beverages,B Natural Juice,1,40,40,Cash,Chennai
TXN105714,2025-06-11,CUST891,Snacks,Bingo Mad Angles,3,25,75,Card,Kolkata
TXN105715,2025-03-15,CUST235,FMCG,Aashirvaad Atta,3,65,195,Card,Chennai
TXN105716,2025-04-25,CUST814,Personal Care,Vivel Soap,2,35,70,UPI,Hyderabad
TXN105717,2025-03-24,CUST576,FMCG,Aashirvaad Atta,4,65,260,Cash,Delhi
TXN105718,2025-01-27,CUST535,Personal Care,Vivel Soap,5,35,175,Cash,Hyderabad
TXN105719,2025-05-05,CUST419,Beverages,B Natural Juice,5,40,200,Cash,Chennai
TXN105720,2025-04-28,CUST237,Beverages,Sunbean Coffee,4,180,720,Card,Delhi
TXN105721,2025-06-05,CUST181,Beverages,B Natural Juice,1,40,40,Cash,Hyderabad
TXN105722,2025-01-03,CUST781,Beverages,B Natural Juice,4,40,160,Cash,Delhi
TXN105723,2025-06-25,CUST461,FMCG,Aashirvaad Atta,2,65,130,Card,Delhi
TXN105724,2025-06-29,CUST122,Personal Care,Savlon Sanitizer,2,70,140,Card,Bangalore
TXN105725,2025-03-08,CUST488,Personal Care,Savlon Sanitizer,5,70,350,Cash,Delhi
TXN105726,2025-03-28,CUST581,Snacks,Bingo Chips,2,20,40,Cash,Kolkata
TXN105727,2025-02-14,CUST742,Snacks,Bingo Chips,3,20,60,Cash,Bangalore
TXN105728,2025-03-18,CUST115,Beverages,B Natural Juice,2,40,80,UPI,Hyderabad
TXN105729,2025-05-31,CUST225,Beverages,Sunbean Coffee,4,180,720,Card,Chennai
TXN105730,2025-05-14,CUST159,Snacks,Bingo Mad Angles,2,25,50,Cash,Kolkata
TXN105731,2025-05-22,CUST877,Beverages,B Natural Juice,5,40,200,Card,Bangalore
TXN105732,2025-04-14,CUST173,Snacks,Bingo Chips,2,20,40,Card,Hyderabad
TXN105733,2025-05-22,CUST731,Personal Care,Savlon Sanitizer,2,70,140,Cash,Hyderabad
TXN105734,2025-05-10,CUST216,FMCG,Aashirvaad Atta,4,65,260,UPI,Kolkata
TXN105735,2025-04-23,CUST772,Snacks,Bingo Mad Angles,3,25,75,Cash,Bangalore
TXN105736,2025-02-05,CUST967,Personal Care,Savlon Handwash,5,95,475,Cash,Hyderabad
TXN105737,2025-04-23,CUST409,Snacks,Bingo Chips,1,20,20,Card,Mumbai
TXN105738,2025-06-17,CUST734,Personal Care,Savlon Sanitizer,2,70,140,Card,Chennai
TXN105739,2025-01-27,CUST449,Snacks,Bingo Chips,4,20,80,Cash,Kolkata
TXN105740,2025-01-21,CUST813,FMCG,Aashirvaad Atta,5,65,325,UPI,Kolkata
TXN105741,2025-03-02,CUST752,Personal Care,Vivel Soap,2,35,70,Card,Kolkata
TXN105742,2025-04-19,CUST512,Personal Care,Savlon Handwash,1,95,95,Card,Mumbai
TXN105743,2025-01-12,CUST779,Beverages,B Natural Juice,1,40,40,Cash,Mumbai
TXN105744,2025-02-20,CUST895,Snacks,Bingo Mad Angles,4,25,100,UPI,Chennai
TXN105745,2025-05-07,CUST899,Personal Care,Savlon Sanitizer,3,70,210,Card,Chennai
TXN105746,2025-06-06,CUST145,Beverages,Sunbean Coffee,4,180,720,UPI,Delhi
TXN105747,2025-05-23,CUST654,Snacks,Bingo Chips,5,20,100,Card,Chennai
TXN105748,2025-01-17,CUST506,Snacks,Bingo Chips,1,20,20,Card,Hyderabad
TXN105749,2025-03-12,CUST309,Snacks,Bingo Chips,5,20,100,Card,Hyderabad
TXN105750,2025-04-10,CUST225,Beverages,B Natural Juice,4,40,160,UPI,Hyderabad
TXN105751,2025-05-04,CUST927,Personal Care,Savlon Handwash,2,95,190,Cash,Kolkata
TXN105752,2025-02-05,CUST519,Personal Care,Vivel Soap,2,35,70,UPI,Kolkata
TXN105753,2025-03-06,CUST760,FMCG,Aashirvaad Atta,4,65,260,UPI,Bangalore
TXN105754,2025-05-26,CUST114,Beverages,B Natural Juice,4,40,160,UPI,Bangalore
TXN105755,2025-06-06,CUST768,FMCG,Aashirvaad Atta,5,65,325,UPI,Hyderabad
TXN105756,2025-02-22,CUST657,Beverages,Sunbean Coffee,2,180,360,Card,Hyderabad
TXN105757,2025-05-24,CUST755,Personal Care,Vivel Soap,4,35,140,Card,Bangalore
TXN105758,2025-04-27,CUST396,Personal Care,Savlon Sanitizer,4,70,280,Cash,Mumbai
TXN105759,2025-06-24,CUST515,Beverages,B Natural Juice,2,40,80,UPI,Chennai
TXN105760,2025-03-07,CUST213,Personal Care,Vivel Soap,1,35,35,UPI,Mumbai
TXN105761,2025-04-15,CUST408,Beverages,Sunbean Coffee,4,180,720,Card,Delhi
TXN105762,2025-02-21,CUST373,FMCG,Aashirvaad Atta,2,65,130,Card,Bangalore
TXN105763,2025-01-12,CUST359,Snacks,Bingo Chips,4,20,80,Cash,Hyderabad
TXN105764,2025-03-23,CUST387,Personal Care,Savlon Sanitizer,3,70,210,Card,Chennai
TXN105765,2025-01-09,CUST893,FMCG,Aashirvaad Atta,2,65,130,Card,Mumbai
TXN105766,2025-05-02,CUST866,Beverages,Sunbean Coffee,3,180,540,Cash,Delhi
TXN105767,2025-05-14,CUST479,Personal Care,Savlon Handwash,4,95,380,UPI,Chennai
TXN105768,2025-04-01,CUST615,Personal Care,Savlon Sanitizer,5,70,350,Cash,Hyderabad
TXN105769,2025-05-01,CUST270,Snacks,Bingo Chips,4,20,80,UPI,Delhi
TXN105770,2025-05-26,CUST616,Beverages,Sunbean Coffee,3,180,540,Card,Kolkata
TXN105771,2025-04-20,CUST135,Beverages,Sunbean Coffee,2,180,360,Card,Kolkata
TXN105772,2025-01-27,CUST289,Beverages,B Natural Juice,5,40,200,UPI,Delhi
TXN105773,2025-04-29,CUST233,FMCG,Aashirvaad Atta,5,65,325,Card,Chennai
TXN105774,2025-02-03,CUST373,Personal Care,Savlon Handwash,1,95,95,Card,Bangalore
TXN105775,2025-04-13,CUST967,FMCG,Aashirvaad Atta,5,65,325,UPI,Hyderabad
TXN105776,2025-01-11,CUST914,Snacks,Bingo Mad Angles,4,25,100,Card,Bangalore
TXN105777,2025-06-12,CUST759,Personal Care,Savlon Handwash,2,95,190,UPI,Kolkata
TXN105778,2025-01-27,CUST879,Personal Care,Savlon Sanitizer,3,70,210,UPI,Delhi
TXN105779,2025-01-02,CUST970,Snacks,Bingo Chips,2,20,40,UPI,Kolkata
TXN105780,2025-05-23,CUST228,Personal Care,Savlon Handwash,4,95,380,Card,Delhi
TXN105781,2025-02-26,CUST671,Snacks,Bingo Mad Angles,1,25,25,Card,Chennai
TXN105782,2025-05-31,CUST287,Personal Care,Savlon Sanitizer,5,70,350,Card,Delhi
TXN105783,2025-05-23,CUST829,Beverages,Sunbean Coffee,2,180,360,Card,Hyderabad
TXN105784,2025-04-24,CUST139,FMCG,Aashirvaad Atta,5,65,325,Cash,Delhi
TXN105785,2025-01-02,CUST797,Beverages,Sunbean Coffee,5,180,900,UPI,Hyderabad
TXN105786,2025-02-24,CUST748,Snacks,Bingo Mad Angles,2,25,50,Cash,Chennai
TXN105787,2025-03-12,CUST910,Personal Care,Savlon Handwash,5,95,475,Cash,Chennai
TXN105788,2025-02-08,CUST290,FMCG,Aashirvaad Atta,4,65,260,Card,Chennai
TXN105789,2025-04-23,CUST526,Personal Care,Savlon Handwash,3,95,285,Card,Delhi
TXN105790,2025-02-05,CUST831,Snacks,Bingo Mad Angles,2,25,50,Card,Delhi
TXN105791,2025-01-28,CUST588,Beverages,Sunbean Coffee,4,180,720,Card,Mumbai
TXN105792,2025-06-28,CUST822,Beverages,Sunbean Coffee,4,180,720,Cash,Kolkata
TXN105793,2025-05-25,CUST379,Personal Care,Savlon Sanitizer,1,70,70,Card,Kolkata
TXN105794,2025-06-14,CUST938,Snacks,Bingo Mad Angles,3,25,75,Card,Kolkata
TXN105795,2025-06-06,CUST288,Personal Care,Vivel Soap,2,35,70,Card,Kolkata
TXN105796,2025-01-25,CUST398,Personal Care,Savlon Handwash,4,95,380,Card,Delhi
TXN105797,2025-06-11,CUST832,Personal Care,Savlon Handwash,3,95,285,UPI,Delhi
TXN105798,2025-01-05,CUST105,Beverages,Sunbean Coffee,5,180,900,Cash,Mumbai
TXN105799,2025-01-14,CUST640,Snacks,Bingo Mad Angles,1,25,25,UPI,Hyderabad
TXN105800,2025-03-21,CUST622,Snacks,Bingo Mad Angles,3,25,75,Card,Chennai
TXN105801,2025-04-10,CUST626,Beverages,Sunbean Coffee,2,180,360,UPI,Chennai
TXN105802,2025-04-06,CUST380,Snacks,Bingo Chips,5,20,100,Card,Chennai
TXN105803,2025-03-11,CUST289,Snacks,Bingo Mad Angles,3,25,75,Cash,Kolkata
TXN105804,2025-05-31,CUST714,Beverages,Sunbean Coffee,1,180,180,Cash,Kolkata
TXN105805,2025-06-18,CUST867,Personal Care,Savlon Sanitizer,1,70,70,UPI,Chennai
TXN105806,2025-06-02,CUST109,Personal Care,Savlon Handwash,1,95,95,Card,Hyderabad
TXN105807,2025-04-13,CUST849,Snacks,Bingo Mad Angles,5,25,125,UPI,Bangalore
TXN105808,2025-02-22,CUST157,Personal Care,Savlon Handwash,5,95,475,Card,Bangalore
TXN105809,2025-05-31,CUST891,FMCG,Aashirvaad Atta,2,65,130,UPI,Chennai
TXN105810,2025-06-30,CUST479,Snacks,Bingo Chips,5,20,100,Card,Hyderabad
TXN105811,2025-03-18,CUST409,Personal Care,Savlon Handwash,5,95,475,Card,Kolkata
TXN105812,2025-05-19,CUST638,Personal Care,Savlon Handwash,4,95,380,Card,Bangalore
TXN105813,2025-02-17,CUST292,FMCG,Aashirvaad Atta,4,65,260,Cash,Chennai
TXN105814,2025-02-27,CUST949,FMCG,Aashirvaad Atta,3,65,195,UPI,Delhi
TXN105815,2025-03-29,CUST465,Beverages,B Natural Juice,4,40,160,Card,Mumbai
TXN105816,2025-06-12,CUST129,Snacks,Bingo Mad Angles,2,25,50,UPI,Delhi
TXN105817,2025-05-04,CUST616,Personal Care,Vivel Soap,2,35,70,Cash,Hyderabad
TXN105818,2025-05-31,CUST338,Personal Care,Savlon Sanitizer,2,70,140,Card,Hyderabad
TXN105819,2025-02-12,CUST725,FMCG,Aashirvaad Atta,1,65,65,Card,Mumbai
TXN105820,2025-01-07,CUST266,Personal Care,Savlon Handwash,4,95,380,Cash,Kolkata
TXN105821,2025-02-23,CUST983,Beverages,B Natural Juice,1,40,40,UPI,Mumbai
TXN105822,2025-01-25,CUST383,Beverages,Sunbean Coffee,2,180,360,UPI,Bangalore
TXN105823,2025-02-23,CUST744,Personal Care,Vivel Soap,4,35,140,UPI,Chennai
TXN105824,2025-03-19,CUST372,Personal Care,Savlon Sanitizer,4,70,280,Card,Mumbai
TXN105825,2025-05-25,CUST539,FMCG,Aashirvaad Atta,3,65,195,Cash,Hyderabad
TXN105826,2025-05-27,CUST540,Snacks,Bingo Mad Angles,3,25,75,Card,Kolkata
TXN105827,2025-05-05,CUST754,Personal Care,Savlon Handwash,1,95,95,UPI,Delhi
TXN105828,2025-03-24,CUST280,Snacks,Bingo Mad Angles,2,25,50,Cash,Delhi
TXN105829,2025-05-20,CUST270,Personal Care,Vivel Soap,2,35,70,Cash,Mumbai
TXN105830,2025-06-21,CUST205,Beverages,B Natural Juice,1,40,40,Cash,Delhi
TXN105831,2025-04-12,CUST989,Beverages,Sunbean Coffee,5,180,900,Cash,Mumbai
TXN105832,2025-05-26,CUST863,Personal Care,Savlon Handwash,3,95,285,UPI,Bangalore
TXN105833,2025-03-22,CUST177,Personal Care,Savlon Sanitizer,1,70,70,Cash,Bangalore
TXN105834,2025-05-02,CUST484,FMCG,Aashirvaad Atta,3,65,195,UPI,Hyderabad
TXN105835,2025-05-29,CUST584,Personal Care,Savlon Sanitizer,4,70,280,Cash,Delhi
TXN105836,2025-06-27,CUST303,FMCG,Aashirvaad Atta,5,65,325,UPI,Chennai
TXN105837,2025-01-21,CUST262,Personal Care,Savlon Sanitizer,1,70,70,UPI,Mumbai
TXN105838,2025-05-24,CUST682,Snacks,Bingo Chips,2,20,40,Card,Kolkata
TXN105839,2025-01-06,CUST823,Snacks,Bingo Mad Angles,4,25,100,Cash,Delhi
TXN105840,2025-01-22,CUST807,Personal Care,Savlon Sanitizer,1,70,70,UPI,Chennai
TXN105841,2025-04-11,CUST285,Snacks,Bingo Chips,4,20,80,Cash,Hyderabad
TXN105842,2025-04-05,CUST171,Beverages,Sunbean Coffee,4,180,720,UPI,Kolkata
TXN105843,2025-02-17,CUST268,Beverages,B Natural Juice,2,40,80,UPI,Kolkata
TXN105844,2025-03-08,CUST150,Beverages,Sunbean Coffee,1,180,180,UPI,Hyderabad
TXN105845,2025-02-10,CUST883,Beverages,B Natural Juice,5,40,200,Cash,Hyderabad
TXN105846,2025-02-12,CUST658,FMCG,Aashirvaad Atta,1,65,65,UPI,Delhi
TXN105847,2025-06-25,CUST426,Beverages,Sunbean Coffee,1,180,180,Card,Bangalore
TXN105848,2025-04-14,CUST874,FMCG,Aashirvaad Atta,4,65,260,Cash,Bangalore
TXN105849,2025-06-06,CUST897,Personal Care,Savlon Handwash,5,95,475,Card,Chennai
TXN105850,2025-03-15,CUST597,Personal Care,Savlon Handwash,3,95,285,UPI,Mumbai
TXN105851,2025-02-28,CUST669,Snacks,Bingo Chips,5,20,100,UPI,Delhi
TXN105852,2025-01-14,CUST150,Snacks,Bingo Mad Angles,2,25,50,Cash,Kolkata
TXN105853,2025-01-14,CUST687,Snacks,Bingo Chips,3,20,60,UPI,Mumbai
TXN105854,2025-03-07,CUST952,Snacks,Bingo Chips,4,20,80,Cash,Mumbai
TXN105855,2025-04-16,CUST875,Snacks,Bingo Chips,3,20,60,UPI,Chennai
TXN105856,2025-06-07,CUST120,Snacks,Bingo Mad Angles,2,25,50,Card,Delhi
TXN105857,2025-01-09,CUST205,Beverages,B Natural Juice,5,40,200,Cash,Delhi
TXN105858,2025-05-18,CUST262,Beverages,B Natural Juice,4,40,160,Cash,Hyderabad
TXN105859,2025-02-05,CUST578,Beverages,Sunbean Coffee,4,180,720,UPI,Delhi
TXN105860,2025-06-23,CUST292,Personal Care,Savlon Sanitizer,4,70,280,Cash,Hyderabad
TXN105861,2025-03-21,CUST556,Snacks,Bingo Mad Angles,2,25,50,UPI,Bangalore
TXN105862,2025-02-17,CUST553,FMCG,Aashirvaad Atta,3,65,195,Cash,Bangalore
TXN105863,2025-03-05,CUST221,Personal Care,Savlon Handwash,5,95,475,Cash,Bangalore
TXN105864,2025-06-11,CUST782,Personal Care,Savlon Sanitizer,3,70,210,Cash,Hyderabad
TXN105865,2025-05-12,CUST945,FMCG,Aashirvaad Atta,4,65,260,Cash,Hyderabad
TXN105866,2025-03-07,CUST662,Personal Care,Savlon Sanitizer,4,70,280,Cash,Mumbai
TXN105867,2025-03-10,CUST881,Personal Care,Vivel Soap,3,35,105,UPI,Bangalore
TXN105868,2025-01-29,CUST245,Snacks,Bingo Chips,2,20,40,Cash,Hyderabad
TXN105869,2025-04-05,CUST764,Beverages,B Natural Juice,1,40,40,UPI,Mumbai
TXN105870,2025-05-31,CUST707,Personal Care,Vivel Soap,2,35,70,Card,Bangalore
TXN105871,2025-03-18,CUST886,Personal Care,Savlon Handwash,5,95,475,UPI,Mumbai
TXN105872,2025-04-28,CUST768,Personal Care,Vivel Soap,2,35,70,UPI,Bangalore
TXN105873,2025-05-29,CUST590,Beverages,Sunbean Coffee,1,180,180,UPI,Bangalore
TXN105874,2025-04-11,CUST288,Personal Care,Savlon Sanitizer,1,70,70,Cash,Chennai
TXN105875,2025-02-15,CUST887,Beverages,Sunbean Coffee,1,180,180,UPI,Bangalore
TXN105876,2025-03-30,CUST264,Personal Care,Savlon Sanitizer,1,70,70,Card,Hyderabad
TXN105877,2025-03-19,CUST385,Personal Care,Savlon Sanitizer,2,70,140,Card,Kolkata
TXN105878,2025-02-27,CUST688,Personal Care,Savlon Sanitizer,4,70,280,Cash,Mumbai
TXN105879,2025-05-13,CUST381,Snacks,Bingo Mad Angles,3,25,75,Cash,Bangalore
TXN105880,2025-05-21,CUST781,Personal Care,Savlon Handwash,5,95,475,Card,Bangalore
TXN105881,2025-06-09,CUST351,FMCG,Aashirvaad Atta,1,65,65,Card,Delhi
TXN105882,2025-06-25,CUST262,Snacks,Bingo Mad Angles,4,25,100,UPI,Bangalore
TXN105883,2025-06-16,CUST376,FMCG,Aashirvaad Atta,5,65,325,Card,Kolkata
TXN105884,2025-04-17,CUST665,Personal Care,Vivel Soap,2,35,70,UPI,Delhi
TXN105885,2025-03-18,CUST526,Personal Care,Savlon Handwash,4,95,380,Cash,Hyderabad
TXN105886,2025-04-13,CUST778,FMCG,Aashirvaad Atta,3,65,195,UPI,Hyderabad
TXN105887,2025-03-17,CUST584,Personal Care,Savlon Sanitizer,2,70,140,Cash,Mumbai
TXN105888,2025-06-13,CUST375,Snacks,Bingo Chips,4,20,80,Card,Kolkata
TXN105889,2025-01-01,CUST816,FMCG,Aashirvaad Atta,3,65,195,Cash,Chennai
TXN105890,2025-06-14,CUST113,Beverages,B Natural Juice,4,40,160,UPI,Delhi
TXN105891,2025-01-18,CUST728,Beverages,Sunbean Coffee,3,180,540,UPI,Bangalore
TXN105892,2025-04-03,CUST168,FMCG,Aashirvaad Atta,2,65,130,Card,Hyderabad
TXN105893,2025-01-22,CUST136,Personal Care,Savlon Handwash,1,95,95,Cash,Bangalore
TXN105894,2025-06-07,CUST624,Personal Care,Vivel Soap,5,35,175,UPI,Kolkata
TXN105895,2025-02-25,CUST372,FMCG,Aashirvaad Atta,2,65,130,Card,Chennai
TXN105896,2025-03-07,CUST843,Snacks,Bingo Chips,1,20,20,Card,Chennai
TXN105897,2025-03-09,CUST468,Beverages,Sunbean Coffee,5,180,900,Card,Chennai
TXN105898,2025-04-12,CUST620,Snacks,Bingo Chips,4,20,80,Cash,Mumbai
TXN105899,2025-02-06,CUST199,Personal Care,Savlon Handwash,1,95,95,Card,Delhi
TXN105900,2025-01-24,CUST396,Personal Care,Savlon Handwash,5,95,475,Cash,Chennai
TXN105901,2025-04-17,CUST923,Personal Care,Vivel Soap,2,35,70,Card,Kolkata
TXN105902,2025-03-02,CUST772,Personal Care,Savlon Handwash,5,95,475,Card,Kolkata
TXN105903,2025-04-20,CUST770,Personal Care,Vivel Soap,2,35,70,Card,Bangalore
TXN105904,2025-02-16,CUST925,Personal Care,Vivel Soap,1,35,35,Cash,Mumbai
TXN105905,2025-04-02,CUST656,Beverages,B Natural Juice,1,40,40,UPI,Delhi
TXN105906,2025-06-23,CUST324,Snacks,Bingo Mad Angles,5,25,125,UPI,Kolkata
TXN105907,2025-01-28,CUST643,Snacks,Bingo Mad Angles,4,25,100,UPI,Mumbai
TXN105908,2025-05-20,CUST883,Personal Care,Savlon Handwash,3,95,285,UPI,Mumbai
TXN105909,2025-01-05,CUST967,Snacks,Bingo Mad Angles,1,25,25,UPI,Delhi
TXN105910,2025-06-26,CUST502,Snacks,Bingo Chips,5,20,100,UPI,Mumbai
TXN105911,2025-02-06,CUST316,Beverages,B Natural Juice,4,40,160,Card,Mumbai
TXN105912,2025-06-01,CUST736,Personal Care,Savlon Handwash,2,95,190,Cash,Chennai
TXN105913,2025-01-26,CUST831,FMCG,Aashirvaad Atta,4,65,260,Card,Delhi
TXN105914,2025-04-08,CUST641,Personal Care,Vivel Soap,4,35,140,Cash,Bangalore
TXN105915,2025-04-15,CUST374,FMCG,Aashirvaad Atta,1,65,65,UPI,Chennai
TXN105916,2025-04-25,CUST454,Personal Care,Vivel Soap,5,35,175,Card,Kolkata
TXN105917,2025-03-09,CUST690,Snacks,Bingo Chips,4,20,80,Cash,Bangalore
TXN105918,2025-06-16,CUST557,Personal Care,Savlon Handwash,3,95,285,Cash,Bangalore
TXN105919,2025-03-22,CUST867,Beverages,Sunbean Coffee,4,180,720,Card,Bangalore
TXN105920,2025-02-16,CUST381,Snacks,Bingo Mad Angles,1,25,25,Cash,Hyderabad
TXN105921,2025-04-18,CUST658,Personal Care,Vivel Soap,4,35,140,Cash,Mumbai
TXN105922,2025-01-16,CUST867,Snacks,Bingo Chips,1,20,20,UPI,Kolkata
TXN105923,2025-02-20,CUST857,Snacks,Bingo Mad Angles,3,25,75,UPI,Bangalore
TXN105924,2025-05-31,CUST533,Personal Care,Savlon Handwash,1,95,95,Cash,Hyderabad
TXN105925,2025-05-02,CUST535,Personal Care,Savlon Handwash,5,95,475,Cash,Mumbai
TXN105926,2025-01-12,CUST114,Personal Care,Savlon Handwash,3,95,285,Cash,Delhi
TXN105927,2025-03-12,CUST886,Beverages,Sunbean Coffee,1,180,180,Card,Delhi
TXN105928,2025-03-10,CUST153,Personal Care,Savlon Handwash,4,95,380,UPI,Bangalore
TXN105929,2025-04-01,CUST866,Personal Care,Vivel Soap,4,35,140,Card,Kolkata
TXN105930,2025-06-21,CUST133,Personal Care,Savlon Handwash,3,95,285,Card,Bangalore
TXN105931,2025-06-22,CUST425,Snacks,Bingo Chips,2,20,40,UPI,Mumbai
TXN105932,2025-02-28,CUST576,Beverages,Sunbean Coffee,3,180,540,UPI,Chennai
TXN105933,2025-04-09,CUST753,Personal Care,Savlon Handwash,2,95,190,UPI,Delhi
TXN105934,2025-01-26,CUST658,Beverages,Sunbean Coffee,5,180,900,UPI,Bangalore
TXN105935,2025-04-10,CUST627,Personal Care,Vivel Soap,5,35,175,Cash,Hyderabad
TXN105936,2025-05-09,CUST295,Personal Care,Savlon Sanitizer,4,70,280,UPI,Hyderabad
TXN105937,2025-03-08,CUST643,Personal Care,Savlon Sanitizer,4,70,280,UPI,Hyderabad
TXN105938,2025-04-07,CUST928,FMCG,Aashirvaad Atta,3,65,195,UPI,Bangalore
TXN105939,2025-05-09,CUST379,Personal Care,Savlon Handwash,3,95,285,UPI,Bangalore
TXN105940,2025-05-29,CUST154,Snacks,Bingo Mad Angles,4,25,100,UPI,Delhi
TXN105941,2025-01-19,CUST284,Beverages,Sunbean Coffee,2,180,360,Card,Bangalore
TXN105942,2025-06-08,CUST254,Personal Care,Vivel Soap,4,35,140,Card,Hyderabad
TXN105943,2025-03-10,CUST265,FMCG,Aashirvaad Atta,3,65,195,Cash,Chennai
TXN105944,2025-03-26,CUST438,Personal Care,Savlon Sanitizer,4,70,280,UPI,Bangalore
TXN105945,2025-03-04,CUST921,Snacks,Bingo Mad Angles,5,25,125,Card,Kolkata
TXN105946,2025-05-14,CUST535,Beverages,B Natural Juice,5,40,200,UPI,Bangalore
TXN105947,2025-03-01,CUST414,Personal Care,Savlon Handwash,5,95,475,UPI,Bangalore
TXN105948,2025-06-19,CUST233,Personal Care,Savlon Sanitizer,5,70,350,UPI,Delhi
TXN105949,2025-04-17,CUST535,Personal Care,Savlon Sanitizer,4,70,280,Card,Chennai
TXN105950,2025-02-22,CUST288,Beverages,Sunbean Coffee,3,180,540,Cash,Mumbai
TXN105951,2025-01-07,CUST302,Personal Care,Savlon Sanitizer,1,70,70,Cash,Bangalore
TXN105952,2025-01-15,CUST877,Snacks,Bingo Mad Angles,2,25,50,Cash,Delhi
TXN105953,2025-04-05,CUST923,Beverages,B Natural Juice,3,40,120,Card,Kolkata
TXN105954,2025-04-05,CUST315,Snacks,Bingo Chips,3,20,60,Card,Chennai
TXN105955,2025-02-15,CUST869,Snacks,Bingo Chips,2,20,40,UPI,Hyderabad
TXN105956,2025-02-28,CUST781,Snacks,Bingo Mad Angles,3,25,75,UPI,Chennai
TXN105957,2025-02-18,CUST293,Personal Care,Savlon Sanitizer,3,70,210,UPI,Chennai
TXN105958,2025-02-08,CUST959,Beverages,Sunbean Coffee,2,180,360,UPI,Chennai
TXN105959,2025-01-22,CUST671,FMCG,Aashirvaad Atta,4,65,260,Cash,Mumbai
TXN105960,2025-02-23,CUST652,Beverages,Sunbean Coffee,2,180,360,Card,Hyderabad
TXN105961,2025-01-14,CUST310,Beverages,B Natural Juice,3,40,120,Card,Mumbai
TXN105962,2025-01-18,CUST306,Personal Care,Savlon Handwash,3,95,285,Cash,Bangalore
TXN105963,2025-06-13,CUST340,Beverages,B Natural Juice,3,40,120,UPI,Bangalore
TXN105964,2025-01-24,CUST665,Personal Care,Vivel Soap,3,35,105,UPI,Mumbai
TXN105965,2025-01-25,CUST863,Personal Care,Savlon Sanitizer,5,70,350,Cash,Hyderabad
TXN105966,2025-01-31,CUST601,Snacks,Bingo Chips,5,20,100,Cash,Bangalore
TXN105967,2025-01-27,CUST563,Snacks,Bingo Chips,1,20,20,UPI,Bangalore
TXN105968,2025-01-28,CUST334,Beverages,B Natural Juice,3,40,120,UPI,Kolkata
TXN105969,2025-03-21,CUST693,Personal Care,Savlon Sanitizer,4,70,280,Card,Delhi
TXN105970,2025-03-23,CUST427,FMCG,Aashirvaad Atta,1,65,65,Card,Hyderabad
TXN105971,2025-06-25,CUST898,Beverages,B Natural Juice,5,40,200,Card,Delhi
TXN105972,2025-01-02,CUST586,Personal Care,Savlon Sanitizer,4,70,280,UPI,Bangalore
TXN105973,2025-05-01,CUST442,Beverages,B Natural Juice,1,40,40,Card,Bangalore
TXN105974,2025-06-21,CUST789,Beverages,Sunbean Coffee,3,180,540,Card,Chennai
TXN105975,2025-03-25,CUST613,Beverages,B Natural Juice,5,40,200,Card,Mumbai
TXN105976,2025-02-04,CUST401,Beverages,B Natural Juice,2,40,80,Card,Chennai
TXN105977,2025-03-08,CUST743,Snacks,Bingo Mad Angles,5,25,125,UPI,Kolkata
TXN105978,2025-05-07,CUST846,Personal Care,Savlon Handwash,3,95,285,UPI,Hyderabad
TXN105979,2025-05-17,CUST226,Beverages,Sunbean Coffee,1,180,180,Cash,Bangalore
TXN105980,2025-06-04,CUST784,Personal Care,Savlon Sanitizer,5,70,350,Cash,Mumbai
TXN105981,2025-05-30,CUST648,Snacks,Bingo Mad Angles,5,25,125,UPI,Delhi
TXN105982,2025-03-05,CUST925,Beverages,B Natural Juice,3,40,120,UPI,Mumbai
TXN105983,2025-06-21,CUST515,Beverages,Sunbean Coffee,1,180,180,Card,Mumbai
TXN105984,2025-04-10,CUST756,Personal Care,Vivel Soap,3,35,105,Cash,Chennai
TXN105985,2025-05-20,CUST145,Snacks,Bingo Chips,1,20,20,UPI,Delhi
TXN105986,2025-06-15,CUST170,FMCG,Aashirvaad Atta,3,65,195,UPI,Bangalore
TXN105987,2025-02-09,CUST776,Beverages,B Natural Juice,3,40,120,Cash,Chennai
TXN105988,2025-03-20,CUST905,Snacks,Bingo Mad Angles,5,25,125,UPI,Delhi
TXN105989,2025-04-19,CUST235,Beverages,B Natural Juice,3,40,120,Card,Bangalore
TXN105990,2025-02-28,CUST740,Personal Care,Savlon Sanitizer,2,70,140,Card,Bangalore
TXN105991,2025-05-02,CUST549,Snacks,Bingo Mad Angles,5,25,125,Cash,Mumbai
TXN105992,2025-06-17,CUST140,FMCG,Aashirvaad Atta,2,65,130,Cash,Delhi
TXN105993,2025-03-08,CUST648,Beverages,Sunbean Coffee,5,180,900,Cash,Chennai
TXN105994,2025-06-04,CUST102,Snacks,Bingo Mad Angles,5,25,125,Card,Delhi
TXN105995,2025-03-15,CUST679,Beverages,Sunbean Coffee,1,180,180,Cash,Bangalore
TXN105996,2025-04-19,CUST414,Personal Care,Savlon Handwash,4,95,380,Cash,Delhi
TXN105997,2025-03-09,CUST394,Snacks,Bingo Chips,5,20,100,Card,Chennai
TXN105998,2025-06-10,CUST143,FMCG,Aashirvaad Atta,3,65,195,Cash,Chennai
TXN105999,2025-01-06,CUST488,Beverages,Sunbean Coffee,5,180,900,Card,Kolkata
TXN106000,2025-02-10,CUST582,Beverages,Sunbean Coffee,1,180,180,UPI,Mumbai
TXN106001,2025-01-07,CUST908,Personal Care,Savlon Sanitizer,2,70,140,UPI,Delhi
TXN106002,2025-01-05,CUST684,Beverages,B Natural Juice,5,40,200,Cash,Delhi
TXN106003,2025-06-06,CUST384,Personal Care,Vivel Soap,2,35,70,UPI,Bangalore
TXN106004,2025-02-07,CUST268,FMCG,Aashirvaad Atta,3,65,195,UPI,Hyderabad
TXN106005,2025-03-30,CUST840,FMCG,Aashirvaad Atta,5,65,325,Cash,Chennai
TXN106006,2025-02-21,CUST373,Snacks,Bingo Chips,3,20,60,Card,Bangalore
TXN106007,2025-03-17,CUST840,Personal Care,Savlon Handwash,1,95,95,UPI,Mumbai
TXN106008,2025-03-02,CUST296,Snacks,Bingo Chips,5,20,100,Cash,Hyderabad
TXN106009,2025-02-17,CUST591,Snacks,Bingo Chips,1,20,20,Card,Bangalore
TXN106010,2025-01-05,CUST333,Personal Care,Savlon Sanitizer,3,70,210,UPI,Hyderabad
TXN106011,2025-05-23,CUST466,Snacks,Bingo Chips,3,20,60,Card,Delhi
TXN106012,2025-01-14,CUST630,Snacks,Bingo Chips,4,20,80,Card,Delhi
TXN106013,2025-04-21,CUST896,Beverages,Sunbean Coffee,1,180,180,UPI,Delhi
TXN106014,2025-06-15,CUST663,Personal Care,Savlon Sanitizer,1,70,70,Cash,Mumbai
TXN106015,2025-01-30,CUST441,FMCG,Aashirvaad Atta,3,65,195,Cash,Bangalore
TXN106016,2025-02-08,CUST384,Snacks,Bingo Chips,3,20,60,Card,Mumbai
TXN106017,2025-01-11,CUST363,Snacks,Bingo Chips,5,20,100,UPI,Hyderabad
TXN106018,2025-04-15,CUST411,Snacks,Bingo Chips,5,20,100,Cash,Kolkata
TXN106019,2025-02-18,CUST398,FMCG,Aashirvaad Atta,4,65,260,UPI,Hyderabad
TXN106020,2025-06-17,CUST637,Personal Care,Vivel Soap,5,35,175,UPI,Bangalore
TXN106021,2025-06-16,CUST483,Snacks,Bingo Mad Angles,2,25,50,Card,Kolkata
TXN106022,2025-06-05,CUST601,Beverages,Sunbean Coffee,4,180,720,Cash,Kolkata
TXN106023,2025-01-15,CUST680,Beverages,Sunbean Coffee,4,180,720,Cash,Mumbai
TXN106024,2025-01-15,CUST701,Personal Care,Savlon Sanitizer,1,70,70,UPI,Chennai
TXN106025,2025-03-10,CUST869,Personal Care,Savlon Handwash,1,95,95,Cash,Kolkata
TXN106026,2025-01-05,CUST209,Personal Care,Vivel Soap,3,35,105,Card,Delhi
TXN106027,2025-03-31,CUST528,Personal Care,Vivel Soap,5,35,175,Card,Chennai
TXN106028,2025-02-22,CUST846,Personal Care,Savlon Handwash,1,95,95,Card,Bangalore
TXN106029,2025-01-12,CUST620,Personal Care,Savlon Sanitizer,5,70,350,Card,Hyderabad
TXN106030,2025-03-20,CUST551,Snacks,Bingo Mad Angles,5,25,125,UPI,Delhi
TXN106031,2025-05-01,CUST999,Beverages,B Natural Juice,2,40,80,UPI,Mumbai
TXN106032,2025-05-25,CUST463,Personal Care,Savlon Handwash,4,95,380,Cash,Mumbai
TXN106033,2025-06-09,CUST807,Beverages,B Natural Juice,5,40,200,Card,Bangalore
TXN106034,2025-03-29,CUST765,Personal Care,Savlon Sanitizer,5,70,350,Card,Delhi
TXN106035,2025-06-16,CUST389,Beverages,B Natural Juice,3,40,120,Cash,Mumbai
TXN106036,2025-06-04,CUST479,Snacks,Bingo Chips,4,20,80,Card,Chennai
TXN106037,2025-03-16,CUST956,Beverages,Sunbean Coffee,2,180,360,Card,Bangalore
TXN106038,2025-02-25,CUST871,FMCG,Aashirvaad Atta,4,65,260,Card,Hyderabad
TXN106039,2025-03-26,CUST505,FMCG,Aashirvaad Atta,4,65,260,Cash,Chennai
TXN106040,2025-04-22,CUST569,Snacks,Bingo Chips,2,20,40,Card,Kolkata
TXN106041,2025-04-29,CUST662,Personal Care,Vivel Soap,4,35,140,Cash,Kolkata
TXN106042,2025-04-15,CUST215,Beverages,Sunbean Coffee,2,180,360,UPI,Chennai
TXN106043,2025-04-08,CUST254,Personal Care,Savlon Handwash,4,95,380,Card,Delhi
TXN106044,2025-06-19,CUST551,Personal Care,Savlon Sanitizer,3,70,210,Card,Kolkata
TXN106045,2025-03-08,CUST272,Snacks,Bingo Chips,5,20,100,UPI,Mumbai
TXN106046,2025-04-07,CUST180,Personal Care,Vivel Soap,3,35,105,Card,Hyderabad
TXN106047,2025-05-25,CUST692,Beverages,B Natural Juice,5,40,200,Card,Chennai
TXN106048,2025-03-07,CUST766,Personal Care,Savlon Handwash,2,95,190,Card,Chennai
TXN106049,2025-06-21,CUST500,Beverages,B Natural Juice,2,40,80,UPI,Mumbai
TXN106050,2025-05-16,CUST286,Beverages,Sunbean Coffee,3,180,540,Card,Delhi
TXN106051,2025-03-04,CUST419,Personal Care,Savlon Sanitizer,2,70,140,UPI,Kolkata
TXN106052,2025-01-25,CUST787,Personal Care,Savlon Handwash,2,95,190,Card,Kolkata
TXN106053,2025-06-11,CUST183,Snacks,Bingo Chips,2,20,40,Card,Chennai
TXN106054,2025-04-12,CUST307,Snacks,Bingo Chips,4,20,80,Card,Kolkata
TXN106055,2025-06-07,CUST577,Snacks,Bingo Chips,4,20,80,Card,Mumbai
TXN106056,2025-01-18,CUST258,Snacks,Bingo Chips,4,20,80,Cash,Bangalore
TXN106057,2025-02-22,CUST789,Beverages,B Natural Juice,3,40,120,Card,Delhi
TXN106058,2025-01-05,CUST116,Snacks,Bingo Chips,1,20,20,Card,Kolkata
TXN106059,2025-06-15,CUST115,Beverages,B Natural Juice,3,40,120,UPI,Kolkata
TXN106060,2025-04-20,CUST401,Personal Care,Vivel Soap,4,35,140,Card,Delhi
TXN106061,2025-06-30,CUST690,FMCG,Aashirvaad Atta,2,65,130,Cash,Mumbai
TXN106062,2025-02-23,CUST967,Beverages,Sunbean Coffee,5,180,900,UPI,Kolkata
TXN106063,2025-04-15,CUST916,FMCG,Aashirvaad Atta,1,65,65,Card,Mumbai
TXN106064,2025-05-10,CUST551,FMCG,Aashirvaad Atta,1,65,65,Cash,Bangalore
TXN106065,2025-01-14,CUST540,Personal Care,Savlon Sanitizer,2,70,140,Cash,Hyderabad
TXN106066,2025-05-10,CUST632,Personal Care,Vivel Soap,4,35,140,Card,Chennai
TXN106067,2025-05-24,CUST373,Beverages,B Natural Juice,3,40,120,UPI,Chennai
TXN106068,2025-05-22,CUST709,FMCG,Aashirvaad Atta,1,65,65,Cash,Hyderabad
TXN106069,2025-06-16,CUST727,FMCG,Aashirvaad Atta,1,65,65,UPI,Delhi
TXN106070,2025-01-31,CUST693,Beverages,B Natural Juice,3,40,120,Card,Chennai
TXN106071,2025-05-27,CUST851,Beverages,Sunbean Coffee,2,180,360,Card,Bangalore
TXN106072,2025-01-18,CUST805,Personal Care,Savlon Sanitizer,1,70,70,Card,Chennai
TXN106073,2025-05-02,CUST109,Personal Care,Savlon Sanitizer,1,70,70,Card,Mumbai
TXN106074,2025-05-25,CUST503,Personal Care,Savlon Sanitizer,2,70,140,UPI,Delhi
TXN106075,2025-06-17,CUST499,Personal Care,Vivel Soap,1,35,35,Card,Hyderabad
TXN106076,2025-01-19,CUST247,FMCG,Aashirvaad Atta,5,65,325,UPI,Kolkata
TXN106077,2025-02-05,CUST707,Snacks,Bingo Chips,2,20,40,Card,Bangalore
TXN106078,2025-05-16,CUST666,Snacks,Bingo Mad Angles,2,25,50,Cash,Delhi
TXN106079,2025-03-23,CUST274,Personal Care,Vivel Soap,1,35,35,UPI,Mumbai
TXN106080,2025-05-15,CUST166,Personal Care,Savlon Sanitizer,2,70,140,Card,Chennai
TXN106081,2025-06-07,CUST487,Snacks,Bingo Mad Angles,3,25,75,UPI,Mumbai
TXN106082,2025-01-31,CUST156,Beverages,B Natural Juice,4,40,160,Card,Mumbai
TXN106083,2025-03-17,CUST407,Personal Care,Savlon Handwash,2,95,190,Cash,Hyderabad
TXN106084,2025-02-03,CUST278,Beverages,B Natural Juice,1,40,40,UPI,Delhi
TXN106085,2025-04-21,CUST752,FMCG,Aashirvaad Atta,5,65,325,Cash,Kolkata
TXN106086,2025-03-02,CUST404,Personal Care,Vivel Soap,4,35,140,Card,Hyderabad
TXN106087,2025-05-01,CUST500,FMCG,Aashirvaad Atta,3,65,195,Card,Hyderabad
TXN106088,2025-04-20,CUST265,Personal Care,Vivel Soap,4,35,140,Card,Kolkata
TXN106089,2025-05-10,CUST798,Personal Care,Savlon Handwash,3,95,285,UPI,Delhi
TXN106090,2025-03-07,CUST638,FMCG,Aashirvaad Atta,2,65,130,Card,Bangalore
TXN106091,2025-04-03,CUST678,Personal Care,Savlon Sanitizer,5,70,350,UPI,Chennai
TXN106092,2025-06-17,CUST114,Snacks,Bingo Mad Angles,3,25,75,Card,Kolkata
TXN106093,2025-06-26,CUST880,Snacks,Bingo Chips,5,20,100,Card,Mumbai
TXN106094,2025-04-13,CUST787,Beverages,Sunbean Coffee,1,180,180,Card,Delhi
TXN106095,2025-03-27,CUST750,Personal Care,Savlon Sanitizer,5,70,350,Card,Hyderabad
TXN106096,2025-03-17,CUST394,Personal Care,Savlon Sanitizer,2,70,140,UPI,Hyderabad
TXN106097,2025-04-26,CUST775,Beverages,B Natural Juice,2,40,80,UPI,Hyderabad
TXN106098,2025-03-30,CUST624,Beverages,Sunbean Coffee,5,180,900,Cash,Chennai
TXN106099,2025-06-12,CUST489,Personal Care,Vivel Soap,2,35,70,Card,Delhi
TXN106100,2025-06-09,CUST654,FMCG,Aashirvaad Atta,1,65,65,UPI,Bangalore
TXN106101,2025-02-19,CUST719,Snacks,Bingo Mad Angles,3,25,75,UPI,Chennai
TXN106102,2025-06-19,CUST585,Personal Care,Savlon Handwash,2,95,190,Card,Hyderabad
TXN106103,2025-04-19,CUST185,FMCG,Aashirvaad Atta,5,65,325,Cash,Bangalore
TXN106104,2025-04-14,CUST906,Beverages,B Natural Juice,4,40,160,Cash,Kolkata
TXN106105,2025-06-30,CUST797,Beverages,Sunbean Coffee,4,180,720,Card,Chennai
TXN106106,2025-06-09,CUST562,Snacks,Bingo Mad Angles,5,25,125,Cash,Mumbai
TXN106107,2025-01-18,CUST235,Beverages,Sunbean Coffee,5,180,900,Card,Delhi
TXN106108,2025-05-07,CUST834,FMCG,Aashirvaad Atta,2,65,130,Cash,Delhi
TXN106109,2025-04-19,CUST500,FMCG,Aashirvaad Atta,1,65,65,UPI,Chennai
TXN106110,2025-06-12,CUST198,Personal Care,Savlon Handwash,4,95,380,Cash,Chennai
TXN106111,2025-05-08,CUST324,Snacks,Bingo Chips,1,20,20,UPI,Mumbai
TXN106112,2025-05-12,CUST180,Snacks,Bingo Chips,1,20,20,Card,Kolkata
TXN106113,2025-04-15,CUST777,Snacks,Bingo Mad Angles,1,25,25,Card,Chennai
TXN106114,2025-04-30,CUST856,Beverages,Sunbean Coffee,5,180,900,Card,Mumbai
TXN106115,2025-04-20,CUST558,Beverages,Sunbean Coffee,1,180,180,Cash,Bangalore
TXN106116,2025-02-17,CUST821,Snacks,Bingo Mad Angles,3,25,75,Card,Mumbai
TXN106117,2025-05-04,CUST874,Personal Care,Vivel Soap,1,35,35,UPI,Hyderabad
TXN106118,2025-01-05,CUST532,Beverages,Sunbean Coffee,3,180,540,Cash,Chennai
TXN106119,2025-03-11,CUST812,FMCG,Aashirvaad Atta,4,65,260,UPI,Bangalore
TXN106120,2025-02-07,CUST790,Beverages,Sunbean Coffee,1,180,180,UPI,Hyderabad
TXN106121,2025-02-16,CUST534,FMCG,Aashirvaad Atta,4,65,260,Card,Chennai
TXN106122,2025-02-21,CUST891,Snacks,Bingo Mad Angles,4,25,100,Card,Mumbai
TXN106123,2025-05-20,CUST741,Personal Care,Savlon Handwash,2,95,190,Card,Hyderabad
TXN106124,2025-03-11,CUST740,Personal Care,Vivel Soap,5,35,175,Card,Chennai
TXN106125,2025-05-30,CUST277,Personal Care,Savlon Handwash,2,95,190,UPI,Chennai
TXN106126,2025-04-03,CUST281,Personal Care,Savlon Sanitizer,2,70,140,Card,Delhi
TXN106127,2025-06-12,CUST492,Personal Care,Savlon Sanitizer,3,70,210,UPI,Delhi
TXN106128,2025-02-16,CUST714,Snacks,Bingo Mad Angles,1,25,25,Card,Delhi
TXN106129,2025-06-30,CUST106,Personal Care,Savlon Handwash,3,95,285,UPI,Kolkata
TXN106130,2025-06-11,CUST305,Snacks,Bingo Chips,2,20,40,UPI,Delhi
TXN106131,2025-01-31,CUST899,Beverages,Sunbean Coffee,3,180,540,UPI,Bangalore
TXN106132,2025-05-14,CUST222,Snacks,Bingo Mad Angles,1,25,25,UPI,Chennai
TXN106133,2025-02-16,CUST842,Personal Care,Savlon Sanitizer,4,70,280,Card,Kolkata
TXN106134,2025-01-11,CUST103,Snacks,Bingo Chips,4,20,80,Card,Delhi
TXN106135,2025-02-23,CUST730,Beverages,B Natural Juice,3,40,120,UPI,Hyderabad
TXN106136,2025-04-11,CUST123,FMCG,Aashirvaad Atta,1,65,65,Cash,Chennai
TXN106137,2025-06-13,CUST720,FMCG,Aashirvaad Atta,3,65,195,Card,Delhi
TXN106138,2025-03-19,CUST124,Snacks,Bingo Mad Angles,5,25,125,Card,Chennai
TXN106139,2025-04-05,CUST172,Snacks,Bingo Mad Angles,5,25,125,Card,Hyderabad
TXN106140,2025-02-08,CUST599,Personal Care,Savlon Handwash,3,95,285,Card,Mumbai
TXN106141,2025-05-02,CUST283,Snacks,Bingo Chips,4,20,80,UPI,Hyderabad
TXN106142,2025-03-08,CUST917,Personal Care,Savlon Handwash,1,95,95,Cash,Mumbai
TXN106143,2025-02-22,CUST321,FMCG,Aashirvaad Atta,4,65,260,Card,Hyderabad
TXN106144,2025-06-20,CUST609,Personal Care,Savlon Sanitizer,4,70,280,UPI,Chennai
TXN106145,2025-05-10,CUST554,Personal Care,Vivel Soap,3,35,105,UPI,Chennai
TXN106146,2025-01-31,CUST903,Snacks,Bingo Chips,1,20,20,Cash,Bangalore
TXN106147,2025-04-23,CUST400,Personal Care,Vivel Soap,3,35,105,Card,Delhi
TXN106148,2025-01-01,CUST365,Beverages,Sunbean Coffee,1,180,180,UPI,Delhi
TXN106149,2025-02-14,CUST607,Snacks,Bingo Mad Angles,2,25,50,Cash,Chennai
TXN106150,2025-06-15,CUST673,Personal Care,Savlon Handwash,3,95,285,UPI,Kolkata
TXN106151,2025-04-04,CUST961,Personal Care,Savlon Sanitizer,3,70,210,Cash,Delhi
TXN106152,2025-05-09,CUST390,Personal Care,Vivel Soap,4,35,140,UPI,Delhi
TXN106153,2025-03-09,CUST276,Snacks,Bingo Chips,2,20,40,Card,Chennai
TXN106154,2025-04-14,CUST343,Personal Care,Savlon Sanitizer,1,70,70,Card,Hyderabad
TXN106155,2025-04-21,CUST197,FMCG,Aashirvaad Atta,2,65,130,UPI,Delhi
TXN106156,2025-02-15,CUST359,Snacks,Bingo Chips,4,20,80,Card,Hyderabad
TXN106157,2025-01-14,CUST264,Beverages,Sunbean Coffee,4,180,720,Card,Chennai
TXN106158,2025-01-10,CUST289,Personal Care,Savlon Sanitizer,3,70,210,Cash,Chennai
TXN106159,2025-05-19,CUST395,Beverages,B Natural Juice,3,40,120,Cash,Delhi
TXN106160,2025-04-02,CUST864,Personal Care,Savlon Handwash,2,95,190,UPI,Hyderabad
TXN106161,2025-06-03,CUST475,FMCG,Aashirvaad Atta,3,65,195,UPI,Hyderabad
TXN106162,2025-05-07,CUST189,Beverages,Sunbean Coffee,5,180,900,Cash,Kolkata
TXN106163,2025-02-12,CUST880,Snacks,Bingo Mad Angles,5,25,125,Cash,Bangalore
TXN106164,2025-04-06,CUST136,Personal Care,Vivel Soap,5,35,175,Cash,Kolkata
TXN106165,2025-05-21,CUST839,Snacks,Bingo Chips,1,20,20,Cash,Mumbai
TXN106166,2025-04-11,CUST432,FMCG,Aashirvaad Atta,2,65,130,UPI,Bangalore
TXN106167,2025-06-13,CUST885,Beverages,B Natural Juice,3,40,120,UPI,Bangalore
TXN106168,2025-02-20,CUST204,Personal Care,Vivel Soap,1,35,35,UPI,Bangalore
TXN106169,2025-01-03,CUST495,Personal Care,Savlon Sanitizer,5,70,350,Cash,Mumbai
TXN106170,2025-06-08,CUST124,Beverages,B Natural Juice,2,40,80,Cash,Kolkata
TXN106171,2025-01-29,CUST766,Snacks,Bingo Chips,4,20,80,Cash,Hyderabad
TXN106172,2025-06-04,CUST304,Personal Care,Savlon Handwash,5,95,475,UPI,Kolkata
TXN106173,2025-01-08,CUST195,Snacks,Bingo Mad Angles,1,25,25,Cash,Mumbai
TXN106174,2025-04-01,CUST544,Beverages,B Natural Juice,4,40,160,Card,Kolkata
TXN106175,2025-06-16,CUST779,Personal Care,Savlon Handwash,2,95,190,UPI,Bangalore
TXN106176,2025-06-12,CUST877,Beverages,B Natural Juice,2,40,80,Card,Delhi
TXN106177,2025-02-11,CUST487,FMCG,Aashirvaad Atta,2,65,130,UPI,Delhi
TXN106178,2025-04-15,CUST293,Snacks,Bingo Mad Angles,3,25,75,UPI,Mumbai
TXN106179,2025-03-11,CUST239,Beverages,Sunbean Coffee,1,180,180,Cash,Delhi
TXN106180,2025-04-09,CUST646,Beverages,B Natural Juice,5,40,200,Cash,Kolkata
TXN106181,2025-06-08,CUST560,Personal Care,Vivel Soap,1,35,35,Card,Hyderabad
TXN106182,2025-05-31,CUST775,Personal Care,Savlon Sanitizer,4,70,280,Card,Kolkata
TXN106183,2025-03-30,CUST167,Beverages,B Natural Juice,4,40,160,UPI,Kolkata
TXN106184,2025-02-24,CUST923,Personal Care,Savlon Sanitizer,3,70,210,Cash,Bangalore
TXN106185,2025-03-29,CUST489,Personal Care,Savlon Sanitizer,4,70,280,Card,Bangalore
TXN106186,2025-04-25,CUST387,Personal Care,Savlon Handwash,5,95,475,Cash,Bangalore
TXN106187,2025-01-02,CUST562,Beverages,B Natural Juice,2,40,80,Card,Hyderabad
TXN106188,2025-02-21,CUST455,Snacks,Bingo Mad Angles,1,25,25,UPI,Hyderabad
TXN106189,2025-04-01,CUST794,Personal Care,Vivel Soap,5,35,175,Card,Bangalore
TXN106190,2025-04-21,CUST114,Personal Care,Vivel Soap,4,35,140,UPI,Mumbai
TXN106191,2025-04-13,CUST844,Beverages,B Natural Juice,2,40,80,UPI,Hyderabad
TXN106192,2025-03-09,CUST983,Personal Care,Savlon Handwash,3,95,285,Cash,Bangalore
TXN106193,2025-02-04,CUST717,FMCG,Aashirvaad Atta,2,65,130,Card,Mumbai
TXN106194,2025-05-29,CUST390,Personal Care,Savlon Sanitizer,4,70,280,UPI,Bangalore
TXN106195,2025-02-05,CUST407,Beverages,B Natural Juice,3,40,120,Cash,Bangalore
TXN106196,2025-03-10,CUST248,FMCG,Aashirvaad Atta,2,65,130,Card,Delhi
TXN106197,2025-01-02,CUST731,Personal Care,Vivel Soap,3,35,105,Cash,Mumbai
TXN106198,2025-03-06,CUST307,Beverages,B Natural Juice,1,40,40,Cash,Delhi
TXN106199,2025-01-15,CUST797,Personal Care,Vivel Soap,4,35,140,Card,Bangalore
TXN106200,2025-01-25,CUST556,Snacks,Bingo Chips,4,20,80,Card,Hyderabad
TXN106201,2025-02-22,CUST810,FMCG,Aashirvaad Atta,1,65,65,Card,Delhi
TXN106202,2025-06-20,CUST505,Snacks,Bingo Chips,3,20,60,Card,Hyderabad
TXN106203,2025-03-06,CUST145,Beverages,B Natural Juice,2,40,80,UPI,Delhi
TXN106204,2025-03-23,CUST182,FMCG,Aashirvaad Atta,4,65,260,Cash,Kolkata
TXN106205,2025-02-04,CUST515,Personal Care,Vivel Soap,3,35,105,Cash,Delhi
TXN106206,2025-05-18,CUST582,Personal Care,Savlon Handwash,4,95,380,Cash,Chennai
TXN106207,2025-04-22,CUST976,Beverages,B Natural Juice,5,40,200,UPI,Mumbai
TXN106208,2025-02-19,CUST285,Beverages,Sunbean Coffee,1,180,180,Card,Hyderabad
TXN106209,2025-06-13,CUST114,Snacks,Bingo Chips,5,20,100,Cash,Hyderabad
TXN106210,2025-05-01,CUST435,Personal Care,Savlon Handwash,2,95,190,Card,Kolkata
TXN106211,2025-05-19,CUST822,Personal Care,Vivel Soap,2,35,70,Cash,Mumbai
TXN106212,2025-03-20,CUST889,Personal Care,Vivel Soap,3,35,105,Cash,Delhi
TXN106213,2025-05-30,CUST398,FMCG,Aashirvaad Atta,2,65,130,UPI,Mumbai
TXN106214,2025-05-04,CUST377,Snacks,Bingo Chips,5,20,100,UPI,Bangalore
TXN106215,2025-05-26,CUST770,FMCG,Aashirvaad Atta,3,65,195,Cash,Hyderabad
TXN106216,2025-02-20,CUST201,Beverages,Sunbean Coffee,2,180,360,UPI,Bangalore
TXN106217,2025-06-03,CUST995,Personal Care,Savlon Sanitizer,1,70,70,UPI,Hyderabad
TXN106218,2025-03-05,CUST627,Personal Care,Savlon Sanitizer,1,70,70,UPI,Delhi
TXN106219,2025-06-21,CUST585,Personal Care,Vivel Soap,1,35,35,Card,Mumbai
TXN106220,2025-06-21,CUST443,Snacks,Bingo Chips,1,20,20,Card,Kolkata
TXN106221,2025-06-21,CUST234,Beverages,Sunbean Coffee,4,180,720,Cash,Chennai
TXN106222,2025-06-17,CUST344,Personal Care,Vivel Soap,4,35,140,Cash,Kolkata
TXN106223,2025-02-17,CUST568,Snacks,Bingo Chips,5,20,100,UPI,Bangalore
TXN106224,2025-04-07,CUST879,Personal Care,Vivel Soap,2,35,70,Cash,Delhi
TXN106225,2025-03-01,CUST823,Snacks,Bingo Mad Angles,5,25,125,Card,Hyderabad
TXN106226,2025-06-23,CUST755,Beverages,Sunbean Coffee,3,180,540,Card,Bangalore
TXN106227,2025-01-14,CUST446,FMCG,Aashirvaad Atta,3,65,195,Card,Bangalore
TXN106228,2025-03-24,CUST285,FMCG,Aashirvaad Atta,5,65,325,Cash,Kolkata
TXN106229,2025-02-07,CUST700,Personal Care,Vivel Soap,5,35,175,Card,Kolkata
TXN106230,2025-05-04,CUST794,Snacks,Bingo Chips,1,20,20,UPI,Chennai
TXN106231,2025-04-25,CUST324,Beverages,Sunbean Coffee,1,180,180,UPI,Mumbai
TXN106232,2025-06-27,CUST834,Beverages,Sunbean Coffee,4,180,720,Cash,Delhi
TXN106233,2025-01-28,CUST538,Personal Care,Savlon Sanitizer,4,70,280,Cash,Hyderabad
TXN106234,2025-03-30,CUST722,Snacks,Bingo Mad Angles,3,25,75,Cash,Hyderabad
TXN106235,2025-03-28,CUST144,FMCG,Aashirvaad Atta,1,65,65,Cash,Mumbai
TXN106236,2025-02-05,CUST607,Snacks,Bingo Mad Angles,1,25,25,Cash,Hyderabad
TXN106237,2025-06-04,CUST572,Personal Care,Savlon Handwash,2,95,190,Card,Delhi
TXN106238,2025-05-15,CUST580,FMCG,Aashirvaad Atta,3,65,195,Cash,Bangalore
TXN106239,2025-01-28,CUST857,Beverages,Sunbean Coffee,1,180,180,UPI,Mumbai
TXN106240,2025-03-29,CUST444,Personal Care,Savlon Handwash,4,95,380,UPI,Delhi
TXN106241,2025-02-10,CUST785,FMCG,Aashirvaad Atta,2,65,130,Card,Chennai
TXN106242,2025-04-15,CUST959,Personal Care,Savlon Sanitizer,2,70,140,Card,Chennai
TXN106243,2025-01-19,CUST519,Personal Care,Savlon Sanitizer,4,70,280,UPI,Kolkata
TXN106244,2025-04-06,CUST365,Personal Care,Vivel Soap,2,35,70,UPI,Kolkata
TXN106245,2025-01-11,CUST407,Personal Care,Vivel Soap,4,35,140,UPI,Hyderabad
TXN106246,2025-01-29,CUST567,Personal Care,Savlon Handwash,5,95,475,Card,Hyderabad
TXN106247,2025-06-13,CUST627,FMCG,Aashirvaad Atta,1,65,65,Card,Hyderabad
TXN106248,2025-06-03,CUST223,Beverages,Sunbean Coffee,1,180,180,Cash,Kolkata
TXN106249,2025-01-16,CUST630,Snacks,Bingo Mad Angles,4,25,100,Cash,Hyderabad
TXN106250,2025-04-28,CUST399,Personal Care,Savlon Handwash,4,95,380,UPI,Chennai
TXN106251,2025-02-02,CUST207,Beverages,Sunbean Coffee,1,180,180,Cash,Bangalore
TXN106252,2025-04-25,CUST210,Personal Care,Vivel Soap,4,35,140,Cash,Kolkata
TXN106253,2025-06-21,CUST636,FMCG,Aashirvaad Atta,2,65,130,Cash,Mumbai
TXN106254,2025-01-31,CUST843,Beverages,Sunbean Coffee,3,180,540,Cash,Kolkata
TXN106255,2025-05-27,CUST430,FMCG,Aashirvaad Atta,4,65,260,Cash,Chennai
TXN106256,2025-06-09,CUST256,Personal Care,Savlon Handwash,1,95,95,Cash,Mumbai
TXN106257,2025-04-25,CUST168,Personal Care,Savlon Handwash,1,95,95,UPI,Mumbai
TXN106258,2025-05-03,CUST469,Personal Care,Savlon Handwash,2,95,190,Cash,Hyderabad
TXN106259,2025-05-26,CUST750,Beverages,Sunbean Coffee,1,180,180,Card,Bangalore
TXN106260,2025-06-11,CUST822,Personal Care,Vivel Soap,3,35,105,UPI,Kolkata
TXN106261,2025-04-08,CUST106,Personal Care,Vivel Soap,3,35,105,Card,Bangalore
TXN106262,2025-06-06,CUST595,Beverages,B Natural Juice,3,40,120,Card,Delhi
TXN106263,2025-04-16,CUST676,Personal Care,Savlon Handwash,2,95,190,Card,Chennai
TXN106264,2025-02-19,CUST636,Beverages,B Natural Juice,3,40,120,Card,Mumbai
TXN106265,2025-05-01,CUST819,Beverages,Sunbean Coffee,4,180,720,Card,Chennai
TXN106266,2025-02-20,CUST400,Beverages,B Natural Juice,1,40,40,UPI,Mumbai
TXN106267,2025-01-06,CUST494,Personal Care,Savlon Sanitizer,2,70,140,Card,Mumbai
TXN106268,2025-04-08,CUST973,Snacks,Bingo Mad Angles,1,25,25,Cash,Delhi
TXN106269,2025-04-24,CUST955,Personal Care,Savlon Sanitizer,2,70,140,UPI,Kolkata
TXN106270,2025-05-29,CUST356,Personal Care,Savlon Sanitizer,3,70,210,Card,Bangalore
TXN106271,2025-04-26,CUST547,Snacks,Bingo Mad Angles,1,25,25,Cash,Chennai
TXN106272,2025-02-27,CUST596,Snacks,Bingo Chips,2,20,40,UPI,Mumbai
TXN106273,2025-03-12,CUST174,Personal Care,Savlon Sanitizer,3,70,210,Cash,Bangalore
TXN106274,2025-03-05,CUST779,Beverages,Sunbean Coffee,5,180,900,Cash,Chennai
TXN106275,2025-05-24,CUST623,Personal Care,Vivel Soap,2,35,70,Cash,Kolkata
TXN106276,2025-06-05,CUST828,Snacks,Bingo Mad Angles,3,25,75,UPI,Mumbai
TXN106277,2025-04-24,CUST118,Beverages,Sunbean Coffee,2,180,360,Cash,Delhi
TXN106278,2025-02-25,CUST232,Personal Care,Savlon Sanitizer,4,70,280,Card,Hyderabad
TXN106279,2025-04-27,CUST144,Beverages,Sunbean Coffee,4,180,720,UPI,Kolkata
TXN106280,2025-06-02,CUST851,Snacks,Bingo Mad Angles,1,25,25,Cash,Chennai
TXN106281,2025-04-07,CUST415,Snacks,Bingo Chips,5,20,100,Cash,Chennai
TXN106282,2025-05-12,CUST773,Beverages,B Natural Juice,3,40,120,Card,Hyderabad
TXN106283,2025-03-18,CUST481,Beverages,B Natural Juice,4,40,160,Cash,Mumbai
TXN106284,2025-04-21,CUST621,Snacks,Bingo Mad Angles,5,25,125,Card,Kolkata
TXN106285,2025-02-22,CUST640,FMCG,Aashirvaad Atta,5,65,325,UPI,Chennai
TXN106286,2025-06-07,CUST351,Personal Care,Savlon Handwash,1,95,95,Card,Chennai
TXN106287,2025-01-31,CUST488,Snacks,Bingo Mad Angles,5,25,125,Cash,Chennai
TXN106288,2025-05-03,CUST634,Snacks,Bingo Mad Angles,4,25,100,UPI,Mumbai
TXN106289,2025-01-12,CUST750,Personal Care,Savlon Sanitizer,3,70,210,Cash,Chennai
TXN106290,2025-03-26,CUST161,Beverages,B Natural Juice,2,40,80,Card,Mumbai
TXN106291,2025-05-07,CUST885,Snacks,Bingo Chips,2,20,40,Cash,Hyderabad
TXN106292,2025-04-01,CUST456,Personal Care,Savlon Sanitizer,2,70,140,Cash,Bangalore
TXN106293,2025-02-15,CUST547,Beverages,B Natural Juice,2,40,80,Cash,Mumbai
TXN106294,2025-05-05,CUST138,Snacks,Bingo Chips,4,20,80,UPI,Bangalore
TXN106295,2025-05-06,CUST801,Beverages,Sunbean Coffee,5,180,900,Cash,Bangalore
TXN106296,2025-02-13,CUST555,Snacks,Bingo Mad Angles,4,25,100,Card,Chennai
TXN106297,2025-03-23,CUST331,Personal Care,Savlon Handwash,2,95,190,UPI,Kolkata
TXN106298,2025-02-22,CUST559,Snacks,Bingo Mad Angles,1,25,25,Card,Delhi
TXN106299,2025-05-20,CUST497,Beverages,Sunbean Coffee,2,180,360,Card,Bangalore
TXN106300,2025-04-07,CUST435,Snacks,Bingo Chips,3,20,60,Cash,Delhi
TXN106301,2025-03-05,CUST252,FMCG,Aashirvaad Atta,4,65,260,Cash,Delhi
TXN106302,2025-06-06,CUST593,Beverages,Sunbean Coffee,2,180,360,Cash,Hyderabad
TXN106303,2025-03-04,CUST499,FMCG,Aashirvaad Atta,3,65,195,UPI,Kolkata
TXN106304,2025-04-22,CUST932,Personal Care,Vivel Soap,1,35,35,Card,Bangalore
TXN106305,2025-03-08,CUST774,Snacks,Bingo Chips,4,20,80,Card,Chennai
TXN106306,2025-06-04,CUST376,Personal Care,Vivel Soap,3,35,105,Cash,Mumbai
TXN106307,2025-03-01,CUST289,Beverages,Sunbean Coffee,5,180,900,Card,Delhi
TXN106308,2025-02-25,CUST330,Beverages,Sunbean Coffee,2,180,360,UPI,Delhi
TXN106309,2025-05-19,CUST243,Snacks,Bingo Mad Angles,4,25,100,UPI,Kolkata
TXN106310,2025-05-04,CUST164,Beverages,B Natural Juice,5,40,200,Cash,Hyderabad
TXN106311,2025-02-15,CUST235,FMCG,Aashirvaad Atta,5,65,325,Card,Delhi
TXN106312,2025-05-07,CUST722,Personal Care,Savlon Handwash,5,95,475,Card,Mumbai
TXN106313,2025-05-16,CUST487,Beverages,B Natural Juice,2,40,80,UPI,Delhi
TXN106314,2025-02-11,CUST711,Personal Care,Savlon Handwash,3,95,285,Cash,Chennai
TXN106315,2025-06-10,CUST242,Beverages,B Natural Juice,4,40,160,UPI,Mumbai
TXN106316,2025-05-25,CUST669,Personal Care,Vivel Soap,2,35,70,Cash,Hyderabad
TXN106317,2025-04-05,CUST842,Snacks,Bingo Mad Angles,4,25,100,Cash,Mumbai
TXN106318,2025-01-11,CUST676,FMCG,Aashirvaad Atta,4,65,260,Cash,Chennai
TXN106319,2025-04-26,CUST467,Personal Care,Savlon Handwash,5,95,475,UPI,Bangalore
TXN106320,2025-01-03,CUST195,Beverages,B Natural Juice,2,40,80,UPI,Chennai
TXN106321,2025-03-13,CUST120,Snacks,Bingo Chips,4,20,80,Cash,Chennai
TXN106322,2025-05-21,CUST591,Personal Care,Vivel Soap,4,35,140,UPI,Hyderabad
TXN106323,2025-05-14,CUST828,FMCG,Aashirvaad Atta,5,65,325,Card,Bangalore
TXN106324,2025-05-24,CUST937,Personal Care,Savlon Handwash,4,95,380,Card,Kolkata
TXN106325,2025-04-10,CUST807,Personal Care,Savlon Handwash,1,95,95,UPI,Mumbai
TXN106326,2025-06-15,CUST571,Snacks,Bingo Chips,3,20,60,Card,Bangalore
TXN106327,2025-03-28,CUST901,Personal Care,Savlon Handwash,2,95,190,Card,Chennai
TXN106328,2025-02-19,CUST503,Beverages,Sunbean Coffee,5,180,900,Cash,Mumbai
TXN106329,2025-04-29,CUST566,Personal Care,Savlon Handwash,1,95,95,Cash,Bangalore
TXN106330,2025-06-28,CUST885,Snacks,Bingo Chips,2,20,40,Cash,Chennai
TXN106331,2025-05-27,CUST956,Beverages,B Natural Juice,3,40,120,Card,Chennai
TXN106332,2025-01-13,CUST109,Personal Care,Vivel Soap,4,35,140,UPI,Delhi
TXN106333,2025-04-28,CUST840,Snacks,Bingo Chips,5,20,100,Cash,Delhi
TXN106334,2025-03-18,CUST508,Snacks,Bingo Mad Angles,4,25,100,UPI,Kolkata
TXN106335,2025-02-26,CUST359,Personal Care,Savlon Sanitizer,4,70,280,UPI,Kolkata
TXN106336,2025-01-30,CUST902,Beverages,Sunbean Coffee,2,180,360,UPI,Kolkata
TXN106337,2025-03-02,CUST311,Beverages,Sunbean Coffee,5,180,900,UPI,Delhi
TXN106338,2025-05-19,CUST137,FMCG,Aashirvaad Atta,5,65,325,Card,Kolkata
TXN106339,2025-01-06,CUST630,FMCG,Aashirvaad Atta,2,65,130,Card,Mumbai
TXN106340,2025-01-20,CUST128,Beverages,B Natural Juice,1,40,40,UPI,Kolkata
TXN106341,2025-06-04,CUST834,Personal Care,Savlon Sanitizer,5,70,350,Card,Chennai
TXN106342,2025-02-24,CUST812,FMCG,Aashirvaad Atta,5,65,325,Cash,Hyderabad
TXN106343,2025-06-01,CUST739,Snacks,Bingo Mad Angles,1,25,25,UPI,Delhi
TXN106344,2025-01-12,CUST142,Beverages,Sunbean Coffee,1,180,180,Cash,Chennai
TXN106345,2025-03-29,CUST380,Personal Care,Vivel Soap,2,35,70,Cash,Mumbai
TXN106346,2025-05-06,CUST217,Beverages,B Natural Juice,1,40,40,Card,Kolkata
TXN106347,2025-01-05,CUST126,FMCG,Aashirvaad Atta,2,65,130,Card,Mumbai
TXN106348,2025-02-09,CUST621,Snacks,Bingo Chips,2,20,40,Card,Bangalore
TXN106349,2025-05-22,CUST960,Beverages,Sunbean Coffee,3,180,540,UPI,Kolkata
TXN106350,2025-02-05,CUST279,Beverages,Sunbean Coffee,1,180,180,UPI,Kolkata
TXN106351,2025-03-27,CUST617,FMCG,Aashirvaad Atta,4,65,260,Card,Hyderabad
TXN106352,2025-04-01,CUST397,Beverages,B Natural Juice,5,40,200,Card,Chennai
TXN106353,2025-01-12,CUST693,Personal Care,Savlon Sanitizer,2,70,140,Card,Chennai
TXN106354,2025-03-11,CUST790,Beverages,Sunbean Coffee,3,180,540,UPI,Mumbai
TXN106355,2025-02-01,CUST997,Snacks,Bingo Mad Angles,1,25,25,Card,Chennai
TXN106356,2025-01-27,CUST863,Beverages,Sunbean Coffee,1,180,180,UPI,Bangalore
TXN106357,2025-06-18,CUST256,Personal Care,Vivel Soap,2,35,70,UPI,Bangalore
TXN106358,2025-03-15,CUST597,Personal Care,Savlon Sanitizer,3,70,210,Card,Delhi
TXN106359,2025-04-05,CUST283,Personal Care,Savlon Handwash,4,95,380,Card,Chennai
TXN106360,2025-02-04,CUST511,Beverages,B Natural Juice,4,40,160,UPI,Kolkata
TXN106361,2025-06-14,CUST910,Personal Care,Savlon Sanitizer,5,70,350,UPI,Delhi
TXN106362,2025-03-28,CUST672,Beverages,Sunbean Coffee,4,180,720,Card,Mumbai
TXN106363,2025-01-16,CUST456,Beverages,Sunbean Coffee,1,180,180,UPI,Bangalore
TXN106364,2025-01-04,CUST560,Beverages,Sunbean Coffee,3,180,540,UPI,Mumbai
TXN106365,2025-06-14,CUST245,Beverages,Sunbean Coffee,4,180,720,Card,Chennai
TXN106366,2025-05-13,CUST596,FMCG,Aashirvaad Atta,4,65,260,UPI,Hyderabad
TXN106367,2025-02-17,CUST753,Beverages,B Natural Juice,2,40,80,UPI,Hyderabad
TXN106368,2025-02-14,CUST780,Snacks,Bingo Chips,5,20,100,UPI,Kolkata
TXN106369,2025-03-05,CUST762,Personal Care,Savlon Handwash,3,95,285,UPI,Delhi
TXN106370,2025-06-19,CUST195,FMCG,Aashirvaad Atta,4,65,260,Cash,Bangalore
TXN106371,2025-03-28,CUST641,Personal Care,Savlon Handwash,1,95,95,Card,Mumbai
TXN106372,2025-02-19,CUST712,Beverages,Sunbean Coffee,5,180,900,Cash,Chennai
TXN106373,2025-03-21,CUST441,FMCG,Aashirvaad Atta,5,65,325,Cash,Hyderabad
TXN106374,2025-04-29,CUST387,Personal Care,Vivel Soap,1,35,35,Cash,Kolkata
TXN106375,2025-06-22,CUST580,Snacks,Bingo Mad Angles,1,25,25,Card,Bangalore
TXN106376,2025-04-09,CUST298,Beverages,Sunbean Coffee,4,180,720,Cash,Mumbai
TXN106377,2025-04-03,CUST608,Snacks,Bingo Mad Angles,3,25,75,Card,Chennai
TXN106378,2025-05-01,CUST106,Beverages,Sunbean Coffee,4,180,720,Card,Chennai
TXN106379,2025-01-01,CUST940,Snacks,Bingo Chips,1,20,20,Card,Chennai
TXN106380,2025-06-29,CUST764,Snacks,Bingo Chips,5,20,100,Card,Hyderabad
TXN106381,2025-04-24,CUST792,Snacks,Bingo Mad Angles,5,25,125,Cash,Bangalore
TXN106382,2025-05-15,CUST985,Personal Care,Savlon Handwash,1,95,95,Card,Hyderabad
TXN106383,2025-05-26,CUST451,Personal Care,Savlon Handwash,2,95,190,Cash,Delhi
TXN106384,2025-05-29,CUST354,Snacks,Bingo Mad Angles,1,25,25,Cash,Kolkata
TXN106385,2025-05-22,CUST538,FMCG,Aashirvaad Atta,2,65,130,UPI,Mumbai
TXN106386,2025-06-29,CUST158,Snacks,Bingo Mad Angles,4,25,100,UPI,Hyderabad
TXN106387,2025-06-15,CUST988,Personal Care,Savlon Sanitizer,2,70,140,UPI,Kolkata
TXN106388,2025-02-08,CUST261,Snacks,Bingo Mad Angles,3,25,75,Card,Kolkata
TXN106389,2025-01-11,CUST199,FMCG,Aashirvaad Atta,3,65,195,Card,Delhi
TXN106390,2025-04-27,CUST989,Beverages,Sunbean Coffee,5,180,900,UPI,Bangalore
TXN106391,2025-05-25,CUST968,Personal Care,Vivel Soap,2,35,70,Card,Bangalore
TXN106392,2025-02-28,CUST577,FMCG,Aashirvaad Atta,4,65,260,UPI,Hyderabad
TXN106393,2025-05-19,CUST457,Personal Care,Savlon Handwash,4,95,380,Cash,Chennai
TXN106394,2025-01-28,CUST308,Personal Care,Vivel Soap,4,35,140,Cash,Mumbai
TXN106395,2025-05-07,CUST713,Snacks,Bingo Mad Angles,3,25,75,Cash,Hyderabad
TXN106396,2025-01-03,CUST949,Beverages,Sunbean Coffee,5,180,900,Card,Chennai
TXN106397,2025-05-27,CUST540,FMCG,Aashirvaad Atta,1,65,65,Card,Kolkata
TXN106398,2025-03-24,CUST918,Personal Care,Savlon Handwash,4,95,380,UPI,Bangalore
TXN106399,2025-02-28,CUST850,Personal Care,Vivel Soap,2,35,70,Card,Mumbai
TXN106400,2025-01-17,CUST772,Personal Care,Savlon Handwash,3,95,285,Card,Bangalore
TXN106401,2025-02-09,CUST911,Snacks,Bingo Mad Angles,1,25,25,Card,Kolkata
TXN106402,2025-03-06,CUST333,FMCG,Aashirvaad Atta,4,65,260,UPI,Mumbai
TXN106403,2025-02-24,CUST633,Personal Care,Vivel Soap,1,35,35,Card,Bangalore
TXN106404,2025-05-20,CUST981,Beverages,B Natural Juice,4,40,160,Cash,Delhi
TXN106405,2025-06-20,CUST990,Snacks,Bingo Chips,4,20,80,Card,Chennai
TXN106406,2025-02-25,CUST129,Personal Care,Savlon Sanitizer,2,70,140,UPI,Delhi
TXN106407,2025-05-09,CUST588,Snacks,Bingo Chips,2,20,40,UPI,Delhi
TXN106408,2025-06-25,CUST897,Snacks,Bingo Mad Angles,4,25,100,Card,Bangalore
TXN106409,2025-01-12,CUST355,Personal Care,Savlon Sanitizer,1,70,70,Card,Kolkata
TXN106410,2025-02-18,CUST655,Personal Care,Savlon Sanitizer,1,70,70,UPI,Mumbai
TXN106411,2025-05-28,CUST945,Personal Care,Vivel Soap,1,35,35,Cash,Bangalore
TXN106412,2025-02-26,CUST376,Personal Care,Savlon Handwash,5,95,475,Cash,Delhi
TXN106413,2025-03-18,CUST727,Personal Care,Savlon Sanitizer,4,70,280,UPI,Hyderabad
TXN106414,2025-03-22,CUST394,Snacks,Bingo Mad Angles,5,25,125,Cash,Mumbai
TXN106415,2025-03-31,CUST869,FMCG,Aashirvaad Atta,5,65,325,Cash,Delhi
TXN106416,2025-05-30,CUST477,Beverages,Sunbean Coffee,4,180,720,Cash,Kolkata
TXN106417,2025-01-22,CUST986,Snacks,Bingo Chips,3,20,60,Cash,Mumbai
TXN106418,2025-04-27,CUST477,Personal Care,Savlon Sanitizer,2,70,140,UPI,Mumbai
TXN106419,2025-06-24,CUST761,Personal Care,Savlon Sanitizer,2,70,140,UPI,Hyderabad
TXN106420,2025-04-15,CUST134,FMCG,Aashirvaad Atta,5,65,325,Cash,Hyderabad
TXN106421,2025-06-13,CUST405,Personal Care,Savlon Handwash,4,95,380,UPI,Delhi
TXN106422,2025-03-12,CUST698,Snacks,Bingo Mad Angles,3,25,75,UPI,Hyderabad
TXN106423,2025-06-15,CUST893,Personal Care,Savlon Sanitizer,2,70,140,Card,Kolkata
TXN106424,2025-05-13,CUST377,Personal Care,Vivel Soap,3,35,105,Cash,Chennai
TXN106425,2025-04-16,CUST956,Snacks,Bingo Chips,2,20,40,UPI,Bangalore
TXN106426,2025-04-27,CUST150,Beverages,Sunbean Coffee,1,180,180,Cash,Hyderabad
TXN106427,2025-03-31,CUST793,Personal Care,Savlon Handwash,2,95,190,UPI,Hyderabad
TXN106428,2025-03-31,CUST506,Snacks,Bingo Chips,5,20,100,UPI,Kolkata
TXN106429,2025-05-17,CUST426,Beverages,Sunbean Coffee,2,180,360,UPI,Delhi
TXN106430,2025-01-10,CUST594,FMCG,Aashirvaad Atta,5,65,325,Card,Hyderabad
TXN106431,2025-03-15,CUST831,Personal Care,Savlon Handwash,4,95,380,Card,Mumbai
TXN106432,2025-01-13,CUST369,Beverages,Sunbean Coffee,2,180,360,Cash,Bangalore
TXN106433,2025-03-24,CUST811,Beverages,B Natural Juice,1,40,40,Cash,Bangalore
TXN106434,2025-02-17,CUST805,Snacks,Bingo Chips,2,20,40,Card,Mumbai
TXN106435,2025-03-25,CUST765,Snacks,Bingo Chips,5,20,100,UPI,Bangalore
TXN106436,2025-02-17,CUST274,Snacks,Bingo Mad Angles,3,25,75,UPI,Hyderabad
TXN106437,2025-01-29,CUST668,Snacks,Bingo Mad Angles,5,25,125,UPI,Hyderabad
TXN106438,2025-01-06,CUST390,Snacks,Bingo Chips,5,20,100,Cash,Chennai
TXN106439,2025-01-26,CUST755,Snacks,Bingo Mad Angles,2,25,50,UPI,Delhi
TXN106440,2025-04-30,CUST981,FMCG,Aashirvaad Atta,2,65,130,Card,Hyderabad
TXN106441,2025-02-19,CUST287,Personal Care,Vivel Soap,2,35,70,UPI,Kolkata
TXN106442,2025-05-25,CUST169,Personal Care,Savlon Sanitizer,3,70,210,UPI,Bangalore
TXN106443,2025-02-09,CUST910,Snacks,Bingo Mad Angles,4,25,100,UPI,Hyderabad
TXN106444,2025-03-02,CUST416,Beverages,B Natural Juice,4,40,160,Card,Hyderabad
TXN106445,2025-02-18,CUST484,Personal Care,Vivel Soap,5,35,175,Card,Kolkata
TXN106446,2025-06-20,CUST871,Personal Care,Savlon Handwash,2,95,190,Card,Kolkata
TXN106447,2025-02-26,CUST248,Beverages,B Natural Juice,1,40,40,Cash,Delhi
TXN106448,2025-04-10,CUST751,Snacks,Bingo Mad Angles,2,25,50,UPI,Delhi
TXN106449,2025-02-07,CUST743,Snacks,Bingo Chips,1,20,20,UPI,Bangalore
TXN106450,2025-06-27,CUST438,Beverages,B Natural Juice,1,40,40,Cash,Delhi
TXN106451,2025-03-16,CUST289,Personal Care,Vivel Soap,2,35,70,Cash,Hyderabad
TXN106452,2025-02-25,CUST742,Personal Care,Vivel Soap,2,35,70,Card,Mumbai
TXN106453,2025-02-14,CUST271,FMCG,Aashirvaad Atta,2,65,130,Card,Bangalore
TXN106454,2025-01-15,CUST457,Beverages,Sunbean Coffee,1,180,180,Cash,Mumbai
TXN106455,2025-05-22,CUST798,FMCG,Aashirvaad Atta,3,65,195,Cash,Bangalore
TXN106456,2025-06-18,CUST904,Snacks,Bingo Chips,4,20,80,UPI,Chennai
TXN106457,2025-06-17,CUST273,Snacks,Bingo Chips,3,20,60,UPI,Delhi
TXN106458,2025-03-06,CUST462,Beverages,Sunbean Coffee,3,180,540,Card,Chennai
TXN106459,2025-04-01,CUST943,Snacks,Bingo Chips,4,20,80,UPI,Hyderabad
TXN106460,2025-03-11,CUST427,Personal Care,Savlon Sanitizer,3,70,210,Cash,Mumbai
TXN106461,2025-02-12,CUST422,Beverages,B Natural Juice,3,40,120,UPI,Delhi
TXN106462,2025-01-21,CUST954,Personal Care,Savlon Sanitizer,2,70,140,Cash,Kolkata
TXN106463,2025-01-05,CUST755,Personal Care,Savlon Sanitizer,1,70,70,UPI,Delhi
TXN106464,2025-02-05,CUST923,Beverages,B Natural Juice,1,40,40,UPI,Delhi
TXN106465,2025-01-28,CUST305,FMCG,Aashirvaad Atta,4,65,260,Cash,Kolkata
TXN106466,2025-03-09,CUST195,Personal Care,Savlon Sanitizer,2,70,140,UPI,Kolkata
TXN106467,2025-05-14,CUST910,Personal Care,Savlon Sanitizer,4,70,280,Card,Delhi
TXN106468,2025-03-07,CUST898,FMCG,Aashirvaad Atta,3,65,195,Card,Bangalore
TXN106469,2025-01-21,CUST586,Snacks,Bingo Mad Angles,2,25,50,Cash,Bangalore
TXN106470,2025-03-29,CUST322,Personal Care,Savlon Sanitizer,5,70,350,Cash,Bangalore
TXN106471,2025-05-04,CUST339,Snacks,Bingo Mad Angles,4,25,100,UPI,Bangalore
TXN106472,2025-02-24,CUST130,Snacks,Bingo Mad Angles,3,25,75,Cash,Bangalore
TXN106473,2025-05-05,CUST898,Personal Care,Vivel Soap,1,35,35,UPI,Kolkata
TXN106474,2025-01-13,CUST414,Snacks,Bingo Mad Angles,4,25,100,Card,Kolkata
TXN106475,2025-05-28,CUST870,FMCG,Aashirvaad Atta,4,65,260,Card,Delhi
TXN106476,2025-05-06,CUST644,Personal Care,Vivel Soap,1,35,35,Card,Mumbai
TXN106477,2025-02-01,CUST543,Snacks,Bingo Mad Angles,1,25,25,UPI,Mumbai
TXN106478,2025-05-27,CUST116,Beverages,B Natural Juice,3,40,120,Card,Bangalore
TXN106479,2025-03-31,CUST826,Beverages,B Natural Juice,1,40,40,UPI,Mumbai
TXN106480,2025-03-15,CUST432,FMCG,Aashirvaad Atta,2,65,130,UPI,Chennai
TXN106481,2025-02-22,CUST251,Beverages,B Natural Juice,3,40,120,UPI,Kolkata
TXN106482,2025-04-25,CUST437,Snacks,Bingo Chips,1,20,20,Card,Kolkata
TXN106483,2025-02-18,CUST243,Beverages,Sunbean Coffee,3,180,540,Card,Kolkata
TXN106484,2025-04-08,CUST326,Personal Care,Savlon Handwash,2,95,190,Cash,Hyderabad
TXN106485,2025-06-25,CUST401,FMCG,Aashirvaad Atta,3,65,195,UPI,Kolkata
TXN106486,2025-03-29,CUST263,FMCG,Aashirvaad Atta,3,65,195,Cash,Delhi
TXN106487,2025-05-02,CUST412,Snacks,Bingo Mad Angles,3,25,75,UPI,Delhi
TXN106488,2025-04-01,CUST713,Personal Care,Savlon Handwash,2,95,190,Cash,Kolkata
TXN106489,2025-03-24,CUST485,Beverages,B Natural Juice,5,40,200,UPI,Kolkata
TXN106490,2025-02-23,CUST605,Personal Care,Savlon Sanitizer,5,70,350,Card,Chennai
TXN106491,2025-01-14,CUST277,FMCG,Aashirvaad Atta,2,65,130,Card,Delhi
TXN106492,2025-06-20,CUST526,Snacks,Bingo Chips,4,20,80,Card,Bangalore
TXN106493,2025-01-12,CUST344,Personal Care,Savlon Sanitizer,4,70,280,Cash,Chennai
TXN106494,2025-04-08,CUST802,Personal Care,Savlon Sanitizer,2,70,140,Cash,Delhi
TXN106495,2025-05-22,CUST480,Personal Care,Savlon Sanitizer,2,70,140,Cash,Hyderabad
TXN106496,2025-05-23,CUST279,Personal Care,Savlon Handwash,2,95,190,UPI,Hyderabad
TXN106497,2025-02-19,CUST969,Personal Care,Savlon Handwash,3,95,285,Card,Mumbai
TXN106498,2025-05-21,CUST837,Snacks,Bingo Mad Angles,2,25,50,Cash,Hyderabad
TXN106499,2025-06-22,CUST299,Beverages,B Natural Juice,2,40,80,Card,Kolkata
TXN106500,2025-03-13,CUST513,FMCG,Aashirvaad Atta,5,65,325,Cash,Kolkata
TXN106501,2025-06-29,CUST823,FMCG,Aashirvaad Atta,4,65,260,Card,Mumbai
TXN106502,2025-06-15,CUST291,Beverages,B Natural Juice,4,40,160,Card,Kolkata
TXN106503,2025-04-20,CUST615,Personal Care,Savlon Handwash,4,95,380,UPI,Bangalore
TXN106504,2025-01-15,CUST425,Personal Care,Vivel Soap,5,35,175,Cash,Kolkata
TXN106505,2025-06-22,CUST580,Snacks,Bingo Chips,2,20,40,Cash,Delhi
TXN106506,2025-05-27,CUST462,Beverages,B Natural Juice,3,40,120,Cash,Bangalore
TXN106507,2025-02-02,CUST606,Snacks,Bingo Mad Angles,3,25,75,UPI,Chennai
TXN106508,2025-02-01,CUST553,Beverages,B Natural Juice,5,40,200,Card,Delhi
TXN106509,2025-01-07,CUST341,FMCG,Aashirvaad Atta,4,65,260,Cash,Bangalore
TXN106510,2025-02-15,CUST740,Snacks,Bingo Chips,4,20,80,Card,Bangalore
TXN106511,2025-05-12,CUST837,Beverages,B Natural Juice,3,40,120,UPI,Mumbai
TXN106512,2025-06-06,CUST142,Snacks,Bingo Mad Angles,3,25,75,Card,Chennai
TXN106513,2025-06-24,CUST864,Beverages,Sunbean Coffee,4,180,720,Card,Bangalore
TXN106514,2025-02-14,CUST221,Snacks,Bingo Mad Angles,3,25,75,Cash,Kolkata
TXN106515,2025-06-15,CUST482,Beverages,Sunbean Coffee,3,180,540,Card,Mumbai
TXN106516,2025-06-06,CUST739,Beverages,Sunbean Coffee,2,180,360,Cash,Mumbai
TXN106517,2025-01-10,CUST340,Personal Care,Savlon Handwash,5,95,475,Card,Delhi
TXN106518,2025-01-31,CUST199,Personal Care,Vivel Soap,5,35,175,UPI,Hyderabad
TXN106519,2025-06-25,CUST156,Personal Care,Vivel Soap,3,35,105,Card,Delhi
TXN106520,2025-03-07,CUST625,Snacks,Bingo Chips,3,20,60,Cash,Bangalore
TXN106521,2025-06-02,CUST291,FMCG,Aashirvaad Atta,3,65,195,Card,Kolkata
TXN106522,2025-04-12,CUST639,Personal Care,Vivel Soap,5,35,175,Cash,Bangalore
TXN106523,2025-01-23,CUST971,Snacks,Bingo Chips,3,20,60,Cash,Hyderabad
TXN106524,2025-01-15,CUST674,Personal Care,Savlon Handwash,4,95,380,Card,Hyderabad
TXN106525,2025-02-16,CUST249,FMCG,Aashirvaad Atta,1,65,65,UPI,Delhi
TXN106526,2025-05-15,CUST256,Snacks,Bingo Chips,5,20,100,UPI,Kolkata
TXN106527,2025-05-02,CUST307,Beverages,Sunbean Coffee,2,180,360,Cash,Hyderabad
TXN106528,2025-05-18,CUST997,Snacks,Bingo Chips,1,20,20,UPI,Delhi
TXN106529,2025-01-08,CUST607,Personal Care,Vivel Soap,3,35,105,UPI,Hyderabad
TXN106530,2025-04-13,CUST923,Snacks,Bingo Chips,1,20,20,Cash,Chennai
TXN106531,2025-06-20,CUST513,FMCG,Aashirvaad Atta,5,65,325,UPI,Chennai
TXN106532,2025-03-14,CUST380,Personal Care,Savlon Sanitizer,2,70,140,UPI,Bangalore
TXN106533,2025-05-21,CUST641,Snacks,Bingo Mad Angles,1,25,25,Card,Kolkata
TXN106534,2025-05-14,CUST876,Snacks,Bingo Chips,3,20,60,UPI,Mumbai
TXN106535,2025-05-26,CUST981,Personal Care,Vivel Soap,4,35,140,UPI,Hyderabad
TXN106536,2025-01-20,CUST576,FMCG,Aashirvaad Atta,4,65,260,UPI,Bangalore
TXN106537,2025-05-11,CUST149,Personal Care,Vivel Soap,4,35,140,Card,Mumbai
TXN106538,2025-05-08,CUST982,Beverages,B Natural Juice,2,40,80,Card,Mumbai
TXN106539,2025-06-19,CUST437,FMCG,Aashirvaad Atta,5,65,325,Cash,Bangalore
TXN106540,2025-05-02,CUST186,FMCG,Aashirvaad Atta,3,65,195,Card,Delhi
TXN106541,2025-05-15,CUST623,FMCG,Aashirvaad Atta,4,65,260,UPI,Hyderabad
TXN106542,2025-02-02,CUST779,Beverages,Sunbean Coffee,3,180,540,Cash,Kolkata
TXN106543,2025-02-09,CUST568,FMCG,Aashirvaad Atta,3,65,195,UPI,Mumbai
TXN106544,2025-05-05,CUST445,Personal Care,Savlon Handwash,4,95,380,UPI,Chennai
TXN106545,2025-01-04,CUST907,Snacks,Bingo Mad Angles,4,25,100,UPI,Hyderabad
TXN106546,2025-05-22,CUST149,Personal Care,Savlon Handwash,2,95,190,Cash,Bangalore
TXN106547,2025-01-21,CUST191,Snacks,Bingo Mad Angles,2,25,50,UPI,Delhi
TXN106548,2025-04-13,CUST223,Personal Care,Savlon Sanitizer,4,70,280,Card,Chennai
TXN106549,2025-04-11,CUST116,Snacks,Bingo Chips,2,20,40,UPI,Mumbai
TXN106550,2025-04-19,CUST684,Personal Care,Savlon Handwash,4,95,380,Cash,Bangalore
TXN106551,2025-03-30,CUST205,Personal Care,Savlon Sanitizer,4,70,280,Card,Delhi
TXN106552,2025-02-13,CUST597,Snacks,Bingo Chips,4,20,80,Card,Bangalore
TXN106553,2025-04-30,CUST355,Snacks,Bingo Mad Angles,3,25,75,Card,Delhi
TXN106554,2025-06-14,CUST592,Beverages,Sunbean Coffee,5,180,900,Cash,Kolkata
TXN106555,2025-05-20,CUST316,FMCG,Aashirvaad Atta,4,65,260,Card,Delhi
TXN106556,2025-05-06,CUST118,Snacks,Bingo Mad Angles,4,25,100,UPI,Bangalore
TXN106557,2025-01-25,CUST422,FMCG,Aashirvaad Atta,3,65,195,UPI,Mumbai
TXN106558,2025-01-27,CUST551,Personal Care,Savlon Sanitizer,5,70,350,Cash,Delhi
TXN106559,2025-01-05,CUST645,Personal Care,Savlon Handwash,2,95,190,Card,Bangalore
TXN106560,2025-02-22,CUST780,Personal Care,Vivel Soap,4,35,140,Card,Bangalore
TXN106561,2025-02-07,CUST324,Personal Care,Savlon Handwash,3,95,285,Cash,Kolkata
TXN106562,2025-05-18,CUST317,Personal Care,Savlon Sanitizer,2,70,140,UPI,Hyderabad
TXN106563,2025-06-19,CUST882,Snacks,Bingo Mad Angles,3,25,75,Cash,Hyderabad
TXN106564,2025-02-08,CUST744,FMCG,Aashirvaad Atta,4,65,260,Card,Hyderabad
TXN106565,2025-03-20,CUST438,FMCG,Aashirvaad Atta,1,65,65,Card,Hyderabad
TXN106566,2025-06-24,CUST550,Beverages,B Natural Juice,4,40,160,Card,Kolkata
TXN106567,2025-04-21,CUST879,FMCG,Aashirvaad Atta,1,65,65,Card,Kolkata
TXN106568,2025-02-17,CUST616,Snacks,Bingo Chips,4,20,80,Card,Chennai
TXN106569,2025-04-17,CUST643,FMCG,Aashirvaad Atta,2,65,130,UPI,Hyderabad
TXN106570,2025-04-02,CUST299,Personal Care,Savlon Sanitizer,3,70,210,Card,Hyderabad
TXN106571,2025-06-12,CUST897,Personal Care,Savlon Handwash,4,95,380,Cash,Mumbai
TXN106572,2025-03-08,CUST539,Beverages,B Natural Juice,5,40,200,Cash,Delhi
TXN106573,2025-04-25,CUST666,Beverages,B Natural Juice,4,40,160,Card,Delhi
TXN106574,2025-06-22,CUST412,FMCG,Aashirvaad Atta,4,65,260,Cash,Mumbai
TXN106575,2025-04-20,CUST488,Snacks,Bingo Mad Angles,4,25,100,Card,Chennai
TXN106576,2025-04-09,CUST811,Personal Care,Savlon Handwash,3,95,285,Cash,Delhi
TXN106577,2025-03-13,CUST630,Snacks,Bingo Chips,2,20,40,Cash,Delhi
TXN106578,2025-04-21,CUST954,FMCG,Aashirvaad Atta,1,65,65,UPI,Chennai
TXN106579,2025-05-28,CUST867,Personal Care,Vivel Soap,3,35,105,Cash,Mumbai
TXN106580,2025-04-30,CUST782,FMCG,Aashirvaad Atta,2,65,130,Cash,Delhi
TXN106581,2025-03-22,CUST858,Beverages,B Natural Juice,1,40,40,Cash,Hyderabad
TXN106582,2025-06-14,CUST233,Personal Care,Savlon Sanitizer,3,70,210,Card,Delhi
TXN106583,2025-03-25,CUST577,Personal Care,Savlon Handwash,2,95,190,Card,Bangalore
TXN106584,2025-01-26,CUST389,Snacks,Bingo Chips,4,20,80,Cash,Mumbai
TXN106585,2025-02-19,CUST909,Personal Care,Vivel Soap,4,35,140,Cash,Hyderabad
TXN106586,2025-02-23,CUST711,Personal Care,Vivel Soap,1,35,35,Card,Kolkata
TXN106587,2025-04-05,CUST239,FMCG,Aashirvaad Atta,3,65,195,Cash,Mumbai
TXN106588,2025-03-28,CUST773,Beverages,B Natural Juice,3,40,120,Card,Kolkata
TXN106589,2025-01-29,CUST216,Beverages,Sunbean Coffee,5,180,900,UPI,Bangalore
TXN106590,2025-01-14,CUST961,Beverages,Sunbean Coffee,4,180,720,Card,Hyderabad
TXN106591,2025-03-15,CUST363,Snacks,Bingo Chips,1,20,20,Card,Chennai
TXN106592,2025-02-13,CUST495,FMCG,Aashirvaad Atta,5,65,325,Card,Hyderabad
TXN106593,2025-01-14,CUST435,Snacks,Bingo Chips,4,20,80,UPI,Kolkata
TXN106594,2025-02-20,CUST774,FMCG,Aashirvaad Atta,2,65,130,UPI,Mumbai
TXN106595,2025-04-14,CUST429,Beverages,Sunbean Coffee,1,180,180,UPI,Delhi
TXN106596,2025-03-27,CUST994,Personal Care,Vivel Soap,5,35,175,UPI,Kolkata
TXN106597,2025-02-22,CUST671,Snacks,Bingo Mad Angles,4,25,100,Card,Hyderabad
TXN106598,2025-01-15,CUST105,Beverages,B Natural Juice,1,40,40,UPI,Mumbai
TXN106599,2025-03-30,CUST989,Beverages,B Natural Juice,5,40,200,Card,Chennai
TXN106600,2025-05-30,CUST542,Beverages,B Natural Juice,2,40,80,Cash,Delhi
TXN106601,2025-03-23,CUST739,Personal Care,Savlon Handwash,2,95,190,Card,Bangalore
TXN106602,2025-05-09,CUST540,Snacks,Bingo Mad Angles,2,25,50,Cash,Mumbai
TXN106603,2025-01-13,CUST273,Snacks,Bingo Mad Angles,5,25,125,Cash,Hyderabad
TXN106604,2025-04-07,CUST814,Beverages,B Natural Juice,3,40,120,UPI,Delhi
TXN106605,2025-04-10,CUST460,Personal Care,Vivel Soap,5,35,175,UPI,Delhi
TXN106606,2025-01-03,CUST861,Personal Care,Savlon Handwash,5,95,475,Cash,Hyderabad
TXN106607,2025-03-15,CUST891,FMCG,Aashirvaad Atta,1,65,65,UPI,Mumbai
TXN106608,2025-01-08,CUST749,FMCG,Aashirvaad Atta,5,65,325,Cash,Delhi
TXN106609,2025-06-26,CUST101,FMCG,Aashirvaad Atta,5,65,325,UPI,Bangalore
TXN106610,2025-02-19,CUST922,FMCG,Aashirvaad Atta,5,65,325,UPI,Mumbai
TXN106611,2025-02-06,CUST468,Beverages,B Natural Juice,5,40,200,UPI,Delhi
TXN106612,2025-05-17,CUST848,Snacks,Bingo Chips,3,20,60,Cash,Mumbai
TXN106613,2025-05-27,CUST996,FMCG,Aashirvaad Atta,3,65,195,Card,Chennai
TXN106614,2025-01-11,CUST755,Personal Care,Savlon Sanitizer,1,70,70,UPI,Mumbai
TXN106615,2025-02-24,CUST854,Personal Care,Savlon Sanitizer,2,70,140,UPI,Mumbai
TXN106616,2025-05-28,CUST482,Personal Care,Savlon Handwash,5,95,475,Card,Mumbai
TXN106617,2025-05-26,CUST518,Snacks,Bingo Chips,4,20,80,UPI,Chennai
TXN106618,2025-05-02,CUST637,Snacks,Bingo Chips,5,20,100,Cash,Hyderabad
TXN106619,2025-05-24,CUST110,Personal Care,Savlon Sanitizer,4,70,280,Card,Kolkata
TXN106620,2025-05-27,CUST294,FMCG,Aashirvaad Atta,5,65,325,Card,Kolkata
TXN106621,2025-06-18,CUST967,Personal Care,Savlon Sanitizer,4,70,280,UPI,Bangalore
TXN106622,2025-01-26,CUST742,Personal Care,Savlon Sanitizer,2,70,140,UPI,Chennai
TXN106623,2025-06-20,CUST800,Snacks,Bingo Chips,5,20,100,UPI,Hyderabad
TXN106624,2025-03-13,CUST701,Personal Care,Savlon Sanitizer,4,70,280,Card,Bangalore
TXN106625,2025-04-23,CUST811,Personal Care,Savlon Handwash,4,95,380,Card,Bangalore
TXN106626,2025-03-06,CUST991,FMCG,Aashirvaad Atta,2,65,130,Card,Hyderabad
TXN106627,2025-05-06,CUST478,Snacks,Bingo Chips,4,20,80,Card,Kolkata
TXN106628,2025-05-13,CUST580,Beverages,B Natural Juice,2,40,80,UPI,Delhi
TXN106629,2025-06-21,CUST395,Snacks,Bingo Mad Angles,3,25,75,UPI,Kolkata
TXN106630,2025-01-06,CUST540,Beverages,Sunbean Coffee,1,180,180,UPI,Kolkata
TXN106631,2025-02-04,CUST340,Beverages,B Natural Juice,5,40,200,Cash,Bangalore
TXN106632,2025-04-20,CUST298,FMCG,Aashirvaad Atta,2,65,130,UPI,Mumbai
TXN106633,2025-04-11,CUST714,Personal Care,Vivel Soap,5,35,175,Card,Bangalore
TXN106634,2025-05-02,CUST423,FMCG,Aashirvaad Atta,1,65,65,Cash,Delhi
TXN106635,2025-05-03,CUST935,Personal Care,Savlon Handwash,4,95,380,UPI,Delhi
TXN106636,2025-06-29,CUST122,Personal Care,Vivel Soap,1,35,35,UPI,Kolkata
TXN106637,2025-01-15,CUST371,Snacks,Bingo Mad Angles,4,25,100,UPI,Chennai
TXN106638,2025-03-30,CUST449,Personal Care,Vivel Soap,1,35,35,UPI,Hyderabad
TXN106639,2025-05-20,CUST171,Beverages,Sunbean Coffee,2,180,360,Cash,Hyderabad
TXN106640,2025-06-27,CUST974,Beverages,Sunbean Coffee,2,180,360,UPI,Bangalore
TXN106641,2025-02-10,CUST177,FMCG,Aashirvaad Atta,2,65,130,Cash,Delhi
TXN106642,2025-03-14,CUST654,Personal Care,Vivel Soap,2,35,70,Card,Delhi
TXN106643,2025-01-18,CUST513,Snacks,Bingo Mad Angles,2,25,50,UPI,Bangalore
TXN106644,2025-05-14,CUST540,FMCG,Aashirvaad Atta,1,65,65,UPI,Chennai
TXN106645,2025-01-16,CUST194,Beverages,B Natural Juice,1,40,40,Card,Mumbai
TXN106646,2025-05-30,CUST502,FMCG,Aashirvaad Atta,2,65,130,Card,Delhi
TXN106647,2025-03-06,CUST414,Beverages,B Natural Juice,5,40,200,Cash,Bangalore
TXN106648,2025-02-26,CUST395,Beverages,Sunbean Coffee,3,180,540,Card,Hyderabad
TXN106649,2025-06-25,CUST652,FMCG,Aashirvaad Atta,4,65,260,Cash,Kolkata
TXN106650,2025-04-28,CUST433,Beverages,B Natural Juice,1,40,40,Card,Bangalore
TXN106651,2025-03-14,CUST714,Personal Care,Savlon Handwash,4,95,380,UPI,Kolkata
TXN106652,2025-06-27,CUST914,Personal Care,Savlon Handwash,1,95,95,UPI,Bangalore
TXN106653,2025-05-16,CUST698,Personal Care,Savlon Handwash,4,95,380,Card,Hyderabad
TXN106654,2025-01-12,CUST682,Personal Care,Savlon Sanitizer,2,70,140,UPI,Bangalore
TXN106655,2025-01-11,CUST776,Personal Care,Vivel Soap,4,35,140,UPI,Delhi
TXN106656,2025-05-04,CUST883,Personal Care,Savlon Sanitizer,2,70,140,Cash,Bangalore
TXN106657,2025-04-30,CUST832,Beverages,B Natural Juice,5,40,200,UPI,Delhi
TXN106658,2025-02-18,CUST978,Personal Care,Vivel Soap,5,35,175,UPI,Kolkata
TXN106659,2025-03-24,CUST895,Personal Care,Savlon Handwash,1,95,95,Cash,Chennai
TXN106660,2025-02-21,CUST540,Beverages,B Natural Juice,5,40,200,Card,Hyderabad
TXN106661,2025-04-04,CUST459,Beverages,Sunbean Coffee,3,180,540,Cash,Mumbai
TXN106662,2025-06-12,CUST119,Personal Care,Savlon Sanitizer,5,70,350,Card,Hyderabad
TXN106663,2025-05-11,CUST509,Personal Care,Savlon Sanitizer,3,70,210,Cash,Hyderabad
TXN106664,2025-06-02,CUST561,Personal Care,Savlon Sanitizer,2,70,140,Card,Mumbai
TXN106665,2025-06-03,CUST554,Beverages,Sunbean Coffee,3,180,540,UPI,Delhi
TXN106666,2025-01-05,CUST409,Beverages,B Natural Juice,5,40,200,Cash,Delhi
TXN106667,2025-03-09,CUST162,Personal Care,Savlon Handwash,4,95,380,Cash,Chennai
TXN106668,2025-02-14,CUST499,Beverages,Sunbean Coffee,1,180,180,Card,Bangalore
TXN106669,2025-03-05,CUST884,Beverages,B Natural Juice,2,40,80,Cash,Delhi
TXN106670,2025-05-04,CUST126,Personal Care,Vivel Soap,3,35,105,Card,Mumbai
TXN106671,2025-01-03,CUST117,Snacks,Bingo Mad Angles,3,25,75,UPI,Kolkata
TXN106672,2025-03-30,CUST520,FMCG,Aashirvaad Atta,2,65,130,Card,Kolkata
TXN106673,2025-06-22,CUST801,Beverages,Sunbean Coffee,3,180,540,Card,Delhi
TXN106674,2025-01-25,CUST283,Personal Care,Savlon Sanitizer,2,70,140,UPI,Hyderabad
TXN106675,2025-02-08,CUST726,Personal Care,Vivel Soap,1,35,35,Cash,Bangalore
TXN106676,2025-03-05,CUST360,Beverages,Sunbean Coffee,2,180,360,Card,Bangalore
TXN106677,2025-03-12,CUST227,Snacks,Bingo Chips,1,20,20,Cash,Bangalore
TXN106678,2025-04-06,CUST815,Personal Care,Vivel Soap,2,35,70,Card,Chennai
TXN106679,2025-06-30,CUST230,Personal Care,Savlon Sanitizer,4,70,280,Cash,Delhi
TXN106680,2025-05-10,CUST471,Personal Care,Vivel Soap,2,35,70,Cash,Mumbai
TXN106681,2025-03-25,CUST639,Snacks,Bingo Mad Angles,3,25,75,Card,Kolkata
TXN106682,2025-06-10,CUST137,Beverages,B Natural Juice,5,40,200,Card,Hyderabad
TXN106683,2025-02-22,CUST388,Beverages,Sunbean Coffee,3,180,540,Card,Delhi
TXN106684,2025-02-04,CUST939,Snacks,Bingo Chips,1,20,20,UPI,Chennai
TXN106685,2025-06-19,CUST583,Personal Care,Vivel Soap,1,35,35,UPI,Kolkata
TXN106686,2025-05-30,CUST953,Snacks,Bingo Chips,1,20,20,UPI,Delhi
TXN106687,2025-02-22,CUST221,Personal Care,Vivel Soap,1,35,35,Card,Kolkata
TXN106688,2025-01-20,CUST169,FMCG,Aashirvaad Atta,5,65,325,Cash,Chennai
TXN106689,2025-06-23,CUST575,FMCG,Aashirvaad Atta,5,65,325,UPI,Bangalore
TXN106690,2025-03-27,CUST423,Beverages,B Natural Juice,4,40,160,Card,Delhi
TXN106691,2025-05-10,CUST911,FMCG,Aashirvaad Atta,4,65,260,UPI,Chennai
TXN106692,2025-06-30,CUST454,Beverages,Sunbean Coffee,1,180,180,Cash,Chennai
TXN106693,2025-06-03,CUST625,Personal Care,Savlon Handwash,4,95,380,Cash,Hyderabad
TXN106694,2025-03-16,CUST485,Personal Care,Vivel Soap,2,35,70,Card,Mumbai
TXN106695,2025-01-22,CUST329,Personal Care,Savlon Sanitizer,3,70,210,Cash,Bangalore
TXN106696,2025-03-21,CUST235,Snacks,Bingo Mad Angles,3,25,75,Cash,Hyderabad
TXN106697,2025-03-05,CUST369,Beverages,Sunbean Coffee,3,180,540,UPI,Kolkata
TXN106698,2025-06-11,CUST723,Personal Care,Vivel Soap,5,35,175,UPI,Kolkata
TXN106699,2025-04-06,CUST623,Personal Care,Savlon Handwash,5,95,475,UPI,Delhi
TXN106700,2025-04-27,CUST422,Personal Care,Savlon Handwash,1,95,95,Card,Chennai
TXN106701,2025-06-02,CUST579,Beverages,B Natural Juice,1,40,40,Cash,Kolkata
TXN106702,2025-01-05,CUST527,FMCG,Aashirvaad Atta,1,65,65,Card,Hyderabad
TXN106703,2025-05-26,CUST549,Personal Care,Savlon Handwash,2,95,190,Card,Kolkata
TXN106704,2025-05-25,CUST461,FMCG,Aashirvaad Atta,2,65,130,Cash,Hyderabad
TXN106705,2025-04-26,CUST800,Beverages,B Natural Juice,2,40,80,UPI,Mumbai
TXN106706,2025-03-18,CUST262,Snacks,Bingo Mad Angles,4,25,100,Card,Mumbai
TXN106707,2025-03-26,CUST867,Beverages,B Natural Juice,1,40,40,Card,Mumbai
TXN106708,2025-04-21,CUST743,Personal Care,Savlon Handwash,1,95,95,Card,Kolkata
TXN106709,2025-03-04,CUST822,Snacks,Bingo Chips,2,20,40,Card,Kolkata
TXN106710,2025-03-31,CUST257,Personal Care,Savlon Handwash,1,95,95,UPI,Hyderabad
TXN106711,2025-05-29,CUST598,Beverages,Sunbean Coffee,1,180,180,Cash,Kolkata
TXN106712,2025-05-07,CUST716,FMCG,Aashirvaad Atta,5,65,325,UPI,Chennai
TXN106713,2025-03-16,CUST992,Personal Care,Vivel Soap,4,35,140,Card,Chennai
TXN106714,2025-02-08,CUST624,Personal Care,Savlon Handwash,5,95,475,Cash,Kolkata
TXN106715,2025-05-04,CUST751,Snacks,Bingo Chips,1,20,20,UPI,Bangalore
TXN106716,2025-04-08,CUST850,Personal Care,Vivel Soap,1,35,35,Card,Chennai
TXN106717,2025-03-21,CUST637,FMCG,Aashirvaad Atta,1,65,65,Cash,Hyderabad
TXN106718,2025-02-15,CUST389,Personal Care,Vivel Soap,2,35,70,UPI,Hyderabad
TXN106719,2025-06-02,CUST629,Beverages,Sunbean Coffee,4,180,720,Card,Delhi
TXN106720,2025-03-04,CUST420,Beverages,B Natural Juice,4,40,160,UPI,Bangalore
TXN106721,2025-03-23,CUST460,Beverages,B Natural Juice,2,40,80,Cash,Mumbai
TXN106722,2025-02-10,CUST519,Beverages,Sunbean Coffee,4,180,720,UPI,Kolkata
TXN106723,2025-04-06,CUST611,FMCG,Aashirvaad Atta,3,65,195,Card,Bangalore
TXN106724,2025-04-20,CUST714,Personal Care,Savlon Handwash,4,95,380,Cash,Mumbai
TXN106725,2025-03-11,CUST988,Personal Care,Vivel Soap,1,35,35,Card,Kolkata
TXN106726,2025-05-25,CUST272,Personal Care,Savlon Sanitizer,4,70,280,UPI,Kolkata
TXN106727,2025-02-06,CUST956,FMCG,Aashirvaad Atta,3,65,195,Card,Chennai
TXN106728,2025-03-03,CUST431,Personal Care,Savlon Handwash,1,95,95,Card,Hyderabad
TXN106729,2025-04-09,CUST419,Beverages,Sunbean Coffee,5,180,900,Cash,Kolkata
TXN106730,2025-01-26,CUST980,Snacks,Bingo Chips,3,20,60,Card,Mumbai
TXN106731,2025-01-06,CUST402,Snacks,Bingo Chips,3,20,60,Cash,Hyderabad
TXN106732,2025-01-20,CUST417,Beverages,B Natural Juice,2,40,80,Cash,Hyderabad
TXN106733,2025-01-02,CUST305,Snacks,Bingo Chips,5,20,100,Cash,Delhi
TXN106734,2025-04-25,CUST133,Beverages,Sunbean Coffee,1,180,180,Card,Mumbai
TXN106735,2025-03-15,CUST460,Personal Care,Savlon Sanitizer,3,70,210,Card,Delhi
TXN106736,2025-02-15,CUST479,Personal Care,Savlon Handwash,4,95,380,Cash,Hyderabad
TXN106737,2025-03-09,CUST796,Personal Care,Vivel Soap,2,35,70,UPI,Bangalore
TXN106738,2025-05-30,CUST579,Personal Care,Vivel Soap,4,35,140,UPI,Mumbai
TXN106739,2025-05-27,CUST109,FMCG,Aashirvaad Atta,2,65,130,Cash,Delhi
TXN106740,2025-06-01,CUST395,Personal Care,Savlon Sanitizer,4,70,280,Card,Bangalore
TXN106741,2025-06-01,CUST603,Personal Care,Savlon Handwash,2,95,190,Cash,Bangalore
TXN106742,2025-01-10,CUST568,Personal Care,Vivel Soap,5,35,175,UPI,Delhi
TXN106743,2025-03-11,CUST795,Beverages,B Natural Juice,5,40,200,Cash,Chennai
TXN106744,2025-04-23,CUST856,FMCG,Aashirvaad Atta,4,65,260,UPI,Bangalore
TXN106745,2025-02-01,CUST481,Snacks,Bingo Chips,5,20,100,UPI,Delhi
TXN106746,2025-06-28,CUST946,Personal Care,Vivel Soap,5,35,175,UPI,Mumbai
TXN106747,2025-05-31,CUST324,Personal Care,Savlon Sanitizer,3,70,210,Card,Mumbai
TXN106748,2025-05-16,CUST568,Personal Care,Savlon Handwash,2,95,190,Cash,Delhi
TXN106749,2025-03-03,CUST375,Beverages,Sunbean Coffee,1,180,180,UPI,Bangalore
TXN106750,2025-06-13,CUST859,Personal Care,Savlon Sanitizer,1,70,70,UPI,Chennai
TXN106751,2025-04-27,CUST600,Personal Care,Vivel Soap,1,35,35,Card,Kolkata
TXN106752,2025-03-24,CUST619,Personal Care,Savlon Sanitizer,2,70,140,Cash,Chennai
TXN106753,2025-04-22,CUST632,Personal Care,Vivel Soap,4,35,140,Cash,Hyderabad
TXN106754,2025-01-22,CUST418,Beverages,B Natural Juice,2,40,80,Card,Chennai
TXN106755,2025-03-21,CUST525,Personal Care,Savlon Sanitizer,3,70,210,Cash,Mumbai
TXN106756,2025-02-17,CUST229,FMCG,Aashirvaad Atta,2,65,130,Card,Kolkata
TXN106757,2025-03-26,CUST518,Snacks,Bingo Mad Angles,4,25,100,Cash,Chennai
TXN106758,2025-06-21,CUST779,FMCG,Aashirvaad Atta,4,65,260,Card,Chennai
TXN106759,2025-06-02,CUST575,Personal Care,Vivel Soap,1,35,35,Cash,Chennai
TXN106760,2025-02-09,CUST875,Personal Care,Vivel Soap,2,35,70,UPI,Mumbai
TXN106761,2025-04-27,CUST732,Personal Care,Savlon Sanitizer,2,70,140,UPI,Delhi
TXN106762,2025-01-21,CUST640,Beverages,B Natural Juice,2,40,80,Cash,Bangalore
TXN106763,2025-03-18,CUST321,Personal Care,Savlon Sanitizer,5,70,350,Cash,Mumbai
TXN106764,2025-03-17,CUST823,Snacks,Bingo Chips,3,20,60,UPI,Kolkata
TXN106765,2025-03-29,CUST479,Snacks,Bingo Mad Angles,1,25,25,UPI,Mumbai
TXN106766,2025-06-13,CUST364,Beverages,Sunbean Coffee,3,180,540,UPI,Bangalore
TXN106767,2025-01-19,CUST191,Beverages,Sunbean Coffee,2,180,360,Cash,Chennai
TXN106768,2025-03-31,CUST602,Snacks,Bingo Mad Angles,3,25,75,Cash,Hyderabad
TXN106769,2025-02-20,CUST334,Personal Care,Savlon Sanitizer,5,70,350,Cash,Kolkata
TXN106770,2025-05-24,CUST908,Beverages,B Natural Juice,3,40,120,Cash,Hyderabad
TXN106771,2025-03-25,CUST989,Snacks,Bingo Mad Angles,1,25,25,UPI,Hyderabad
TXN106772,2025-02-12,CUST295,Snacks,Bingo Mad Angles,5,25,125,UPI,Hyderabad
TXN106773,2025-05-22,CUST111,Personal Care,Savlon Handwash,5,95,475,Card,Mumbai
TXN106774,2025-04-02,CUST607,Personal Care,Savlon Handwash,1,95,95,Card,Mumbai
TXN106775,2025-03-20,CUST189,Beverages,Sunbean Coffee,2,180,360,Card,Hyderabad
TXN106776,2025-06-08,CUST390,Beverages,B Natural Juice,5,40,200,Cash,Delhi
TXN106777,2025-02-07,CUST849,Beverages,Sunbean Coffee,2,180,360,UPI,Mumbai
TXN106778,2025-03-02,CUST759,Personal Care,Savlon Handwash,1,95,95,UPI,Hyderabad
TXN106779,2025-05-28,CUST951,Snacks,Bingo Chips,5,20,100,UPI,Delhi
TXN106780,2025-02-01,CUST215,Snacks,Bingo Chips,1,20,20,Cash,Mumbai
TXN106781,2025-06-11,CUST831,Beverages,B Natural Juice,4,40,160,Cash,Bangalore
TXN106782,2025-05-26,CUST130,Personal Care,Vivel Soap,2,35,70,Card,Chennai
TXN106783,2025-06-10,CUST688,Beverages,B Natural Juice,2,40,80,UPI,Chennai
TXN106784,2025-01-06,CUST958,Personal Care,Savlon Handwash,4,95,380,Cash,Bangalore
TXN106785,2025-01-13,CUST776,Beverages,B Natural Juice,1,40,40,Cash,Hyderabad
TXN106786,2025-03-07,CUST785,Personal Care,Vivel Soap,4,35,140,Cash,Mumbai
TXN106787,2025-04-03,CUST897,FMCG,Aashirvaad Atta,4,65,260,UPI,Hyderabad
TXN106788,2025-01-28,CUST919,Personal Care,Savlon Sanitizer,2,70,140,UPI,Chennai
TXN106789,2025-04-08,CUST654,Personal Care,Vivel Soap,1,35,35,UPI,Hyderabad
TXN106790,2025-01-02,CUST760,Snacks,Bingo Chips,3,20,60,UPI,Delhi
TXN106791,2025-01-10,CUST724,Snacks,Bingo Chips,5,20,100,Card,Kolkata
TXN106792,2025-02-08,CUST464,Beverages,Sunbean Coffee,2,180,360,UPI,Bangalore
TXN106793,2025-06-04,CUST907,Snacks,Bingo Chips,5,20,100,Cash,Kolkata
TXN106794,2025-03-28,CUST322,Snacks,Bingo Mad Angles,5,25,125,Card,Chennai
TXN106795,2025-04-26,CUST890,Beverages,Sunbean Coffee,3,180,540,UPI,Delhi
TXN106796,2025-01-28,CUST355,Snacks,Bingo Chips,5,20,100,UPI,Bangalore
TXN106797,2025-03-13,CUST182,Beverages,B Natural Juice,4,40,160,Cash,Chennai
TXN106798,2025-04-19,CUST351,Beverages,Sunbean Coffee,5,180,900,Cash,Hyderabad
TXN106799,2025-04-23,CUST718,Snacks,Bingo Mad Angles,5,25,125,UPI,Bangalore
TXN106800,2025-02-06,CUST481,Beverages,B Natural Juice,2,40,80,Cash,Hyderabad
TXN106801,2025-06-08,CUST994,Personal Care,Savlon Sanitizer,3,70,210,UPI,Mumbai
TXN106802,2025-01-20,CUST119,FMCG,Aashirvaad Atta,2,65,130,Card,Delhi
TXN106803,2025-01-09,CUST499,Personal Care,Vivel Soap,4,35,140,Card,Bangalore
TXN106804,2025-02-26,CUST256,Personal Care,Savlon Sanitizer,2,70,140,Cash,Delhi
TXN106805,2025-01-18,CUST380,Beverages,B Natural Juice,1,40,40,UPI,Mumbai
TXN106806,2025-06-04,CUST512,Snacks,Bingo Mad Angles,4,25,100,UPI,Delhi
TXN106807,2025-01-18,CUST684,FMCG,Aashirvaad Atta,1,65,65,Cash,Kolkata
TXN106808,2025-01-04,CUST733,Snacks,Bingo Mad Angles,2,25,50,Cash,Delhi
TXN106809,2025-02-03,CUST700,Personal Care,Vivel Soap,5,35,175,Cash,Bangalore
TXN106810,2025-02-23,CUST159,Snacks,Bingo Mad Angles,3,25,75,Cash,Mumbai
TXN106811,2025-03-10,CUST582,Personal Care,Vivel Soap,3,35,105,Cash,Mumbai
TXN106812,2025-01-06,CUST462,Snacks,Bingo Chips,3,20,60,Card,Mumbai
TXN106813,2025-04-06,CUST471,Personal Care,Savlon Handwash,3,95,285,Card,Hyderabad
TXN106814,2025-05-08,CUST423,FMCG,Aashirvaad Atta,1,65,65,Cash,Mumbai
TXN106815,2025-01-06,CUST336,FMCG,Aashirvaad Atta,5,65,325,Card,Chennai
TXN106816,2025-04-24,CUST332,Snacks,Bingo Mad Angles,3,25,75,Cash,Hyderabad
TXN106817,2025-06-15,CUST393,Beverages,B Natural Juice,5,40,200,UPI,Bangalore
TXN106818,2025-05-13,CUST663,Snacks,Bingo Chips,3,20,60,UPI,Bangalore
TXN106819,2025-03-09,CUST429,Personal Care,Savlon Handwash,5,95,475,UPI,Delhi
TXN106820,2025-01-14,CUST394,Beverages,B Natural Juice,4,40,160,UPI,Hyderabad
TXN106821,2025-06-07,CUST491,Personal Care,Savlon Sanitizer,3,70,210,Card,Kolkata
TXN106822,2025-05-22,CUST939,Personal Care,Savlon Sanitizer,3,70,210,UPI,Kolkata
TXN106823,2025-05-29,CUST505,Personal Care,Savlon Sanitizer,4,70,280,UPI,Chennai
TXN106824,2025-01-27,CUST642,Personal Care,Savlon Handwash,5,95,475,Card,Chennai
TXN106825,2025-02-01,CUST877,Beverages,B Natural Juice,1,40,40,UPI,Mumbai
TXN106826,2025-01-20,CUST711,Snacks,Bingo Chips,1,20,20,UPI,Hyderabad
TXN106827,2025-03-25,CUST836,Personal Care,Vivel Soap,4,35,140,Cash,Chennai
TXN106828,2025-05-10,CUST675,Personal Care,Savlon Sanitizer,3,70,210,UPI,Mumbai
TXN106829,2025-04-19,CUST732,Personal Care,Vivel Soap,2,35,70,UPI,Mumbai
TXN106830,2025-03-24,CUST919,Personal Care,Savlon Sanitizer,1,70,70,UPI,Mumbai
TXN106831,2025-01-14,CUST266,Personal Care,Savlon Sanitizer,4,70,280,UPI,Bangalore
TXN106832,2025-02-10,CUST816,Snacks,Bingo Chips,1,20,20,Card,Chennai
TXN106833,2025-03-02,CUST135,Snacks,Bingo Chips,3,20,60,Cash,Chennai
TXN106834,2025-01-17,CUST841,Beverages,Sunbean Coffee,2,180,360,Cash,Mumbai
TXN106835,2025-01-19,CUST808,Personal Care,Vivel Soap,1,35,35,UPI,Mumbai
TXN106836,2025-04-08,CUST110,Personal Care,Savlon Sanitizer,4,70,280,Cash,Delhi
TXN106837,2025-06-05,CUST121,Beverages,Sunbean Coffee,2,180,360,Card,Kolkata
TXN106838,2025-01-08,CUST925,Snacks,Bingo Chips,4,20,80,Cash,Chennai
TXN106839,2025-06-29,CUST488,FMCG,Aashirvaad Atta,4,65,260,Card,Kolkata
TXN106840,2025-03-28,CUST160,Snacks,Bingo Chips,5,20,100,Cash,Chennai
TXN106841,2025-04-18,CUST606,Beverages,B Natural Juice,4,40,160,Cash,Bangalore
TXN106842,2025-05-03,CUST864,Snacks,Bingo Mad Angles,3,25,75,Cash,Bangalore
TXN106843,2025-06-29,CUST802,Personal Care,Savlon Sanitizer,2,70,140,Card,Bangalore
TXN106844,2025-04-30,CUST323,Personal Care,Vivel Soap,1,35,35,Card,Mumbai
TXN106845,2025-03-25,CUST732,Beverages,B Natural Juice,2,40,80,UPI,Delhi
TXN106846,2025-06-07,CUST798,Beverages,Sunbean Coffee,5,180,900,Card,Kolkata
TXN106847,2025-01-17,CUST198,Personal Care,Vivel Soap,5,35,175,UPI,Delhi
TXN106848,2025-06-26,CUST807,FMCG,Aashirvaad Atta,2,65,130,Card,Bangalore
TXN106849,2025-05-23,CUST500,Personal Care,Savlon Handwash,2,95,190,UPI,Chennai
TXN106850,2025-06-05,CUST708,Beverages,B Natural Juice,2,40,80,Cash,Mumbai
TXN106851,2025-06-08,CUST648,Snacks,Bingo Mad Angles,4,25,100,Cash,Chennai
TXN106852,2025-03-26,CUST754,Snacks,Bingo Mad Angles,4,25,100,Card,Chennai
TXN106853,2025-01-28,CUST658,FMCG,Aashirvaad Atta,1,65,65,UPI,Hyderabad
TXN106854,2025-02-09,CUST885,Personal Care,Savlon Handwash,2,95,190,Card,Bangalore
TXN106855,2025-05-22,CUST536,Beverages,B Natural Juice,3,40,120,UPI,Hyderabad
TXN106856,2025-05-02,CUST712,Snacks,Bingo Chips,1,20,20,UPI,Hyderabad
TXN106857,2025-05-26,CUST970,Personal Care,Vivel Soap,2,35,70,Card,Hyderabad
TXN106858,2025-03-12,CUST665,FMCG,Aashirvaad Atta,2,65,130,UPI,Chennai
TXN106859,2025-03-09,CUST176,Snacks,Bingo Chips,5,20,100,Cash,Mumbai
TXN106860,2025-01-04,CUST914,Personal Care,Savlon Sanitizer,4,70,280,UPI,Chennai
TXN106861,2025-02-02,CUST492,Beverages,B Natural Juice,1,40,40,Cash,Kolkata
TXN106862,2025-03-12,CUST837,Beverages,Sunbean Coffee,2,180,360,Card,Bangalore
TXN106863,2025-06-04,CUST138,Snacks,Bingo Mad Angles,2,25,50,Card,Bangalore
TXN106864,2025-06-07,CUST546,Personal Care,Savlon Handwash,2,95,190,Card,Kolkata
TXN106865,2025-04-11,CUST454,Beverages,B Natural Juice,2,40,80,Cash,Chennai
TXN106866,2025-03-14,CUST494,FMCG,Aashirvaad Atta,4,65,260,Cash,Mumbai
TXN106867,2025-05-30,CUST199,Personal Care,Savlon Sanitizer,1,70,70,Cash,Delhi
TXN106868,2025-04-03,CUST445,Snacks,Bingo Mad Angles,4,25,100,Cash,Chennai
TXN106869,2025-04-02,CUST839,Snacks,Bingo Chips,2,20,40,UPI,Mumbai
TXN106870,2025-02-17,CUST161,Snacks,Bingo Mad Angles,5,25,125,Card,Kolkata
TXN106871,2025-04-05,CUST648,Beverages,Sunbean Coffee,4,180,720,UPI,Kolkata
TXN106872,2025-03-16,CUST885,FMCG,Aashirvaad Atta,5,65,325,UPI,Delhi
TXN106873,2025-06-03,CUST988,Personal Care,Savlon Handwash,5,95,475,Cash,Bangalore
TXN106874,2025-02-12,CUST448,Personal Care,Vivel Soap,5,35,175,UPI,Delhi
TXN106875,2025-01-19,CUST432,Snacks,Bingo Mad Angles,2,25,50,UPI,Delhi
TXN106876,2025-02-28,CUST896,FMCG,Aashirvaad Atta,4,65,260,UPI,Bangalore
TXN106877,2025-06-15,CUST553,Beverages,Sunbean Coffee,3,180,540,UPI,Kolkata
TXN106878,2025-06-15,CUST203,Personal Care,Savlon Sanitizer,2,70,140,Cash,Kolkata
TXN106879,2025-01-15,CUST849,Beverages,B Natural Juice,2,40,80,UPI,Mumbai
TXN106880,2025-03-20,CUST605,Beverages,B Natural Juice,2,40,80,Cash,Delhi
TXN106881,2025-01-07,CUST323,Beverages,B Natural Juice,4,40,160,UPI,Hyderabad
TXN106882,2025-03-06,CUST284,FMCG,Aashirvaad Atta,3,65,195,Cash,Bangalore
TXN106883,2025-02-25,CUST355,Personal Care,Savlon Sanitizer,5,70,350,UPI,Mumbai
TXN106884,2025-01-19,CUST121,FMCG,Aashirvaad Atta,2,65,130,UPI,Bangalore
TXN106885,2025-01-18,CUST244,Beverages,B Natural Juice,5,40,200,Card,Hyderabad
TXN106886,2025-01-24,CUST231,Personal Care,Savlon Handwash,3,95,285,UPI,Chennai
TXN106887,2025-05-29,CUST335,FMCG,Aashirvaad Atta,1,65,65,Card,Hyderabad
TXN106888,2025-01-27,CUST427,Beverages,Sunbean Coffee,1,180,180,UPI,Hyderabad
TXN106889,2025-06-11,CUST910,Personal Care,Savlon Sanitizer,4,70,280,Card,Kolkata
TXN106890,2025-03-26,CUST212,Personal Care,Savlon Handwash,3,95,285,Cash,Mumbai
TXN106891,2025-06-18,CUST431,Personal Care,Savlon Sanitizer,1,70,70,Card,Kolkata
TXN106892,2025-02-28,CUST219,Personal Care,Savlon Handwash,5,95,475,Cash,Delhi
TXN106893,2025-06-04,CUST385,Beverages,Sunbean Coffee,2,180,360,Card,Chennai
TXN106894,2025-04-08,CUST522,Snacks,Bingo Chips,1,20,20,Cash,Hyderabad
TXN106895,2025-06-05,CUST510,Beverages,Sunbean Coffee,3,180,540,UPI,Kolkata
TXN106896,2025-01-08,CUST869,Beverages,B Natural Juice,5,40,200,UPI,Delhi
TXN106897,2025-01-21,CUST972,Beverages,B Natural Juice,1,40,40,UPI,Mumbai
TXN106898,2025-02-27,CUST173,Snacks,Bingo Mad Angles,5,25,125,UPI,Bangalore
TXN106899,2025-02-04,CUST821,Snacks,Bingo Chips,4,20,80,Card,Kolkata
TXN106900,2025-01-06,CUST602,Beverages,B Natural Juice,3,40,120,UPI,Kolkata
TXN106901,2025-06-13,CUST933,Personal Care,Savlon Handwash,5,95,475,Card,Hyderabad
TXN106902,2025-01-22,CUST443,Personal Care,Vivel Soap,4,35,140,Card,Chennai
TXN106903,2025-01-18,CUST165,FMCG,Aashirvaad Atta,2,65,130,Cash,Bangalore
TXN106904,2025-01-25,CUST226,FMCG,Aashirvaad Atta,3,65,195,UPI,Chennai
TXN106905,2025-05-21,CUST556,Personal Care,Savlon Handwash,1,95,95,UPI,Hyderabad
TXN106906,2025-04-04,CUST633,Snacks,Bingo Mad Angles,4,25,100,UPI,Kolkata
TXN106907,2025-03-30,CUST670,Beverages,Sunbean Coffee,5,180,900,UPI,Kolkata
TXN106908,2025-03-31,CUST982,FMCG,Aashirvaad Atta,4,65,260,Card,Kolkata
TXN106909,2025-02-05,CUST972,FMCG,Aashirvaad Atta,4,65,260,Cash,Delhi
TXN106910,2025-02-10,CUST223,FMCG,Aashirvaad Atta,5,65,325,UPI,Kolkata
TXN106911,2025-04-10,CUST127,Personal Care,Savlon Handwash,3,95,285,UPI,Kolkata
TXN106912,2025-05-22,CUST121,Personal Care,Savlon Handwash,4,95,380,Cash,Kolkata
TXN106913,2025-05-08,CUST563,Personal Care,Savlon Sanitizer,5,70,350,Cash,Mumbai
TXN106914,2025-05-22,CUST600,FMCG,Aashirvaad Atta,2,65,130,Card,Bangalore
TXN106915,2025-06-09,CUST910,Personal Care,Savlon Handwash,2,95,190,Card,Chennai
TXN106916,2025-02-09,CUST534,Beverages,Sunbean Coffee,2,180,360,Card,Bangalore
TXN106917,2025-01-19,CUST248,Personal Care,Vivel Soap,2,35,70,Card,Mumbai
TXN106918,2025-05-31,CUST303,Snacks,Bingo Chips,4,20,80,Card,Mumbai
TXN106919,2025-05-21,CUST819,Personal Care,Savlon Handwash,4,95,380,Card,Mumbai
TXN106920,2025-03-31,CUST857,Snacks,Bingo Mad Angles,5,25,125,Card,Kolkata
TXN106921,2025-02-07,CUST808,Snacks,Bingo Mad Angles,4,25,100,Card,Delhi
TXN106922,2025-04-03,CUST621,Snacks,Bingo Mad Angles,3,25,75,Cash,Kolkata
TXN106923,2025-06-04,CUST415,Personal Care,Vivel Soap,3,35,105,UPI,Delhi
TXN106924,2025-03-16,CUST728,Personal Care,Savlon Sanitizer,2,70,140,UPI,Chennai
TXN106925,2025-02-22,CUST333,Personal Care,Savlon Sanitizer,4,70,280,Cash,Delhi
TXN106926,2025-03-14,CUST245,FMCG,Aashirvaad Atta,4,65,260,UPI,Kolkata
TXN106927,2025-06-27,CUST223,Personal Care,Vivel Soap,5,35,175,Cash,Chennai
TXN106928,2025-01-01,CUST680,Personal Care,Savlon Handwash,4,95,380,UPI,Kolkata
TXN106929,2025-02-28,CUST547,Personal Care,Savlon Handwash,4,95,380,UPI,Mumbai
TXN106930,2025-01-05,CUST892,Personal Care,Vivel Soap,3,35,105,UPI,Delhi
TXN106931,2025-03-21,CUST915,Snacks,Bingo Chips,5,20,100,UPI,Chennai
TXN106932,2025-04-22,CUST118,Beverages,Sunbean Coffee,5,180,900,Card,Bangalore
TXN106933,2025-05-27,CUST615,Beverages,Sunbean Coffee,5,180,900,Cash,Bangalore
TXN106934,2025-01-14,CUST529,Personal Care,Vivel Soap,3,35,105,UPI,Bangalore
TXN106935,2025-05-07,CUST506,Beverages,B Natural Juice,2,40,80,UPI,Mumbai
TXN106936,2025-01-24,CUST240,Personal Care,Vivel Soap,5,35,175,Card,Hyderabad
TXN106937,2025-06-06,CUST673,Personal Care,Savlon Handwash,5,95,475,Cash,Mumbai
TXN106938,2025-01-10,CUST753,Snacks,Bingo Chips,2,20,40,UPI,Delhi
TXN106939,2025-02-02,CUST155,FMCG,Aashirvaad Atta,1,65,65,Card,Delhi
TXN106940,2025-05-24,CUST702,Personal Care,Vivel Soap,3,35,105,UPI,Bangalore
TXN106941,2025-01-11,CUST948,FMCG,Aashirvaad Atta,1,65,65,Card,Chennai
TXN106942,2025-04-23,CUST938,Personal Care,Savlon Handwash,2,95,190,UPI,Kolkata
TXN106943,2025-04-23,CUST497,FMCG,Aashirvaad Atta,2,65,130,Cash,Bangalore
TXN106944,2025-01-21,CUST407,Beverages,Sunbean Coffee,4,180,720,UPI,Mumbai
TXN106945,2025-02-27,CUST411,Personal Care,Savlon Sanitizer,5,70,350,Card,Hyderabad
TXN106946,2025-05-18,CUST337,Personal Care,Vivel Soap,1,35,35,UPI,Chennai
TXN106947,2025-06-24,CUST112,Personal Care,Vivel Soap,2,35,70,Card,Bangalore
TXN106948,2025-04-16,CUST740,FMCG,Aashirvaad Atta,2,65,130,UPI,Hyderabad
TXN106949,2025-04-21,CUST319,Beverages,Sunbean Coffee,5,180,900,UPI,Chennai
TXN106950,2025-01-18,CUST598,Snacks,Bingo Chips,2,20,40,Card,Bangalore
TXN106951,2025-01-24,CUST909,Personal Care,Savlon Handwash,2,95,190,Cash,Bangalore
TXN106952,2025-01-25,CUST588,FMCG,Aashirvaad Atta,2,65,130,UPI,Bangalore
TXN106953,2025-04-30,CUST351,Beverages,B Natural Juice,2,40,80,Card,Bangalore
TXN106954,2025-01-28,CUST643,Personal Care,Savlon Sanitizer,4,70,280,UPI,Kolkata
TXN106955,2025-04-13,CUST644,Personal Care,Vivel Soap,2,35,70,Cash,Mumbai
TXN106956,2025-03-27,CUST673,Personal Care,Savlon Sanitizer,4,70,280,Card,Mumbai
TXN106957,2025-05-01,CUST908,FMCG,Aashirvaad Atta,1,65,65,UPI,Mumbai
TXN106958,2025-02-22,CUST829,Personal Care,Vivel Soap,5,35,175,Card,Delhi
TXN106959,2025-01-02,CUST611,Snacks,Bingo Mad Angles,1,25,25,Cash,Hyderabad
TXN106960,2025-05-22,CUST453,Personal Care,Vivel Soap,3,35,105,Cash,Mumbai
TXN106961,2025-03-07,CUST953,Personal Care,Savlon Handwash,5,95,475,UPI,Bangalore
TXN106962,2025-02-15,CUST876,Personal Care,Savlon Sanitizer,3,70,210,Cash,Bangalore
TXN106963,2025-03-17,CUST829,Snacks,Bingo Chips,3,20,60,Card,Delhi
TXN106964,2025-05-02,CUST149,Beverages,Sunbean Coffee,5,180,900,Cash,Bangalore
TXN106965,2025-05-12,CUST240,Beverages,B Natural Juice,4,40,160,Card,Hyderabad
TXN106966,2025-01-25,CUST705,Personal Care,Savlon Handwash,1,95,95,UPI,Hyderabad
TXN106967,2025-03-06,CUST821,Snacks,Bingo Chips,2,20,40,Cash,Bangalore
TXN106968,2025-01-05,CUST389,FMCG,Aashirvaad Atta,3,65,195,UPI,Bangalore
TXN106969,2025-01-17,CUST202,Snacks,Bingo Chips,3,20,60,Card,Kolkata
TXN106970,2025-03-11,CUST101,Snacks,Bingo Mad Angles,1,25,25,Card,Delhi
TXN106971,2025-05-28,CUST455,Personal Care,Savlon Sanitizer,2,70,140,Cash,Mumbai
TXN106972,2025-04-12,CUST466,Personal Care,Savlon Sanitizer,5,70,350,UPI,Delhi
TXN106973,2025-06-17,CUST322,Personal Care,Savlon Sanitizer,4,70,280,Cash,Chennai
TXN106974,2025-02-01,CUST332,Snacks,Bingo Mad Angles,1,25,25,Cash,Kolkata
TXN106975,2025-06-17,CUST312,Personal Care,Savlon Sanitizer,4,70,280,Cash,Hyderabad
TXN106976,2025-06-06,CUST965,Beverages,B Natural Juice,5,40,200,UPI,Kolkata
TXN106977,2025-06-14,CUST377,FMCG,Aashirvaad Atta,3,65,195,Card,Hyderabad
TXN106978,2025-02-06,CUST959,Beverages,B Natural Juice,2,40,80,UPI,Delhi
TXN106979,2025-01-18,CUST537,Beverages,Sunbean Coffee,3,180,540,UPI,Kolkata
TXN106980,2025-05-13,CUST431,Beverages,B Natural Juice,5,40,200,UPI,Kolkata
TXN106981,2025-06-01,CUST473,Snacks,Bingo Mad Angles,2,25,50,Card,Kolkata
TXN106982,2025-03-26,CUST656,Personal Care,Savlon Sanitizer,2,70,140,Cash,Bangalore
TXN106983,2025-06-06,CUST599,Personal Care,Savlon Sanitizer,2,70,140,UPI,Hyderabad
TXN106984,2025-05-21,CUST207,Beverages,Sunbean Coffee,5,180,900,Card,Bangalore
TXN106985,2025-03-16,CUST231,Snacks,Bingo Mad Angles,2,25,50,UPI,Chennai
TXN106986,2025-06-16,CUST678,Snacks,Bingo Mad Angles,1,25,25,UPI,Mumbai
TXN106987,2025-05-19,CUST417,Personal Care,Savlon Sanitizer,2,70,140,Cash,Kolkata
TXN106988,2025-03-29,CUST194,Beverages,B Natural Juice,4,40,160,Cash,Delhi
TXN106989,2025-03-10,CUST281,Personal Care,Savlon Sanitizer,2,70,140,Card,Chennai
TXN106990,2025-02-07,CUST925,Beverages,Sunbean Coffee,2,180,360,Cash,Delhi
TXN106991,2025-02-10,CUST121,Snacks,Bingo Mad Angles,2,25,50,Card,Delhi
TXN106992,2025-01-11,CUST388,Personal Care,Savlon Handwash,5,95,475,Card,Chennai
TXN106993,2025-03-20,CUST392,FMCG,Aashirvaad Atta,1,65,65,Card,Hyderabad
TXN106994,2025-02-08,CUST294,Snacks,Bingo Chips,1,20,20,UPI,Hyderabad
TXN106995,2025-06-25,CUST527,Snacks,Bingo Chips,5,20,100,UPI,Delhi
TXN106996,2025-05-24,CUST395,Snacks,Bingo Chips,4,20,80,UPI,Delhi
TXN106997,2025-04-27,CUST456,Personal Care,Savlon Handwash,1,95,95,Cash,Hyderabad
TXN106998,2025-05-06,CUST231,FMCG,Aashirvaad Atta,3,65,195,Card,Kolkata
TXN106999,2025-04-27,CUST401,Personal Care,Savlon Sanitizer,5,70,350,Cash,Bangalore
TXN107000,2025-01-14,CUST219,Personal Care,Vivel Soap,1,35,35,Card,Hyderabad
TXN107001,2025-03-27,CUST267,Personal Care,Vivel Soap,4,35,140,Cash,Delhi
TXN107002,2025-05-04,CUST671,Personal Care,Vivel Soap,4,35,140,UPI,Mumbai
TXN107003,2025-02-09,CUST122,Beverages,B Natural Juice,5,40,200,Card,Hyderabad
TXN107004,2025-01-23,CUST387,Snacks,Bingo Chips,5,20,100,Card,Delhi
TXN107005,2025-02-08,CUST279,FMCG,Aashirvaad Atta,1,65,65,UPI,Delhi
TXN107006,2025-04-08,CUST827,Personal Care,Vivel Soap,2,35,70,Cash,Hyderabad
TXN107007,2025-04-16,CUST747,Snacks,Bingo Mad Angles,4,25,100,UPI,Kolkata
TXN107008,2025-05-23,CUST756,Personal Care,Vivel Soap,2,35,70,Card,Bangalore
TXN107009,2025-02-24,CUST467,Beverages,B Natural Juice,3,40,120,Cash,Delhi
TXN107010,2025-02-10,CUST121,Snacks,Bingo Mad Angles,5,25,125,Cash,Kolkata
TXN107011,2025-03-10,CUST751,Beverages,Sunbean Coffee,4,180,720,Card,Delhi
TXN107012,2025-04-27,CUST754,Beverages,B Natural Juice,1,40,40,Cash,Mumbai
TXN107013,2025-06-04,CUST613,Beverages,Sunbean Coffee,5,180,900,Card,Mumbai
TXN107014,2025-02-04,CUST734,Snacks,Bingo Mad Angles,2,25,50,Card,Delhi
TXN107015,2025-04-12,CUST759,Personal Care,Savlon Sanitizer,5,70,350,Cash,Mumbai
TXN107016,2025-03-20,CUST995,Beverages,Sunbean Coffee,1,180,180,Card,Kolkata
TXN107017,2025-06-29,CUST201,Snacks,Bingo Mad Angles,5,25,125,UPI,Bangalore
TXN107018,2025-02-09,CUST638,Beverages,B Natural Juice,2,40,80,UPI,Kolkata
TXN107019,2025-05-06,CUST491,Personal Care,Savlon Handwash,5,95,475,Cash,Bangalore
TXN107020,2025-03-24,CUST575,Personal Care,Savlon Handwash,2,95,190,Cash,Chennai
TXN107021,2025-06-04,CUST696,Beverages,B Natural Juice,3,40,120,Card,Mumbai
TXN107022,2025-05-06,CUST708,Beverages,B Natural Juice,2,40,80,UPI,Hyderabad
TXN107023,2025-01-13,CUST337,Beverages,B Natural Juice,5,40,200,UPI,Chennai
TXN107024,2025-06-10,CUST921,Beverages,B Natural Juice,3,40,120,UPI,Chennai
TXN107025,2025-05-15,CUST791,Snacks,Bingo Chips,5,20,100,Card,Bangalore
TXN107026,2025-02-26,CUST647,Personal Care,Savlon Sanitizer,3,70,210,UPI,Chennai
TXN107027,2025-06-08,CUST361,Personal Care,Savlon Sanitizer,3,70,210,Card,Hyderabad
TXN107028,2025-01-24,CUST376,Personal Care,Savlon Sanitizer,2,70,140,UPI,Delhi
TXN107029,2025-06-27,CUST866,Personal Care,Savlon Sanitizer,3,70,210,Cash,Chennai
TXN107030,2025-03-25,CUST390,Beverages,B Natural Juice,1,40,40,UPI,Hyderabad
TXN107031,2025-05-10,CUST333,Beverages,Sunbean Coffee,3,180,540,Cash,Mumbai
TXN107032,2025-01-26,CUST116,Snacks,Bingo Chips,5,20,100,Card,Mumbai
TXN107033,2025-01-20,CUST313,Personal Care,Savlon Sanitizer,1,70,70,Cash,Kolkata
TXN107034,2025-05-26,CUST961,FMCG,Aashirvaad Atta,1,65,65,Cash,Kolkata
TXN107035,2025-05-22,CUST936,Snacks,Bingo Chips,1,20,20,Cash,Mumbai
TXN107036,2025-05-28,CUST348,FMCG,Aashirvaad Atta,3,65,195,UPI,Hyderabad
TXN107037,2025-01-29,CUST709,Personal Care,Savlon Sanitizer,1,70,70,Cash,Chennai
TXN107038,2025-05-09,CUST698,Beverages,Sunbean Coffee,4,180,720,Cash,Hyderabad
TXN107039,2025-03-22,CUST293,Snacks,Bingo Chips,1,20,20,Card,Mumbai
TXN107040,2025-03-03,CUST769,Beverages,B Natural Juice,4,40,160,Cash,Mumbai
TXN107041,2025-06-16,CUST340,Personal Care,Savlon Handwash,5,95,475,Card,Kolkata
TXN107042,2025-02-25,CUST953,Beverages,B Natural Juice,3,40,120,Cash,Bangalore
TXN107043,2025-02-04,CUST503,Personal Care,Savlon Sanitizer,2,70,140,Cash,Chennai
TXN107044,2025-05-09,CUST576,FMCG,Aashirvaad Atta,5,65,325,Card,Kolkata
TXN107045,2025-04-01,CUST653,Snacks,Bingo Mad Angles,4,25,100,UPI,Hyderabad
TXN107046,2025-04-22,CUST996,Personal Care,Vivel Soap,1,35,35,UPI,Chennai
TXN107047,2025-04-09,CUST372,Beverages,Sunbean Coffee,4,180,720,Card,Hyderabad
TXN107048,2025-04-29,CUST815,Snacks,Bingo Mad Angles,5,25,125,UPI,Hyderabad
TXN107049,2025-01-19,CUST919,Beverages,B Natural Juice,2,40,80,Cash,Bangalore
TXN107050,2025-05-12,CUST783,Snacks,Bingo Chips,5,20,100,UPI,Delhi
TXN107051,2025-03-04,CUST863,Snacks,Bingo Chips,1,20,20,UPI,Chennai
TXN107052,2025-01-13,CUST818,Personal Care,Savlon Handwash,5,95,475,Card,Chennai
TXN107053,2025-03-04,CUST936,Snacks,Bingo Chips,1,20,20,Cash,Chennai
TXN107054,2025-02-25,CUST329,Beverages,B Natural Juice,5,40,200,Cash,Mumbai
TXN107055,2025-05-17,CUST758,Personal Care,Savlon Handwash,1,95,95,Card,Hyderabad
TXN107056,2025-04-17,CUST672,Beverages,B Natural Juice,4,40,160,Cash,Chennai
TXN107057,2025-05-18,CUST282,Personal Care,Vivel Soap,5,35,175,Cash,Delhi
TXN107058,2025-06-28,CUST585,Snacks,Bingo Chips,2,20,40,Card,Kolkata
TXN107059,2025-05-30,CUST627,FMCG,Aashirvaad Atta,3,65,195,Card,Mumbai
TXN107060,2025-06-22,CUST867,Personal Care,Vivel Soap,3,35,105,Cash,Hyderabad
TXN107061,2025-05-05,CUST850,Beverages,Sunbean Coffee,5,180,900,UPI,Bangalore
TXN107062,2025-05-04,CUST740,Snacks,Bingo Chips,4,20,80,Cash,Bangalore
TXN107063,2025-03-11,CUST793,Beverages,B Natural Juice,1,40,40,UPI,Mumbai
TXN107064,2025-03-31,CUST499,Beverages,B Natural Juice,3,40,120,Cash,Chennai
TXN107065,2025-05-09,CUST769,Snacks,Bingo Chips,2,20,40,UPI,Chennai
TXN107066,2025-04-16,CUST880,Beverages,B Natural Juice,1,40,40,Cash,Bangalore
TXN107067,2025-02-15,CUST262,Snacks,Bingo Chips,4,20,80,UPI,Bangalore
TXN107068,2025-01-12,CUST925,Snacks,Bingo Chips,2,20,40,Card,Chennai
TXN107069,2025-05-30,CUST113,FMCG,Aashirvaad Atta,5,65,325,Cash,Bangalore
TXN107070,2025-01-25,CUST135,Beverages,Sunbean Coffee,3,180,540,Card,Kolkata
TXN107071,2025-02-26,CUST807,Personal Care,Vivel Soap,3,35,105,UPI,Bangalore
TXN107072,2025-05-02,CUST547,Snacks,Bingo Mad Angles,2,25,50,UPI,Hyderabad
TXN107073,2025-02-15,CUST221,Personal Care,Savlon Sanitizer,5,70,350,Cash,Delhi
TXN107074,2025-02-06,CUST269,FMCG,Aashirvaad Atta,1,65,65,Cash,Chennai
TXN107075,2025-04-15,CUST420,Beverages,B Natural Juice,5,40,200,UPI,Bangalore
TXN107076,2025-01-28,CUST823,Beverages,Sunbean Coffee,4,180,720,Cash,Chennai
TXN107077,2025-01-11,CUST767,Snacks,Bingo Mad Angles,4,25,100,Card,Mumbai
TXN107078,2025-02-23,CUST965,Beverages,B Natural Juice,5,40,200,UPI,Bangalore
TXN107079,2025-06-02,CUST587,Beverages,Sunbean Coffee,3,180,540,UPI,Delhi
TXN107080,2025-04-01,CUST863,Beverages,Sunbean Coffee,4,180,720,Card,Chennai
TXN107081,2025-04-06,CUST748,Personal Care,Savlon Handwash,5,95,475,Cash,Chennai
TXN107082,2025-06-04,CUST805,Personal Care,Savlon Handwash,2,95,190,Card,Chennai
TXN107083,2025-02-10,CUST186,Snacks,Bingo Mad Angles,3,25,75,Cash,Kolkata
TXN107084,2025-05-30,CUST642,Beverages,B Natural Juice,5,40,200,Cash,Bangalore
TXN107085,2025-03-24,CUST221,Personal Care,Vivel Soap,5,35,175,Card,Chennai
TXN107086,2025-05-24,CUST848,Beverages,B Natural Juice,5,40,200,UPI,Kolkata
TXN107087,2025-06-14,CUST945,Personal Care,Savlon Sanitizer,2,70,140,Cash,Bangalore
TXN107088,2025-03-06,CUST959,Beverages,Sunbean Coffee,5,180,900,Card,Kolkata
TXN107089,2025-01-04,CUST797,Personal Care,Savlon Handwash,5,95,475,UPI,Delhi
TXN107090,2025-05-19,CUST269,FMCG,Aashirvaad Atta,4,65,260,UPI,Mumbai
TXN107091,2025-04-12,CUST853,Personal Care,Vivel Soap,2,35,70,UPI,Delhi
TXN107092,2025-04-15,CUST414,Snacks,Bingo Chips,2,20,40,UPI,Chennai
TXN107093,2025-04-23,CUST372,Personal Care,Savlon Sanitizer,4,70,280,Card,Delhi
TXN107094,2025-05-01,CUST899,FMCG,Aashirvaad Atta,3,65,195,Cash,Chennai
TXN107095,2025-03-18,CUST663,Personal Care,Savlon Sanitizer,5,70,350,Cash,Chennai
TXN107096,2025-03-24,CUST365,Personal Care,Savlon Sanitizer,3,70,210,UPI,Bangalore
TXN107097,2025-01-05,CUST162,Snacks,Bingo Mad Angles,3,25,75,Card,Delhi
TXN107098,2025-04-30,CUST803,Beverages,Sunbean Coffee,1,180,180,UPI,Mumbai
TXN107099,2025-04-09,CUST177,Personal Care,Vivel Soap,5,35,175,Card,Bangalore
TXN107100,2025-06-19,CUST545,Personal Care,Savlon Handwash,1,95,95,Card,Hyderabad
TXN107101,2025-02-21,CUST429,Snacks,Bingo Chips,3,20,60,Cash,Mumbai
TXN107102,2025-03-06,CUST654,Snacks,Bingo Mad Angles,5,25,125,Cash,Bangalore
TXN107103,2025-03-12,CUST978,Snacks,Bingo Mad Angles,3,25,75,Card,Mumbai
TXN107104,2025-04-21,CUST603,Snacks,Bingo Chips,2,20,40,UPI,Mumbai
TXN107105,2025-02-04,CUST154,FMCG,Aashirvaad Atta,1,65,65,UPI,Delhi
TXN107106,2025-01-03,CUST534,Beverages,Sunbean Coffee,3,180,540,UPI,Kolkata
TXN107107,2025-06-28,CUST611,Personal Care,Savlon Handwash,3,95,285,Cash,Bangalore
TXN107108,2025-02-28,CUST152,Snacks,Bingo Chips,1,20,20,Cash,Mumbai
TXN107109,2025-02-06,CUST973,Personal Care,Savlon Sanitizer,1,70,70,Cash,Kolkata
TXN107110,2025-02-14,CUST442,FMCG,Aashirvaad Atta,5,65,325,Card,Mumbai
TXN107111,2025-03-20,CUST972,Snacks,Bingo Mad Angles,5,25,125,Cash,Mumbai
TXN107112,2025-05-31,CUST837,Personal Care,Vivel Soap,5,35,175,Cash,Bangalore
TXN107113,2025-04-20,CUST228,Personal Care,Vivel Soap,1,35,35,Card,Kolkata
TXN107114,2025-06-08,CUST386,Personal Care,Vivel Soap,4,35,140,UPI,Kolkata
TXN107115,2025-04-28,CUST510,Personal Care,Vivel Soap,3,35,105,Cash,Hyderabad
TXN107116,2025-03-03,CUST266,Personal Care,Vivel Soap,1,35,35,Cash,Delhi
TXN107117,2025-03-23,CUST724,Beverages,B Natural Juice,5,40,200,Card,Hyderabad
TXN107118,2025-03-15,CUST987,Snacks,Bingo Mad Angles,2,25,50,Cash,Bangalore
TXN107119,2025-05-11,CUST711,Beverages,B Natural Juice,5,40,200,Cash,Chennai
TXN107120,2025-06-28,CUST755,Personal Care,Vivel Soap,5,35,175,Card,Mumbai
TXN107121,2025-01-03,CUST353,Snacks,Bingo Chips,3,20,60,Cash,Mumbai
TXN107122,2025-01-20,CUST895,Beverages,B Natural Juice,5,40,200,UPI,Mumbai
TXN107123,2025-04-13,CUST295,Personal Care,Savlon Sanitizer,3,70,210,UPI,Chennai
TXN107124,2025-01-21,CUST465,Snacks,Bingo Chips,5,20,100,Card,Bangalore
TXN107125,2025-04-20,CUST766,Snacks,Bingo Chips,4,20,80,UPI,Kolkata
TXN107126,2025-06-30,CUST671,Snacks,Bingo Mad Angles,4,25,100,Cash,Kolkata
TXN107127,2025-06-15,CUST108,Snacks,Bingo Mad Angles,5,25,125,UPI,Mumbai
TXN107128,2025-05-17,CUST258,Personal Care,Savlon Sanitizer,1,70,70,Card,Chennai
TXN107129,2025-06-22,CUST799,Snacks,Bingo Mad Angles,2,25,50,Card,Kolkata
TXN107130,2025-04-23,CUST779,Snacks,Bingo Chips,1,20,20,Cash,Delhi
TXN107131,2025-02-12,CUST885,Personal Care,Savlon Sanitizer,5,70,350,Card,Bangalore
TXN107132,2025-04-13,CUST149,Snacks,Bingo Chips,4,20,80,Card,Mumbai
TXN107133,2025-03-22,CUST505,Personal Care,Savlon Handwash,5,95,475,UPI,Delhi
TXN107134,2025-04-08,CUST595,Personal Care,Vivel Soap,3,35,105,Card,Mumbai
TXN107135,2025-02-18,CUST390,Snacks,Bingo Mad Angles,3,25,75,Cash,Kolkata
TXN107136,2025-06-20,CUST753,Snacks,Bingo Mad Angles,2,25,50,Cash,Delhi
TXN107137,2025-06-01,CUST286,Beverages,Sunbean Coffee,4,180,720,UPI,Kolkata
TXN107138,2025-05-24,CUST459,Personal Care,Vivel Soap,2,35,70,UPI,Hyderabad
TXN107139,2025-04-08,CUST385,Beverages,B Natural Juice,5,40,200,Cash,Delhi
TXN107140,2025-06-09,CUST617,Beverages,B Natural Juice,1,40,40,Card,Chennai
TXN107141,2025-04-27,CUST274,FMCG,Aashirvaad Atta,5,65,325,Card,Delhi
TXN107142,2025-05-28,CUST227,Personal Care,Savlon Sanitizer,3,70,210,Cash,Delhi
TXN107143,2025-04-28,CUST959,Personal Care,Savlon Sanitizer,2,70,140,UPI,Mumbai
TXN107144,2025-04-07,CUST320,FMCG,Aashirvaad Atta,3,65,195,UPI,Chennai
TXN107145,2025-06-17,CUST889,Snacks,Bingo Chips,2,20,40,Cash,Kolkata
TXN107146,2025-05-02,CUST900,Personal Care,Savlon Sanitizer,1,70,70,Cash,Delhi
TXN107147,2025-03-18,CUST316,Personal Care,Vivel Soap,1,35,35,UPI,Chennai
TXN107148,2025-02-04,CUST754,Personal Care,Savlon Handwash,3,95,285,Card,Bangalore
TXN107149,2025-04-16,CUST407,Beverages,Sunbean Coffee,2,180,360,UPI,Delhi
TXN107150,2025-01-31,CUST934,Personal Care,Savlon Handwash,3,95,285,Card,Hyderabad
TXN107151,2025-04-23,CUST384,Personal Care,Vivel Soap,5,35,175,Cash,Hyderabad
TXN107152,2025-03-16,CUST282,Beverages,Sunbean Coffee,5,180,900,Cash,Bangalore
TXN107153,2025-05-10,CUST621,Beverages,B Natural Juice,1,40,40,Card,Hyderabad
TXN107154,2025-01-30,CUST175,Personal Care,Savlon Handwash,3,95,285,Cash,Kolkata
TXN107155,2025-04-04,CUST216,Beverages,B Natural Juice,5,40,200,Cash,Hyderabad
TXN107156,2025-02-08,CUST769,FMCG,Aashirvaad Atta,4,65,260,Card,Mumbai
TXN107157,2025-01-15,CUST153,Snacks,Bingo Chips,3,20,60,Card,Kolkata
TXN107158,2025-03-06,CUST989,Beverages,Sunbean Coffee,3,180,540,Card,Kolkata
TXN107159,2025-05-26,CUST165,Beverages,B Natural Juice,1,40,40,Card,Mumbai
TXN107160,2025-04-13,CUST480,Personal Care,Savlon Handwash,5,95,475,Card,Chennai
TXN107161,2025-03-16,CUST658,Personal Care,Vivel Soap,4,35,140,Cash,Bangalore
TXN107162,2025-03-28,CUST357,Beverages,Sunbean Coffee,2,180,360,UPI,Chennai
TXN107163,2025-01-22,CUST111,Personal Care,Savlon Sanitizer,1,70,70,UPI,Kolkata
TXN107164,2025-06-24,CUST288,Beverages,Sunbean Coffee,3,180,540,Card,Hyderabad
TXN107165,2025-04-08,CUST406,Personal Care,Vivel Soap,2,35,70,UPI,Delhi
TXN107166,2025-03-31,CUST771,Beverages,Sunbean Coffee,4,180,720,UPI,Hyderabad
TXN107167,2025-01-30,CUST798,Snacks,Bingo Mad Angles,3,25,75,Cash,Chennai
TXN107168,2025-04-27,CUST926,Snacks,Bingo Mad Angles,2,25,50,Cash,Chennai
TXN107169,2025-06-21,CUST840,Snacks,Bingo Chips,5,20,100,Cash,Chennai
TXN107170,2025-05-02,CUST395,Snacks,Bingo Chips,5,20,100,UPI,Hyderabad
TXN107171,2025-03-02,CUST353,FMCG,Aashirvaad Atta,1,65,65,Card,Mumbai
TXN107172,2025-03-12,CUST435,Snacks,Bingo Mad Angles,1,25,25,Card,Kolkata
TXN107173,2025-05-28,CUST249,Beverages,Sunbean Coffee,4,180,720,UPI,Delhi
TXN107174,2025-03-12,CUST702,Beverages,B Natural Juice,5,40,200,Card,Hyderabad
TXN107175,2025-01-16,CUST181,Personal Care,Vivel Soap,5,35,175,Card,Mumbai
TXN107176,2025-05-22,CUST558,Personal Care,Savlon Sanitizer,5,70,350,Card,Kolkata
TXN107177,2025-03-25,CUST344,Personal Care,Vivel Soap,4,35,140,Card,Delhi
TXN107178,2025-01-25,CUST353,Personal Care,Savlon Sanitizer,2,70,140,Cash,Hyderabad
TXN107179,2025-06-14,CUST383,Personal Care,Savlon Handwash,4,95,380,Card,Chennai
TXN107180,2025-04-14,CUST440,Personal Care,Savlon Sanitizer,5,70,350,Card,Mumbai
TXN107181,2025-03-30,CUST613,Personal Care,Savlon Handwash,1,95,95,UPI,Mumbai
TXN107182,2025-05-11,CUST917,Snacks,Bingo Chips,2,20,40,Card,Kolkata
TXN107183,2025-01-29,CUST173,FMCG,Aashirvaad Atta,3,65,195,Card,Delhi
TXN107184,2025-02-22,CUST741,Personal Care,Savlon Handwash,1,95,95,Card,Chennai
TXN107185,2025-05-25,CUST516,Personal Care,Savlon Sanitizer,4,70,280,Card,Delhi
TXN107186,2025-02-16,CUST650,Personal Care,Vivel Soap,4,35,140,Cash,Bangalore
TXN107187,2025-04-10,CUST767,Personal Care,Savlon Sanitizer,3,70,210,Cash,Delhi
TXN107188,2025-05-10,CUST256,Personal Care,Vivel Soap,3,35,105,Cash,Delhi
TXN107189,2025-05-10,CUST905,Personal Care,Savlon Handwash,2,95,190,Cash,Chennai
TXN107190,2025-02-27,CUST536,Beverages,B Natural Juice,5,40,200,Card,Hyderabad
TXN107191,2025-02-28,CUST597,Beverages,B Natural Juice,5,40,200,UPI,Delhi
TXN107192,2025-02-10,CUST232,FMCG,Aashirvaad Atta,1,65,65,Cash,Mumbai
TXN107193,2025-02-18,CUST936,Snacks,Bingo Chips,5,20,100,Card,Hyderabad
TXN107194,2025-01-03,CUST280,Personal Care,Savlon Handwash,2,95,190,Cash,Chennai
TXN107195,2025-04-03,CUST402,Beverages,B Natural Juice,5,40,200,Cash,Bangalore
TXN107196,2025-03-26,CUST187,Personal Care,Vivel Soap,2,35,70,Cash,Delhi
TXN107197,2025-01-20,CUST406,Personal Care,Savlon Sanitizer,1,70,70,Cash,Bangalore
TXN107198,2025-05-06,CUST671,Personal Care,Savlon Handwash,3,95,285,Card,Mumbai
TXN107199,2025-04-21,CUST376,Beverages,B Natural Juice,4,40,160,UPI,Kolkata
TXN107200,2025-02-03,CUST795,FMCG,Aashirvaad Atta,5,65,325,Card,Bangalore
TXN107201,2025-01-09,CUST968,Personal Care,Savlon Handwash,2,95,190,Cash,Hyderabad
TXN107202,2025-04-11,CUST845,Snacks,Bingo Chips,4,20,80,UPI,Bangalore
TXN107203,2025-06-16,CUST949,Beverages,Sunbean Coffee,3,180,540,UPI,Chennai
TXN107204,2025-05-12,CUST916,Beverages,Sunbean Coffee,4,180,720,Cash,Delhi
TXN107205,2025-06-02,CUST444,Personal Care,Vivel Soap,5,35,175,Cash,Kolkata
TXN107206,2025-05-23,CUST842,Personal Care,Vivel Soap,5,35,175,UPI,Chennai
TXN107207,2025-01-01,CUST988,Beverages,Sunbean Coffee,5,180,900,Cash,Hyderabad
TXN107208,2025-03-17,CUST737,Personal Care,Savlon Handwash,3,95,285,Cash,Kolkata
TXN107209,2025-06-02,CUST732,Personal Care,Vivel Soap,1,35,35,Card,Mumbai
TXN107210,2025-05-07,CUST672,Personal Care,Savlon Handwash,4,95,380,UPI,Hyderabad
TXN107211,2025-04-21,CUST232,Personal Care,Vivel Soap,5,35,175,Card,Delhi
TXN107212,2025-01-28,CUST661,Personal Care,Savlon Handwash,1,95,95,Card,Delhi
TXN107213,2025-06-25,CUST996,Beverages,B Natural Juice,5,40,200,Card,Bangalore
TXN107214,2025-05-31,CUST373,Snacks,Bingo Mad Angles,4,25,100,UPI,Mumbai
TXN107215,2025-06-21,CUST493,Personal Care,Savlon Handwash,3,95,285,Cash,Bangalore
TXN107216,2025-04-30,CUST144,Snacks,Bingo Chips,1,20,20,Card,Mumbai
TXN107217,2025-04-17,CUST548,Personal Care,Vivel Soap,4,35,140,UPI,Kolkata
TXN107218,2025-05-10,CUST899,Beverages,B Natural Juice,4,40,160,Card,Chennai
TXN107219,2025-01-11,CUST256,Beverages,B Natural Juice,4,40,160,UPI,Mumbai
TXN107220,2025-01-25,CUST878,Beverages,B Natural Juice,5,40,200,UPI,Mumbai
TXN107221,2025-01-06,CUST583,Beverages,Sunbean Coffee,1,180,180,Card,Chennai
TXN107222,2025-04-28,CUST742,Snacks,Bingo Mad Angles,3,25,75,Card,Hyderabad
TXN107223,2025-02-08,CUST480,FMCG,Aashirvaad Atta,1,65,65,Cash,Mumbai
TXN107224,2025-02-20,CUST580,FMCG,Aashirvaad Atta,2,65,130,Cash,Delhi
TXN107225,2025-01-23,CUST918,Personal Care,Savlon Handwash,4,95,380,Card,Hyderabad
TXN107226,2025-06-11,CUST690,Personal Care,Vivel Soap,2,35,70,UPI,Chennai
TXN107227,2025-02-16,CUST207,Beverages,Sunbean Coffee,5,180,900,Card,Bangalore
TXN107228,2025-06-01,CUST104,Snacks,Bingo Mad Angles,3,25,75,Cash,Chennai
TXN107229,2025-06-14,CUST803,Beverages,B Natural Juice,5,40,200,Card,Kolkata
TXN107230,2025-04-15,CUST625,Personal Care,Vivel Soap,3,35,105,Card,Hyderabad
TXN107231,2025-03-07,CUST175,Personal Care,Vivel Soap,2,35,70,Card,Chennai
TXN107232,2025-01-14,CUST785,Personal Care,Savlon Handwash,5,95,475,Card,Kolkata
TXN107233,2025-06-04,CUST704,Snacks,Bingo Chips,2,20,40,Card,Mumbai
TXN107234,2025-05-11,CUST353,Beverages,B Natural Juice,1,40,40,Cash,Mumbai
TXN107235,2025-03-19,CUST514,Personal Care,Savlon Sanitizer,1,70,70,Card,Mumbai
TXN107236,2025-02-10,CUST322,Personal Care,Savlon Sanitizer,5,70,350,UPI,Mumbai
TXN107237,2025-02-01,CUST274,Personal Care,Savlon Handwash,5,95,475,UPI,Hyderabad
TXN107238,2025-03-08,CUST847,Personal Care,Savlon Handwash,5,95,475,Cash,Bangalore
TXN107239,2025-06-20,CUST609,Snacks,Bingo Mad Angles,2,25,50,Card,Delhi
TXN107240,2025-03-12,CUST526,Personal Care,Vivel Soap,3,35,105,Card,Chennai
TXN107241,2025-02-14,CUST736,Beverages,Sunbean Coffee,1,180,180,Card,Bangalore
TXN107242,2025-04-04,CUST517,Personal Care,Vivel Soap,2,35,70,Card,Bangalore
TXN107243,2025-06-27,CUST620,Personal Care,Vivel Soap,4,35,140,Card,Bangalore
TXN107244,2025-03-18,CUST787,Personal Care,Savlon Handwash,3,95,285,Card,Mumbai
TXN107245,2025-03-27,CUST166,Personal Care,Savlon Sanitizer,5,70,350,Card,Chennai
TXN107246,2025-02-15,CUST243,FMCG,Aashirvaad Atta,3,65,195,UPI,Bangalore
TXN107247,2025-03-19,CUST274,FMCG,Aashirvaad Atta,3,65,195,Cash,Delhi
TXN107248,2025-06-09,CUST992,Personal Care,Savlon Handwash,3,95,285,Cash,Hyderabad
TXN107249,2025-02-11,CUST881,Snacks,Bingo Chips,4,20,80,Card,Delhi
TXN107250,2025-05-20,CUST965,Snacks,Bingo Mad Angles,2,25,50,Card,Chennai
TXN107251,2025-01-05,CUST213,Personal Care,Savlon Handwash,3,95,285,Card,Hyderabad
TXN107252,2025-06-07,CUST745,Snacks,Bingo Mad Angles,2,25,50,UPI,Mumbai
TXN107253,2025-06-20,CUST625,Personal Care,Vivel Soap,4,35,140,UPI,Kolkata
TXN107254,2025-06-04,CUST118,Personal Care,Vivel Soap,3,35,105,Cash,Mumbai
TXN107255,2025-05-09,CUST868,Personal Care,Savlon Handwash,5,95,475,Cash,Delhi
TXN107256,2025-03-18,CUST845,Personal Care,Vivel Soap,3,35,105,Card,Hyderabad
TXN107257,2025-03-16,CUST176,Beverages,Sunbean Coffee,4,180,720,Cash,Bangalore
TXN107258,2025-03-29,CUST265,Personal Care,Vivel Soap,4,35,140,Cash,Kolkata
TXN107259,2025-02-11,CUST500,FMCG,Aashirvaad Atta,1,65,65,Card,Mumbai
TXN107260,2025-03-03,CUST445,Personal Care,Savlon Sanitizer,1,70,70,UPI,Kolkata
TXN107261,2025-05-15,CUST133,Beverages,B Natural Juice,3,40,120,UPI,Hyderabad
TXN107262,2025-01-11,CUST466,Beverages,Sunbean Coffee,3,180,540,Card,Mumbai
TXN107263,2025-06-27,CUST873,Beverages,Sunbean Coffee,5,180,900,Cash,Bangalore
TXN107264,2025-03-18,CUST718,Personal Care,Savlon Handwash,3,95,285,UPI,Hyderabad
TXN107265,2025-06-27,CUST532,Beverages,B Natural Juice,4,40,160,UPI,Chennai
TXN107266,2025-06-21,CUST427,Personal Care,Vivel Soap,2,35,70,Cash,Chennai
TXN107267,2025-05-18,CUST867,Snacks,Bingo Mad Angles,2,25,50,Cash,Bangalore
TXN107268,2025-04-24,CUST688,Snacks,Bingo Mad Angles,3,25,75,UPI,Kolkata
TXN107269,2025-05-27,CUST981,Beverages,B Natural Juice,1,40,40,Cash,Delhi
TXN107270,2025-04-07,CUST477,Beverages,B Natural Juice,2,40,80,Cash,Mumbai
TXN107271,2025-05-29,CUST948,FMCG,Aashirvaad Atta,2,65,130,Cash,Bangalore
TXN107272,2025-02-06,CUST599,Personal Care,Savlon Sanitizer,5,70,350,Cash,Delhi
TXN107273,2025-04-30,CUST798,Snacks,Bingo Mad Angles,4,25,100,Card,Delhi
TXN107274,2025-04-15,CUST207,Snacks,Bingo Chips,3,20,60,Card,Chennai
TXN107275,2025-02-13,CUST713,Personal Care,Vivel Soap,4,35,140,Cash,Hyderabad
TXN107276,2025-02-12,CUST984,Beverages,B Natural Juice,3,40,120,Card,Chennai
TXN107277,2025-05-31,CUST492,Personal Care,Vivel Soap,3,35,105,Card,Bangalore
TXN107278,2025-06-18,CUST636,Personal Care,Vivel Soap,5,35,175,Card,Delhi
TXN107279,2025-03-02,CUST641,Personal Care,Savlon Handwash,2,95,190,UPI,Delhi
TXN107280,2025-04-29,CUST283,Personal Care,Vivel Soap,4,35,140,UPI,Kolkata
TXN107281,2025-04-17,CUST688,Snacks,Bingo Chips,2,20,40,UPI,Bangalore
TXN107282,2025-01-10,CUST601,Personal Care,Savlon Handwash,4,95,380,UPI,Mumbai
TXN107283,2025-01-20,CUST180,Snacks,Bingo Chips,2,20,40,Cash,Delhi
TXN107284,2025-05-20,CUST988,Personal Care,Vivel Soap,2,35,70,Card,Bangalore
TXN107285,2025-05-10,CUST589,FMCG,Aashirvaad Atta,3,65,195,Cash,Bangalore
TXN107286,2025-02-13,CUST399,Personal Care,Savlon Sanitizer,5,70,350,Cash,Delhi
TXN107287,2025-06-28,CUST962,Snacks,Bingo Mad Angles,4,25,100,UPI,Chennai
TXN107288,2025-05-19,CUST367,FMCG,Aashirvaad Atta,1,65,65,UPI,Mumbai
TXN107289,2025-05-12,CUST996,Beverages,Sunbean Coffee,5,180,900,UPI,Bangalore
TXN107290,2025-01-03,CUST384,Beverages,B Natural Juice,2,40,80,UPI,Mumbai
TXN107291,2025-01-14,CUST760,Beverages,Sunbean Coffee,5,180,900,Cash,Bangalore
TXN107292,2025-02-23,CUST343,Personal Care,Vivel Soap,2,35,70,Cash,Delhi
TXN107293,2025-04-20,CUST263,Personal Care,Savlon Sanitizer,5,70,350,UPI,Chennai
TXN107294,2025-05-12,CUST662,Beverages,B Natural Juice,2,40,80,Cash,Delhi
TXN107295,2025-03-26,CUST199,Personal Care,Savlon Sanitizer,2,70,140,Card,Chennai
TXN107296,2025-05-07,CUST915,Personal Care,Vivel Soap,5,35,175,Card,Bangalore
TXN107297,2025-02-21,CUST853,Personal Care,Vivel Soap,1,35,35,UPI,Kolkata
TXN107298,2025-02-02,CUST800,Beverages,Sunbean Coffee,1,180,180,Card,Bangalore
TXN107299,2025-05-21,CUST336,Snacks,Bingo Mad Angles,3,25,75,Cash,Hyderabad
TXN107300,2025-03-03,CUST277,Personal Care,Vivel Soap,1,35,35,Cash,Kolkata
TXN107301,2025-03-01,CUST973,Beverages,Sunbean Coffee,4,180,720,Card,Mumbai
TXN107302,2025-06-06,CUST106,Snacks,Bingo Chips,5,20,100,Cash,Mumbai
TXN107303,2025-05-21,CUST707,FMCG,Aashirvaad Atta,2,65,130,UPI,Hyderabad
TXN107304,2025-05-13,CUST846,Personal Care,Vivel Soap,3,35,105,Card,Hyderabad
TXN107305,2025-06-07,CUST693,Snacks,Bingo Mad Angles,1,25,25,Cash,Mumbai
TXN107306,2025-02-07,CUST428,Snacks,Bingo Mad Angles,2,25,50,UPI,Chennai
TXN107307,2025-03-21,CUST684,Snacks,Bingo Chips,4,20,80,UPI,Delhi
TXN107308,2025-04-29,CUST336,Personal Care,Savlon Sanitizer,3,70,210,UPI,Delhi
TXN107309,2025-02-21,CUST885,FMCG,Aashirvaad Atta,1,65,65,UPI,Kolkata
TXN107310,2025-01-17,CUST332,Beverages,Sunbean Coffee,5,180,900,Card,Bangalore
TXN107311,2025-02-26,CUST243,Personal Care,Savlon Sanitizer,3,70,210,Card,Delhi
TXN107312,2025-02-14,CUST466,Personal Care,Vivel Soap,2,35,70,UPI,Hyderabad
TXN107313,2025-03-12,CUST110,Snacks,Bingo Chips,5,20,100,Card,Delhi
TXN107314,2025-06-14,CUST607,Personal Care,Savlon Sanitizer,4,70,280,Cash,Hyderabad
TXN107315,2025-03-22,CUST270,FMCG,Aashirvaad Atta,3,65,195,UPI,Delhi
TXN107316,2025-01-09,CUST829,Personal Care,Savlon Handwash,2,95,190,Cash,Bangalore
TXN107317,2025-04-25,CUST483,Personal Care,Savlon Handwash,4,95,380,Cash,Bangalore
TXN107318,2025-01-02,CUST305,Personal Care,Vivel Soap,4,35,140,UPI,Delhi
TXN107319,2025-04-02,CUST910,Personal Care,Savlon Handwash,1,95,95,UPI,Delhi
TXN107320,2025-06-12,CUST463,Beverages,Sunbean Coffee,3,180,540,Cash,Mumbai
TXN107321,2025-06-13,CUST982,Personal Care,Savlon Handwash,3,95,285,Card,Mumbai
TXN107322,2025-05-13,CUST927,Snacks,Bingo Mad Angles,3,25,75,Card,Mumbai
TXN107323,2025-04-21,CUST920,Beverages,B Natural Juice,1,40,40,UPI,Chennai
TXN107324,2025-06-19,CUST501,Personal Care,Vivel Soap,1,35,35,Card,Delhi
TXN107325,2025-01-24,CUST460,Personal Care,Savlon Handwash,1,95,95,UPI,Delhi
TXN107326,2025-05-22,CUST438,Snacks,Bingo Mad Angles,5,25,125,Card,Delhi
TXN107327,2025-05-23,CUST243,Beverages,B Natural Juice,5,40,200,UPI,Hyderabad
TXN107328,2025-04-21,CUST876,Beverages,B Natural Juice,4,40,160,Card,Bangalore
TXN107329,2025-04-02,CUST859,Personal Care,Savlon Handwash,1,95,95,Cash,Bangalore
TXN107330,2025-04-20,CUST765,Personal Care,Savlon Handwash,4,95,380,Card,Hyderabad
TXN107331,2025-06-04,CUST461,FMCG,Aashirvaad Atta,4,65,260,Cash,Hyderabad
TXN107332,2025-04-07,CUST869,Beverages,Sunbean Coffee,1,180,180,Card,Hyderabad
TXN107333,2025-05-13,CUST997,Beverages,Sunbean Coffee,1,180,180,Card,Delhi
TXN107334,2025-06-04,CUST443,Beverages,Sunbean Coffee,2,180,360,Card,Bangalore
TXN107335,2025-02-14,CUST193,Snacks,Bingo Mad Angles,5,25,125,UPI,Delhi
TXN107336,2025-02-06,CUST950,Beverages,B Natural Juice,1,40,40,Card,Chennai
TXN107337,2025-05-22,CUST832,Snacks,Bingo Mad Angles,2,25,50,Cash,Kolkata
TXN107338,2025-01-20,CUST636,Beverages,Sunbean Coffee,3,180,540,UPI,Delhi
TXN107339,2025-06-30,CUST496,Snacks,Bingo Mad Angles,4,25,100,UPI,Delhi
TXN107340,2025-05-16,CUST938,Personal Care,Savlon Sanitizer,4,70,280,Cash,Hyderabad
TXN107341,2025-06-22,CUST163,Beverages,B Natural Juice,5,40,200,Cash,Bangalore
TXN107342,2025-02-22,CUST680,Snacks,Bingo Mad Angles,5,25,125,Cash,Mumbai
TXN107343,2025-05-13,CUST169,Personal Care,Vivel Soap,2,35,70,Cash,Hyderabad
TXN107344,2025-03-31,CUST393,FMCG,Aashirvaad Atta,3,65,195,Cash,Kolkata
TXN107345,2025-06-13,CUST612,Snacks,Bingo Mad Angles,4,25,100,UPI,Mumbai
TXN107346,2025-03-21,CUST312,Personal Care,Savlon Handwash,5,95,475,UPI,Kolkata
TXN107347,2025-01-27,CUST171,Beverages,B Natural Juice,5,40,200,UPI,Delhi
TXN107348,2025-05-06,CUST303,Personal Care,Savlon Sanitizer,5,70,350,Cash,Chennai
TXN107349,2025-04-10,CUST168,Personal Care,Savlon Handwash,1,95,95,Cash,Bangalore
TXN107350,2025-01-05,CUST889,FMCG,Aashirvaad Atta,5,65,325,Card,Mumbai
TXN107351,2025-02-06,CUST359,Personal Care,Savlon Handwash,3,95,285,Card,Kolkata
TXN107352,2025-04-21,CUST321,Beverages,B Natural Juice,5,40,200,Cash,Mumbai
TXN107353,2025-05-12,CUST186,Personal Care,Savlon Sanitizer,5,70,350,Cash,Chennai
TXN107354,2025-02-09,CUST462,Beverages,B Natural Juice,4,40,160,Card,Hyderabad
TXN107355,2025-03-27,CUST713,Personal Care,Savlon Handwash,2,95,190,Cash,Delhi
TXN107356,2025-06-30,CUST804,Personal Care,Vivel Soap,2,35,70,Card,Delhi
TXN107357,2025-05-13,CUST161,FMCG,Aashirvaad Atta,3,65,195,Cash,Hyderabad
TXN107358,2025-06-06,CUST966,Personal Care,Savlon Handwash,3,95,285,UPI,Chennai
TXN107359,2025-04-22,CUST129,Personal Care,Savlon Handwash,5,95,475,Card,Kolkata
TXN107360,2025-05-05,CUST698,Personal Care,Savlon Handwash,1,95,95,Cash,Delhi
TXN107361,2025-02-08,CUST477,Snacks,Bingo Chips,1,20,20,Card,Chennai
TXN107362,2025-01-29,CUST413,Beverages,Sunbean Coffee,2,180,360,UPI,Mumbai
TXN107363,2025-05-08,CUST272,Snacks,Bingo Mad Angles,2,25,50,UPI,Mumbai
TXN107364,2025-06-03,CUST620,Personal Care,Savlon Handwash,1,95,95,Cash,Kolkata
TXN107365,2025-03-19,CUST109,Personal Care,Savlon Handwash,2,95,190,UPI,Chennai
TXN107366,2025-02-09,CUST488,FMCG,Aashirvaad Atta,3,65,195,Cash,Chennai
TXN107367,2025-03-12,CUST159,FMCG,Aashirvaad Atta,5,65,325,UPI,Hyderabad
TXN107368,2025-03-16,CUST608,Beverages,B Natural Juice,5,40,200,Cash,Chennai
TXN107369,2025-04-16,CUST605,Beverages,Sunbean Coffee,5,180,900,UPI,Delhi
TXN107370,2025-05-19,CUST341,FMCG,Aashirvaad Atta,2,65,130,Cash,Kolkata
TXN107371,2025-02-20,CUST606,FMCG,Aashirvaad Atta,2,65,130,UPI,Bangalore
TXN107372,2025-01-02,CUST442,Personal Care,Savlon Handwash,5,95,475,Cash,Kolkata
TXN107373,2025-06-13,CUST339,FMCG,Aashirvaad Atta,4,65,260,Cash,Chennai
TXN107374,2025-01-10,CUST149,Beverages,B Natural Juice,5,40,200,Cash,Chennai
TXN107375,2025-05-21,CUST624,Snacks,Bingo Chips,5,20,100,Cash,Kolkata
TXN107376,2025-03-04,CUST245,Beverages,Sunbean Coffee,2,180,360,UPI,Bangalore
TXN107377,2025-02-22,CUST137,Personal Care,Savlon Sanitizer,2,70,140,UPI,Mumbai
TXN107378,2025-05-29,CUST940,FMCG,Aashirvaad Atta,3,65,195,UPI,Kolkata
TXN107379,2025-03-25,CUST721,Personal Care,Vivel Soap,1,35,35,Cash,Hyderabad
TXN107380,2025-04-06,CUST791,FMCG,Aashirvaad Atta,2,65,130,Cash,Bangalore
TXN107381,2025-02-06,CUST419,Snacks,Bingo Mad Angles,3,25,75,Card,Kolkata
TXN107382,2025-06-01,CUST277,Beverages,Sunbean Coffee,5,180,900,UPI,Bangalore
TXN107383,2025-01-22,CUST426,FMCG,Aashirvaad Atta,4,65,260,Card,Kolkata
TXN107384,2025-04-19,CUST806,Beverages,B Natural Juice,2,40,80,UPI,Kolkata
TXN107385,2025-05-12,CUST626,Beverages,B Natural Juice,4,40,160,Card,Mumbai
TXN107386,2025-04-04,CUST190,Personal Care,Vivel Soap,1,35,35,UPI,Mumbai
TXN107387,2025-03-29,CUST366,Personal Care,Savlon Handwash,2,95,190,UPI,Delhi
TXN107388,2025-06-06,CUST709,Snacks,Bingo Chips,3,20,60,UPI,Chennai
TXN107389,2025-02-06,CUST203,Snacks,Bingo Mad Angles,3,25,75,Cash,Hyderabad
TXN107390,2025-01-14,CUST223,Beverages,B Natural Juice,5,40,200,Card,Bangalore
TXN107391,2025-02-03,CUST925,Personal Care,Savlon Sanitizer,1,70,70,Card,Kolkata
TXN107392,2025-03-08,CUST833,Personal Care,Vivel Soap,2,35,70,Card,Delhi
TXN107393,2025-06-26,CUST525,Snacks,Bingo Mad Angles,4,25,100,Card,Kolkata
TXN107394,2025-06-21,CUST376,FMCG,Aashirvaad Atta,1,65,65,UPI,Kolkata
TXN107395,2025-02-01,CUST378,Personal Care,Savlon Handwash,1,95,95,UPI,Chennai
TXN107396,2025-03-08,CUST478,Personal Care,Savlon Handwash,4,95,380,UPI,Mumbai
TXN107397,2025-01-31,CUST449,Beverages,B Natural Juice,1,40,40,UPI,Chennai
TXN107398,2025-04-09,CUST637,Personal Care,Savlon Sanitizer,5,70,350,UPI,Bangalore
TXN107399,2025-03-31,CUST954,Personal Care,Vivel Soap,3,35,105,Cash,Chennai
TXN107400,2025-04-03,CUST377,Beverages,B Natural Juice,3,40,120,Cash,Delhi
TXN107401,2025-06-15,CUST369,Personal Care,Vivel Soap,5,35,175,Card,Kolkata
TXN107402,2025-04-25,CUST313,Personal Care,Vivel Soap,2,35,70,UPI,Delhi
TXN107403,2025-01-03,CUST514,Beverages,B Natural Juice,4,40,160,UPI,Chennai
TXN107404,2025-02-22,CUST593,Beverages,Sunbean Coffee,3,180,540,Card,Hyderabad
TXN107405,2025-06-01,CUST409,FMCG,Aashirvaad Atta,1,65,65,Cash,Kolkata
TXN107406,2025-06-04,CUST369,Beverages,Sunbean Coffee,2,180,360,Card,Delhi
TXN107407,2025-06-06,CUST925,Personal Care,Vivel Soap,4,35,140,UPI,Kolkata
TXN107408,2025-06-18,CUST678,Personal Care,Vivel Soap,2,35,70,UPI,Hyderabad
TXN107409,2025-06-12,CUST983,Snacks,Bingo Mad Angles,1,25,25,UPI,Hyderabad
TXN107410,2025-05-28,CUST174,Personal Care,Vivel Soap,5,35,175,Cash,Chennai
TXN107411,2025-01-21,CUST433,Personal Care,Savlon Sanitizer,1,70,70,Cash,Bangalore
TXN107412,2025-02-27,CUST579,Snacks,Bingo Chips,3,20,60,Cash,Chennai
TXN107413,2025-02-26,CUST744,FMCG,Aashirvaad Atta,4,65,260,UPI,Delhi
TXN107414,2025-01-15,CUST465,Snacks,Bingo Chips,5,20,100,Cash,Hyderabad
TXN107415,2025-03-26,CUST941,FMCG,Aashirvaad Atta,4,65,260,Card,Delhi
TXN107416,2025-05-08,CUST680,Personal Care,Vivel Soap,4,35,140,UPI,Mumbai
TXN107417,2025-04-11,CUST154,Snacks,Bingo Chips,2,20,40,Card,Mumbai
TXN107418,2025-01-14,CUST664,Personal Care,Savlon Handwash,5,95,475,UPI,Kolkata
TXN107419,2025-03-06,CUST951,FMCG,Aashirvaad Atta,5,65,325,UPI,Chennai
TXN107420,2025-02-10,CUST941,Personal Care,Vivel Soap,3,35,105,Cash,Kolkata
TXN107421,2025-01-11,CUST302,Personal Care,Savlon Handwash,3,95,285,UPI,Bangalore
TXN107422,2025-01-04,CUST699,Personal Care,Savlon Handwash,2,95,190,UPI,Bangalore
TXN107423,2025-02-07,CUST723,Snacks,Bingo Chips,1,20,20,Cash,Delhi
TXN107424,2025-05-23,CUST814,Personal Care,Savlon Handwash,4,95,380,UPI,Delhi
TXN107425,2025-04-03,CUST376,FMCG,Aashirvaad Atta,1,65,65,Card,Delhi
TXN107426,2025-03-30,CUST156,FMCG,Aashirvaad Atta,3,65,195,UPI,Mumbai
TXN107427,2025-03-15,CUST722,Snacks,Bingo Chips,2,20,40,Card,Bangalore
TXN107428,2025-05-26,CUST211,Beverages,B Natural Juice,4,40,160,UPI,Mumbai
TXN107429,2025-03-16,CUST679,Snacks,Bingo Mad Angles,5,25,125,Card,Hyderabad
TXN107430,2025-04-01,CUST839,Beverages,B Natural Juice,4,40,160,UPI,Bangalore
TXN107431,2025-06-10,CUST604,Personal Care,Vivel Soap,1,35,35,Cash,Bangalore
TXN107432,2025-01-12,CUST624,FMCG,Aashirvaad Atta,3,65,195,Card,Bangalore
TXN107433,2025-06-13,CUST885,Snacks,Bingo Mad Angles,5,25,125,Card,Chennai
TXN107434,2025-02-14,CUST223,Personal Care,Savlon Handwash,4,95,380,Cash,Bangalore
TXN107435,2025-06-13,CUST904,Beverages,B Natural Juice,1,40,40,UPI,Hyderabad
TXN107436,2025-01-29,CUST989,Snacks,Bingo Mad Angles,5,25,125,UPI,Hyderabad
TXN107437,2025-04-07,CUST173,Beverages,Sunbean Coffee,2,180,360,Card,Mumbai
TXN107438,2025-04-02,CUST741,Beverages,Sunbean Coffee,2,180,360,UPI,Kolkata
TXN107439,2025-06-25,CUST629,Personal Care,Savlon Sanitizer,4,70,280,Cash,Hyderabad
TXN107440,2025-05-10,CUST687,Snacks,Bingo Mad Angles,5,25,125,UPI,Kolkata
TXN107441,2025-03-07,CUST416,FMCG,Aashirvaad Atta,3,65,195,Cash,Chennai
TXN107442,2025-05-23,CUST475,Personal Care,Vivel Soap,5,35,175,UPI,Delhi
TXN107443,2025-05-20,CUST978,Personal Care,Vivel Soap,2,35,70,UPI,Bangalore
TXN107444,2025-06-08,CUST669,Personal Care,Savlon Sanitizer,3,70,210,UPI,Delhi
TXN107445,2025-02-28,CUST712,Beverages,Sunbean Coffee,5,180,900,Cash,Delhi
TXN107446,2025-04-07,CUST984,Personal Care,Vivel Soap,5,35,175,Cash,Bangalore
TXN107447,2025-06-17,CUST342,Personal Care,Savlon Sanitizer,2,70,140,Cash,Chennai
TXN107448,2025-02-24,CUST918,Personal Care,Savlon Sanitizer,3,70,210,Card,Bangalore
TXN107449,2025-01-08,CUST933,Snacks,Bingo Chips,3,20,60,Card,Mumbai
TXN107450,2025-05-25,CUST169,Snacks,Bingo Mad Angles,2,25,50,Cash,Mumbai
TXN107451,2025-03-26,CUST751,Personal Care,Savlon Handwash,1,95,95,Cash,Hyderabad
TXN107452,2025-04-16,CUST859,Snacks,Bingo Chips,4,20,80,Card,Chennai
TXN107453,2025-05-04,CUST317,Beverages,Sunbean Coffee,3,180,540,Cash,Delhi
TXN107454,2025-05-19,CUST441,Snacks,Bingo Mad Angles,1,25,25,Card,Hyderabad
TXN107455,2025-06-29,CUST201,Personal Care,Savlon Sanitizer,4,70,280,UPI,Mumbai
TXN107456,2025-04-08,CUST318,Personal Care,Savlon Sanitizer,3,70,210,Cash,Chennai
TXN107457,2025-06-23,CUST565,Snacks,Bingo Mad Angles,1,25,25,UPI,Mumbai
TXN107458,2025-05-01,CUST580,FMCG,Aashirvaad Atta,3,65,195,Cash,Hyderabad
TXN107459,2025-04-01,CUST425,FMCG,Aashirvaad Atta,5,65,325,Card,Hyderabad
TXN107460,2025-05-10,CUST716,Personal Care,Vivel Soap,4,35,140,Cash,Chennai
TXN107461,2025-02-02,CUST110,Personal Care,Vivel Soap,1,35,35,Cash,Mumbai
TXN107462,2025-03-10,CUST349,Personal Care,Savlon Sanitizer,1,70,70,Card,Delhi
TXN107463,2025-01-22,CUST861,Personal Care,Savlon Handwash,5,95,475,Card,Mumbai
TXN107464,2025-02-25,CUST630,Snacks,Bingo Chips,2,20,40,Cash,Mumbai
TXN107465,2025-05-01,CUST174,Beverages,Sunbean Coffee,3,180,540,UPI,Hyderabad
TXN107466,2025-04-08,CUST542,Personal Care,Savlon Sanitizer,3,70,210,UPI,Chennai
TXN107467,2025-01-23,CUST705,Beverages,Sunbean Coffee,3,180,540,Card,Kolkata
TXN107468,2025-02-05,CUST614,FMCG,Aashirvaad Atta,5,65,325,Cash,Kolkata
TXN107469,2025-02-21,CUST618,Snacks,Bingo Mad Angles,1,25,25,Card,Bangalore
TXN107470,2025-05-15,CUST492,FMCG,Aashirvaad Atta,2,65,130,UPI,Hyderabad
TXN107471,2025-03-16,CUST311,FMCG,Aashirvaad Atta,5,65,325,Card,Delhi
TXN107472,2025-02-16,CUST695,Snacks,Bingo Mad Angles,4,25,100,Cash,Chennai
TXN107473,2025-03-20,CUST957,FMCG,Aashirvaad Atta,4,65,260,UPI,Delhi
TXN107474,2025-04-12,CUST706,Personal Care,Vivel Soap,4,35,140,Card,Delhi
TXN107475,2025-06-06,CUST712,Beverages,B Natural Juice,1,40,40,UPI,Bangalore
TXN107476,2025-06-11,CUST234,Beverages,B Natural Juice,4,40,160,UPI,Hyderabad
TXN107477,2025-05-13,CUST491,Beverages,B Natural Juice,4,40,160,UPI,Bangalore
TXN107478,2025-02-19,CUST256,Snacks,Bingo Chips,1,20,20,Cash,Bangalore
TXN107479,2025-05-28,CUST947,Beverages,Sunbean Coffee,4,180,720,UPI,Mumbai
TXN107480,2025-03-14,CUST937,Personal Care,Savlon Handwash,4,95,380,Cash,Hyderabad
TXN107481,2025-04-20,CUST900,Personal Care,Savlon Handwash,2,95,190,UPI,Bangalore
TXN107482,2025-01-04,CUST363,Personal Care,Savlon Handwash,3,95,285,Cash,Bangalore
TXN107483,2025-05-05,CUST931,Personal Care,Savlon Handwash,1,95,95,Cash,Bangalore
TXN107484,2025-06-14,CUST797,FMCG,Aashirvaad Atta,2,65,130,Cash,Delhi
TXN107485,2025-03-06,CUST647,Beverages,B Natural Juice,3,40,120,Cash,Chennai
TXN107486,2025-04-11,CUST140,Personal Care,Savlon Sanitizer,5,70,350,UPI,Hyderabad
TXN107487,2025-02-06,CUST833,Personal Care,Savlon Sanitizer,4,70,280,Cash,Chennai
TXN107488,2025-02-26,CUST709,Snacks,Bingo Mad Angles,3,25,75,Cash,Bangalore
TXN107489,2025-03-19,CUST811,Personal Care,Savlon Handwash,5,95,475,Cash,Kolkata
TXN107490,2025-04-01,CUST721,Personal Care,Savlon Handwash,5,95,475,Cash,Mumbai
TXN107491,2025-06-04,CUST319,FMCG,Aashirvaad Atta,3,65,195,UPI,Hyderabad
TXN107492,2025-02-06,CUST899,Personal Care,Vivel Soap,4,35,140,UPI,Hyderabad
TXN107493,2025-01-07,CUST939,Personal Care,Savlon Sanitizer,1,70,70,Cash,Kolkata
TXN107494,2025-01-31,CUST268,Snacks,Bingo Mad Angles,2,25,50,Cash,Bangalore
TXN107495,2025-02-20,CUST432,Beverages,B Natural Juice,5,40,200,UPI,Mumbai
TXN107496,2025-03-09,CUST653,Snacks,Bingo Mad Angles,1,25,25,UPI,Kolkata
TXN107497,2025-02-18,CUST735,FMCG,Aashirvaad Atta,5,65,325,Cash,Chennai
TXN107498,2025-01-01,CUST500,Personal Care,Savlon Sanitizer,5,70,350,Cash,Chennai
TXN107499,2025-05-15,CUST430,Personal Care,Vivel Soap,4,35,140,UPI,Bangalore
TXN107500,2025-04-01,CUST277,Snacks,Bingo Chips,1,20,20,Cash,Hyderabad
TXN107501,2025-03-07,CUST478,Snacks,Bingo Chips,5,20,100,Card,Chennai
TXN107502,2025-06-24,CUST141,Personal Care,Savlon Handwash,3,95,285,Card,Bangalore
TXN107503,2025-03-21,CUST492,Snacks,Bingo Mad Angles,3,25,75,UPI,Mumbai
TXN107504,2025-03-16,CUST230,Personal Care,Vivel Soap,5,35,175,UPI,Hyderabad
TXN107505,2025-03-21,CUST285,Personal Care,Savlon Sanitizer,3,70,210,Cash,Mumbai
TXN107506,2025-04-15,CUST216,Beverages,Sunbean Coffee,2,180,360,Cash,Delhi
TXN107507,2025-03-09,CUST395,Personal Care,Savlon Handwash,1,95,95,UPI,Hyderabad
TXN107508,2025-03-08,CUST740,Beverages,Sunbean Coffee,1,180,180,Cash,Hyderabad
TXN107509,2025-01-10,CUST777,Snacks,Bingo Chips,5,20,100,Card,Delhi
TXN107510,2025-03-13,CUST838,Beverages,B Natural Juice,3,40,120,Card,Kolkata
TXN107511,2025-05-01,CUST623,Snacks,Bingo Mad Angles,3,25,75,UPI,Mumbai
TXN107512,2025-05-31,CUST159,Personal Care,Vivel Soap,1,35,35,Cash,Bangalore
TXN107513,2025-01-03,CUST359,Personal Care,Savlon Sanitizer,3,70,210,Card,Delhi
TXN107514,2025-01-06,CUST675,Snacks,Bingo Chips,2,20,40,Card,Mumbai
TXN107515,2025-05-13,CUST705,Beverages,B Natural Juice,3,40,120,Card,Hyderabad
TXN107516,2025-01-16,CUST401,Personal Care,Savlon Handwash,5,95,475,Card,Bangalore
TXN107517,2025-04-22,CUST115,Personal Care,Savlon Handwash,2,95,190,UPI,Hyderabad
TXN107518,2025-05-30,CUST630,Snacks,Bingo Chips,5,20,100,UPI,Kolkata
TXN107519,2025-03-30,CUST312,Snacks,Bingo Chips,3,20,60,Card,Chennai
TXN107520,2025-01-16,CUST526,Personal Care,Savlon Sanitizer,5,70,350,Card,Delhi
TXN107521,2025-03-05,CUST551,Personal Care,Vivel Soap,4,35,140,Card,Bangalore
TXN107522,2025-02-19,CUST888,Beverages,B Natural Juice,3,40,120,Cash,Bangalore
TXN107523,2025-03-31,CUST395,Beverages,B Natural Juice,5,40,200,Cash,Delhi
TXN107524,2025-05-04,CUST512,Beverages,B Natural Juice,3,40,120,Cash,Bangalore
TXN107525,2025-05-19,CUST510,Personal Care,Vivel Soap,2,35,70,Cash,Delhi
TXN107526,2025-01-20,CUST731,Beverages,Sunbean Coffee,2,180,360,UPI,Delhi
TXN107527,2025-05-03,CUST744,Beverages,B Natural Juice,3,40,120,Cash,Hyderabad
TXN107528,2025-05-14,CUST454,Personal Care,Savlon Sanitizer,2,70,140,UPI,Hyderabad
TXN107529,2025-05-03,CUST994,Beverages,Sunbean Coffee,1,180,180,UPI,Delhi
TXN107530,2025-02-27,CUST429,Snacks,Bingo Chips,5,20,100,Cash,Delhi
TXN107531,2025-04-13,CUST285,Personal Care,Savlon Sanitizer,1,70,70,Card,Kolkata
TXN107532,2025-04-17,CUST224,Personal Care,Savlon Handwash,3,95,285,Card,Bangalore
TXN107533,2025-03-02,CUST460,Snacks,Bingo Mad Angles,5,25,125,Card,Delhi
TXN107534,2025-05-18,CUST499,Beverages,B Natural Juice,4,40,160,Cash,Bangalore
TXN107535,2025-06-21,CUST224,Beverages,B Natural Juice,5,40,200,Card,Chennai
TXN107536,2025-03-19,CUST175,FMCG,Aashirvaad Atta,3,65,195,Card,Hyderabad
TXN107537,2025-06-08,CUST430,FMCG,Aashirvaad Atta,1,65,65,Card,Bangalore
TXN107538,2025-03-07,CUST962,Beverages,B Natural Juice,5,40,200,Cash,Chennai
TXN107539,2025-05-16,CUST344,FMCG,Aashirvaad Atta,1,65,65,Card,Bangalore
TXN107540,2025-02-20,CUST934,Personal Care,Vivel Soap,2,35,70,Cash,Chennai
TXN107541,2025-06-27,CUST449,Snacks,Bingo Chips,2,20,40,UPI,Bangalore
TXN107542,2025-05-13,CUST550,Personal Care,Savlon Sanitizer,1,70,70,UPI,Delhi
TXN107543,2025-02-16,CUST177,Personal Care,Savlon Handwash,2,95,190,Card,Mumbai
TXN107544,2025-06-02,CUST985,Personal Care,Vivel Soap,1,35,35,UPI,Bangalore
TXN107545,2025-04-14,CUST466,Snacks,Bingo Mad Angles,2,25,50,Cash,Kolkata
TXN107546,2025-05-04,CUST952,Beverages,B Natural Juice,4,40,160,Card,Delhi
TXN107547,2025-06-11,CUST394,Snacks,Bingo Chips,2,20,40,Cash,Bangalore
TXN107548,2025-05-20,CUST319,Snacks,Bingo Mad Angles,5,25,125,Card,Hyderabad
TXN107549,2025-02-18,CUST612,Personal Care,Vivel Soap,2,35,70,Card,Delhi
TXN107550,2025-04-28,CUST750,Personal Care,Savlon Handwash,2,95,190,UPI,Bangalore
TXN107551,2025-03-19,CUST926,Beverages,Sunbean Coffee,1,180,180,Cash,Chennai
TXN107552,2025-05-27,CUST826,Personal Care,Savlon Sanitizer,2,70,140,Cash,Hyderabad
TXN107553,2025-02-28,CUST377,Beverages,B Natural Juice,1,40,40,UPI,Bangalore
TXN107554,2025-04-20,CUST103,Personal Care,Savlon Handwash,5,95,475,UPI,Bangalore
TXN107555,2025-05-07,CUST412,Snacks,Bingo Chips,1,20,20,Card,Kolkata
TXN107556,2025-06-23,CUST106,Snacks,Bingo Mad Angles,1,25,25,UPI,Chennai
TXN107557,2025-03-06,CUST128,Personal Care,Vivel Soap,1,35,35,UPI,Chennai
TXN107558,2025-06-30,CUST349,FMCG,Aashirvaad Atta,2,65,130,Cash,Bangalore
TXN107559,2025-04-28,CUST856,Beverages,B Natural Juice,3,40,120,Cash,Hyderabad
TXN107560,2025-06-09,CUST836,Personal Care,Savlon Sanitizer,2,70,140,UPI,Mumbai
TXN107561,2025-02-09,CUST981,Personal Care,Savlon Sanitizer,5,70,350,UPI,Chennai
TXN107562,2025-02-15,CUST360,Personal Care,Vivel Soap,2,35,70,Cash,Delhi
TXN107563,2025-06-26,CUST277,Snacks,Bingo Mad Angles,4,25,100,Cash,Kolkata
TXN107564,2025-02-14,CUST518,Personal Care,Savlon Sanitizer,5,70,350,UPI,Hyderabad
TXN107565,2025-03-16,CUST105,Personal Care,Savlon Sanitizer,5,70,350,Cash,Kolkata
TXN107566,2025-01-18,CUST595,FMCG,Aashirvaad Atta,5,65,325,Cash,Chennai
TXN107567,2025-06-09,CUST633,Beverages,B Natural Juice,1,40,40,Cash,Chennai
TXN107568,2025-03-25,CUST704,FMCG,Aashirvaad Atta,5,65,325,Cash,Chennai
TXN107569,2025-04-30,CUST887,Personal Care,Vivel Soap,4,35,140,Cash,Chennai
TXN107570,2025-05-20,CUST628,Snacks,Bingo Chips,5,20,100,Cash,Chennai
TXN107571,2025-06-12,CUST685,Beverages,Sunbean Coffee,4,180,720,Cash,Mumbai
TXN107572,2025-05-29,CUST497,Beverages,Sunbean Coffee,3,180,540,Cash,Bangalore
TXN107573,2025-06-11,CUST719,Personal Care,Vivel Soap,3,35,105,UPI,Bangalore
TXN107574,2025-01-12,CUST616,Snacks,Bingo Mad Angles,2,25,50,Cash,Kolkata
TXN107575,2025-02-18,CUST571,Snacks,Bingo Chips,1,20,20,Cash,Hyderabad
TXN107576,2025-06-07,CUST411,Snacks,Bingo Mad Angles,5,25,125,UPI,Chennai
TXN107577,2025-02-09,CUST522,Beverages,B Natural Juice,2,40,80,UPI,Mumbai
TXN107578,2025-06-04,CUST250,Snacks,Bingo Chips,5,20,100,Cash,Bangalore
TXN107579,2025-05-05,CUST655,Beverages,B Natural Juice,2,40,80,UPI,Mumbai
TXN107580,2025-05-26,CUST370,Snacks,Bingo Mad Angles,3,25,75,Cash,Chennai
TXN107581,2025-06-23,CUST855,Beverages,B Natural Juice,3,40,120,Card,Mumbai
TXN107582,2025-02-22,CUST117,Snacks,Bingo Chips,4,20,80,UPI,Mumbai
TXN107583,2025-05-17,CUST442,Personal Care,Savlon Sanitizer,1,70,70,UPI,Chennai
TXN107584,2025-05-12,CUST811,Beverages,B Natural Juice,2,40,80,UPI,Mumbai
TXN107585,2025-01-26,CUST207,Snacks,Bingo Chips,4,20,80,Card,Kolkata
TXN107586,2025-03-01,CUST554,FMCG,Aashirvaad Atta,2,65,130,Card,Hyderabad
TXN107587,2025-04-16,CUST292,Personal Care,Savlon Handwash,1,95,95,UPI,Kolkata
TXN107588,2025-04-07,CUST535,Personal Care,Vivel Soap,2,35,70,Cash,Bangalore
TXN107589,2025-01-07,CUST211,FMCG,Aashirvaad Atta,3,65,195,UPI,Mumbai
TXN107590,2025-03-21,CUST386,Personal Care,Savlon Handwash,5,95,475,Cash,Mumbai
TXN107591,2025-02-28,CUST574,Beverages,Sunbean Coffee,1,180,180,Card,Mumbai
TXN107592,2025-01-09,CUST262,Beverages,Sunbean Coffee,5,180,900,Card,Kolkata
TXN107593,2025-02-14,CUST394,Snacks,Bingo Chips,2,20,40,Cash,Delhi
TXN107594,2025-06-16,CUST713,Personal Care,Savlon Handwash,5,95,475,UPI,Chennai
TXN107595,2025-03-07,CUST461,Beverages,B Natural Juice,1,40,40,UPI,Kolkata
TXN107596,2025-02-25,CUST439,FMCG,Aashirvaad Atta,5,65,325,Card,Bangalore
TXN107597,2025-05-14,CUST470,Snacks,Bingo Mad Angles,1,25,25,Card,Mumbai
TXN107598,2025-04-13,CUST325,Beverages,Sunbean Coffee,1,180,180,Cash,Hyderabad
TXN107599,2025-05-19,CUST290,FMCG,Aashirvaad Atta,5,65,325,Card,Chennai
TXN107600,2025-04-29,CUST526,Beverages,B Natural Juice,1,40,40,Cash,Bangalore
TXN107601,2025-01-02,CUST910,Snacks,Bingo Chips,4,20,80,Cash,Bangalore
TXN107602,2025-06-12,CUST761,Beverages,Sunbean Coffee,3,180,540,UPI,Delhi
TXN107603,2025-05-25,CUST715,Snacks,Bingo Chips,1,20,20,Card,Mumbai
TXN107604,2025-01-08,CUST866,Snacks,Bingo Mad Angles,3,25,75,Card,Kolkata
TXN107605,2025-03-27,CUST417,Snacks,Bingo Mad Angles,1,25,25,Cash,Kolkata
TXN107606,2025-01-01,CUST165,FMCG,Aashirvaad Atta,3,65,195,UPI,Hyderabad
TXN107607,2025-04-23,CUST753,Beverages,B Natural Juice,5,40,200,Card,Mumbai
TXN107608,2025-02-22,CUST579,Beverages,B Natural Juice,5,40,200,Cash,Hyderabad
TXN107609,2025-04-10,CUST665,Snacks,Bingo Chips,2,20,40,Cash,Chennai
TXN107610,2025-01-10,CUST534,Personal Care,Savlon Handwash,4,95,380,UPI,Kolkata
TXN107611,2025-03-31,CUST994,Beverages,B Natural Juice,5,40,200,UPI,Bangalore
TXN107612,2025-01-17,CUST290,Beverages,Sunbean Coffee,4,180,720,Card,Delhi
TXN107613,2025-01-29,CUST312,Beverages,B Natural Juice,3,40,120,Cash,Mumbai
TXN107614,2025-03-05,CUST837,FMCG,Aashirvaad Atta,1,65,65,Cash,Bangalore
TXN107615,2025-02-20,CUST662,Beverages,Sunbean Coffee,4,180,720,Card,Bangalore
TXN107616,2025-03-26,CUST579,Beverages,B Natural Juice,4,40,160,UPI,Delhi
TXN107617,2025-02-16,CUST631,Personal Care,Vivel Soap,2,35,70,Card,Chennai
TXN107618,2025-05-12,CUST580,Snacks,Bingo Chips,4,20,80,Cash,Mumbai
TXN107619,2025-05-11,CUST151,Personal Care,Savlon Handwash,2,95,190,UPI,Chennai
TXN107620,2025-02-15,CUST679,FMCG,Aashirvaad Atta,4,65,260,UPI,Hyderabad
TXN107621,2025-01-10,CUST182,Beverages,B Natural Juice,2,40,80,UPI,Bangalore
TXN107622,2025-03-09,CUST158,Snacks,Bingo Chips,1,20,20,Cash,Hyderabad
TXN107623,2025-03-01,CUST862,Personal Care,Savlon Sanitizer,3,70,210,Cash,Kolkata
TXN107624,2025-06-02,CUST859,Personal Care,Savlon Handwash,1,95,95,Card,Delhi
TXN107625,2025-06-10,CUST276,Personal Care,Savlon Sanitizer,1,70,70,UPI,Kolkata
TXN107626,2025-02-17,CUST914,Snacks,Bingo Mad Angles,3,25,75,UPI,Kolkata
TXN107627,2025-01-01,CUST398,Beverages,B Natural Juice,1,40,40,Cash,Kolkata
TXN107628,2025-06-22,CUST800,FMCG,Aashirvaad Atta,1,65,65,Card,Delhi
TXN107629,2025-05-11,CUST191,Personal Care,Savlon Handwash,3,95,285,UPI,Chennai
TXN107630,2025-04-16,CUST163,Personal Care,Savlon Handwash,2,95,190,Cash,Bangalore
TXN107631,2025-01-05,CUST772,Snacks,Bingo Chips,5,20,100,UPI,Kolkata
TXN107632,2025-05-24,CUST292,Snacks,Bingo Mad Angles,3,25,75,UPI,Mumbai
TXN107633,2025-05-21,CUST448,Beverages,B Natural Juice,2,40,80,Card,Kolkata
TXN107634,2025-01-23,CUST563,Beverages,B Natural Juice,4,40,160,UPI,Hyderabad
TXN107635,2025-04-07,CUST231,Beverages,B Natural Juice,4,40,160,UPI,Mumbai
TXN107636,2025-03-23,CUST566,Snacks,Bingo Mad Angles,2,25,50,UPI,Hyderabad
TXN107637,2025-03-26,CUST477,Snacks,Bingo Chips,2,20,40,Card,Bangalore
TXN107638,2025-01-14,CUST253,Personal Care,Vivel Soap,5,35,175,Cash,Delhi
TXN107639,2025-04-04,CUST830,Snacks,Bingo Chips,2,20,40,Cash,Kolkata
TXN107640,2025-01-17,CUST462,Snacks,Bingo Mad Angles,3,25,75,Cash,Kolkata
TXN107641,2025-06-12,CUST525,Beverages,B Natural Juice,2,40,80,Cash,Delhi
TXN107642,2025-02-20,CUST843,Beverages,Sunbean Coffee,4,180,720,Cash,Chennai
TXN107643,2025-03-28,CUST582,Beverages,Sunbean Coffee,2,180,360,UPI,Delhi
TXN107644,2025-06-13,CUST131,Beverages,B Natural Juice,5,40,200,Card,Kolkata
TXN107645,2025-02-10,CUST876,Beverages,Sunbean Coffee,3,180,540,Cash,Chennai
TXN107646,2025-02-15,CUST514,Snacks,Bingo Chips,1,20,20,Cash,Mumbai
TXN107647,2025-02-03,CUST153,Personal Care,Vivel Soap,5,35,175,UPI,Kolkata
TXN107648,2025-04-20,CUST553,Personal Care,Vivel Soap,1,35,35,Cash,Chennai
TXN107649,2025-06-10,CUST549,Personal Care,Vivel Soap,2,35,70,Cash,Chennai
TXN107650,2025-06-15,CUST883,FMCG,Aashirvaad Atta,1,65,65,Cash,Hyderabad
TXN107651,2025-05-29,CUST122,Personal Care,Vivel Soap,4,35,140,Cash,Kolkata
TXN107652,2025-05-12,CUST974,Personal Care,Vivel Soap,3,35,105,Card,Chennai
TXN107653,2025-04-19,CUST570,Beverages,B Natural Juice,2,40,80,UPI,Hyderabad
TXN107654,2025-04-20,CUST376,Snacks,Bingo Chips,2,20,40,Card,Chennai
TXN107655,2025-02-12,CUST661,Snacks,Bingo Mad Angles,5,25,125,UPI,Delhi
TXN107656,2025-06-12,CUST857,FMCG,Aashirvaad Atta,4,65,260,Cash,Bangalore
TXN107657,2025-04-25,CUST431,Personal Care,Savlon Sanitizer,3,70,210,Card,Mumbai
TXN107658,2025-01-12,CUST725,Beverages,B Natural Juice,3,40,120,Card,Delhi
TXN107659,2025-05-27,CUST924,Personal Care,Vivel Soap,4,35,140,UPI,Delhi
TXN107660,2025-01-22,CUST402,Personal Care,Vivel Soap,2,35,70,Cash,Bangalore
TXN107661,2025-02-10,CUST614,FMCG,Aashirvaad Atta,2,65,130,UPI,Hyderabad
TXN107662,2025-06-16,CUST705,FMCG,Aashirvaad Atta,5,65,325,Cash,Kolkata
TXN107663,2025-06-07,CUST426,Personal Care,Savlon Handwash,5,95,475,UPI,Hyderabad
TXN107664,2025-06-25,CUST921,Personal Care,Savlon Handwash,2,95,190,UPI,Kolkata
TXN107665,2025-06-07,CUST194,Snacks,Bingo Mad Angles,5,25,125,UPI,Hyderabad
TXN107666,2025-01-25,CUST623,Snacks,Bingo Chips,5,20,100,Card,Mumbai
TXN107667,2025-03-09,CUST650,Personal Care,Savlon Handwash,4,95,380,Cash,Mumbai
TXN107668,2025-04-21,CUST505,Snacks,Bingo Chips,2,20,40,Card,Delhi
TXN107669,2025-05-18,CUST415,Personal Care,Vivel Soap,3,35,105,Card,Hyderabad
TXN107670,2025-04-18,CUST923,Personal Care,Vivel Soap,1,35,35,UPI,Mumbai
TXN107671,2025-06-09,CUST778,Personal Care,Savlon Sanitizer,5,70,350,Card,Kolkata
TXN107672,2025-02-24,CUST801,Snacks,Bingo Mad Angles,2,25,50,Card,Delhi
TXN107673,2025-01-31,CUST773,Beverages,B Natural Juice,4,40,160,UPI,Kolkata
TXN107674,2025-02-26,CUST452,Snacks,Bingo Mad Angles,5,25,125,UPI,Bangalore
TXN107675,2025-06-20,CUST934,Beverages,Sunbean Coffee,3,180,540,Card,Hyderabad
TXN107676,2025-05-30,CUST257,Personal Care,Savlon Handwash,1,95,95,UPI,Hyderabad
TXN107677,2025-03-12,CUST940,Personal Care,Savlon Handwash,1,95,95,Card,Kolkata
TXN107678,2025-01-16,CUST221,Beverages,B Natural Juice,3,40,120,Card,Delhi
TXN107679,2025-04-06,CUST665,Snacks,Bingo Mad Angles,4,25,100,Card,Kolkata
TXN107680,2025-04-10,CUST982,Personal Care,Vivel Soap,3,35,105,Cash,Mumbai
TXN107681,2025-05-28,CUST143,Beverages,B Natural Juice,3,40,120,Card,Chennai
TXN107682,2025-06-24,CUST721,Snacks,Bingo Mad Angles,4,25,100,Cash,Kolkata
TXN107683,2025-03-29,CUST379,Snacks,Bingo Chips,2,20,40,Card,Kolkata
TXN107684,2025-01-30,CUST572,Beverages,Sunbean Coffee,2,180,360,Card,Hyderabad
TXN107685,2025-03-17,CUST936,Personal Care,Savlon Sanitizer,1,70,70,Cash,Delhi
TXN107686,2025-01-22,CUST618,Beverages,Sunbean Coffee,2,180,360,UPI,Bangalore
TXN107687,2025-04-23,CUST382,Personal Care,Savlon Handwash,5,95,475,UPI,Chennai
TXN107688,2025-06-10,CUST207,Personal Care,Savlon Sanitizer,2,70,140,UPI,Mumbai
TXN107689,2025-04-29,CUST447,Snacks,Bingo Chips,2,20,40,UPI,Mumbai
TXN107690,2025-05-24,CUST846,Beverages,Sunbean Coffee,4,180,720,Card,Delhi
TXN107691,2025-03-12,CUST936,Personal Care,Savlon Handwash,3,95,285,Card,Bangalore
TXN107692,2025-01-13,CUST757,Personal Care,Savlon Handwash,3,95,285,Card,Hyderabad
TXN107693,2025-02-25,CUST538,Personal Care,Vivel Soap,4,35,140,Cash,Hyderabad
TXN107694,2025-01-07,CUST124,Beverages,B Natural Juice,5,40,200,UPI,Bangalore
TXN107695,2025-03-13,CUST936,Personal Care,Vivel Soap,3,35,105,Card,Chennai
TXN107696,2025-02-19,CUST359,FMCG,Aashirvaad Atta,1,65,65,UPI,Bangalore
TXN107697,2025-04-24,CUST169,FMCG,Aashirvaad Atta,2,65,130,UPI,Mumbai
TXN107698,2025-02-03,CUST550,FMCG,Aashirvaad Atta,1,65,65,Cash,Mumbai
TXN107699,2025-02-25,CUST982,Personal Care,Savlon Sanitizer,5,70,350,UPI,Kolkata
TXN107700,2025-05-13,CUST676,Personal Care,Vivel Soap,4,35,140,Card,Kolkata
TXN107701,2025-05-09,CUST158,Beverages,Sunbean Coffee,4,180,720,Cash,Kolkata
TXN107702,2025-05-10,CUST703,Personal Care,Vivel Soap,3,35,105,UPI,Mumbai
TXN107703,2025-06-11,CUST778,Beverages,Sunbean Coffee,1,180,180,Cash,Bangalore
TXN107704,2025-04-16,CUST378,Beverages,B Natural Juice,2,40,80,Card,Kolkata
TXN107705,2025-06-22,CUST270,Personal Care,Savlon Sanitizer,2,70,140,Cash,Mumbai
TXN107706,2025-06-16,CUST535,Personal Care,Vivel Soap,4,35,140,Card,Bangalore
TXN107707,2025-05-22,CUST793,Snacks,Bingo Chips,3,20,60,UPI,Chennai
TXN107708,2025-02-14,CUST406,Personal Care,Vivel Soap,2,35,70,UPI,Kolkata
TXN107709,2025-06-19,CUST965,Snacks,Bingo Chips,1,20,20,UPI,Mumbai
TXN107710,2025-02-12,CUST896,Personal Care,Vivel Soap,4,35,140,UPI,Mumbai
TXN107711,2025-05-02,CUST650,Snacks,Bingo Chips,3,20,60,UPI,Delhi
TXN107712,2025-04-23,CUST571,Snacks,Bingo Chips,5,20,100,Cash,Hyderabad
TXN107713,2025-06-26,CUST245,Personal Care,Savlon Handwash,3,95,285,Card,Hyderabad
TXN107714,2025-04-28,CUST631,Personal Care,Savlon Sanitizer,2,70,140,UPI,Bangalore
TXN107715,2025-03-31,CUST801,Beverages,B Natural Juice,1,40,40,Cash,Bangalore
TXN107716,2025-03-25,CUST149,Personal Care,Savlon Handwash,5,95,475,Cash,Bangalore
TXN107717,2025-04-30,CUST913,Beverages,B Natural Juice,4,40,160,UPI,Kolkata
TXN107718,2025-03-06,CUST813,FMCG,Aashirvaad Atta,4,65,260,Cash,Bangalore
TXN107719,2025-04-01,CUST314,Snacks,Bingo Chips,5,20,100,Cash,Bangalore
TXN107720,2025-01-10,CUST553,Beverages,Sunbean Coffee,2,180,360,Cash,Hyderabad
TXN107721,2025-05-19,CUST481,Personal Care,Savlon Sanitizer,5,70,350,UPI,Mumbai
TXN107722,2025-04-29,CUST138,Beverages,Sunbean Coffee,1,180,180,UPI,Delhi
TXN107723,2025-05-17,CUST127,Personal Care,Vivel Soap,2,35,70,UPI,Kolkata
TXN107724,2025-01-23,CUST325,Snacks,Bingo Chips,2,20,40,Card,Kolkata
TXN107725,2025-06-17,CUST899,Beverages,Sunbean Coffee,4,180,720,Cash,Kolkata
TXN107726,2025-03-30,CUST561,Snacks,Bingo Chips,3,20,60,UPI,Bangalore
TXN107727,2025-05-10,CUST412,FMCG,Aashirvaad Atta,5,65,325,Card,Hyderabad
TXN107728,2025-03-18,CUST847,Beverages,B Natural Juice,4,40,160,Cash,Delhi
TXN107729,2025-06-17,CUST228,Personal Care,Vivel Soap,3,35,105,Card,Hyderabad
TXN107730,2025-03-07,CUST711,Snacks,Bingo Chips,5,20,100,Cash,Delhi
TXN107731,2025-05-08,CUST593,Personal Care,Savlon Handwash,5,95,475,UPI,Mumbai
TXN107732,2025-04-07,CUST510,Snacks,Bingo Chips,3,20,60,Cash,Chennai
TXN107733,2025-06-01,CUST726,Snacks,Bingo Mad Angles,4,25,100,Card,Bangalore
TXN107734,2025-01-07,CUST463,Personal Care,Savlon Sanitizer,2,70,140,Cash,Kolkata
TXN107735,2025-03-12,CUST853,Snacks,Bingo Chips,1,20,20,Cash,Hyderabad
TXN107736,2025-01-08,CUST952,Beverages,B Natural Juice,2,40,80,Cash,Chennai
TXN107737,2025-03-23,CUST765,Personal Care,Savlon Handwash,4,95,380,Card,Kolkata
TXN107738,2025-03-29,CUST512,Personal Care,Savlon Handwash,2,95,190,UPI,Delhi
TXN107739,2025-06-18,CUST907,Snacks,Bingo Mad Angles,3,25,75,UPI,Delhi
TXN107740,2025-05-14,CUST909,Personal Care,Savlon Sanitizer,1,70,70,UPI,Mumbai
TXN107741,2025-06-24,CUST457,Personal Care,Savlon Handwash,4,95,380,Cash,Chennai
TXN107742,2025-03-08,CUST859,Personal Care,Vivel Soap,2,35,70,Card,Hyderabad
TXN107743,2025-05-08,CUST467,FMCG,Aashirvaad Atta,3,65,195,UPI,Kolkata
TXN107744,2025-05-19,CUST854,Personal Care,Savlon Handwash,5,95,475,Cash,Chennai
TXN107745,2025-03-09,CUST157,Personal Care,Savlon Handwash,2,95,190,Card,Hyderabad
TXN107746,2025-01-14,CUST911,Beverages,Sunbean Coffee,2,180,360,Cash,Delhi
TXN107747,2025-03-06,CUST970,Beverages,B Natural Juice,2,40,80,Card,Bangalore
TXN107748,2025-01-04,CUST786,Personal Care,Savlon Sanitizer,2,70,140,UPI,Chennai
TXN107749,2025-06-21,CUST543,Personal Care,Vivel Soap,5,35,175,Card,Kolkata
TXN107750,2025-04-30,CUST729,Beverages,B Natural Juice,2,40,80,UPI,Chennai
TXN107751,2025-05-11,CUST808,Personal Care,Savlon Sanitizer,5,70,350,UPI,Delhi
TXN107752,2025-06-27,CUST565,Personal Care,Savlon Handwash,1,95,95,UPI,Chennai
TXN107753,2025-01-03,CUST710,Snacks,Bingo Mad Angles,3,25,75,Cash,Delhi
TXN107754,2025-05-09,CUST683,Personal Care,Savlon Sanitizer,1,70,70,Card,Chennai
TXN107755,2025-04-01,CUST940,Personal Care,Savlon Sanitizer,4,70,280,Card,Kolkata
TXN107756,2025-03-12,CUST565,Personal Care,Savlon Handwash,5,95,475,Card,Kolkata
TXN107757,2025-03-20,CUST510,Personal Care,Vivel Soap,2,35,70,UPI,Mumbai
TXN107758,2025-02-11,CUST679,Personal Care,Savlon Handwash,3,95,285,Card,Chennai
TXN107759,2025-05-18,CUST856,Snacks,Bingo Mad Angles,4,25,100,Cash,Mumbai
TXN107760,2025-04-21,CUST928,Personal Care,Savlon Handwash,3,95,285,UPI,Mumbai
TXN107761,2025-01-24,CUST239,FMCG,Aashirvaad Atta,4,65,260,Cash,Delhi
TXN107762,2025-05-24,CUST581,FMCG,Aashirvaad Atta,3,65,195,UPI,Bangalore
TXN107763,2025-05-08,CUST409,Personal Care,Savlon Handwash,4,95,380,Card,Kolkata
TXN107764,2025-01-27,CUST561,Personal Care,Savlon Handwash,2,95,190,UPI,Chennai
TXN107765,2025-05-12,CUST405,FMCG,Aashirvaad Atta,5,65,325,Cash,Hyderabad
TXN107766,2025-05-29,CUST459,Personal Care,Savlon Handwash,1,95,95,Card,Bangalore
TXN107767,2025-04-27,CUST350,Beverages,B Natural Juice,3,40,120,Card,Bangalore
TXN107768,2025-05-11,CUST304,Beverages,Sunbean Coffee,4,180,720,Cash,Kolkata
TXN107769,2025-03-09,CUST945,Snacks,Bingo Chips,3,20,60,Card,Delhi
TXN107770,2025-03-30,CUST428,Personal Care,Vivel Soap,5,35,175,Cash,Kolkata
TXN107771,2025-02-05,CUST469,FMCG,Aashirvaad Atta,5,65,325,Cash,Mumbai
TXN107772,2025-03-03,CUST257,FMCG,Aashirvaad Atta,5,65,325,Card,Mumbai
TXN107773,2025-02-20,CUST983,FMCG,Aashirvaad Atta,3,65,195,Card,Bangalore
TXN107774,2025-05-21,CUST893,Snacks,Bingo Chips,3,20,60,Cash,Delhi
TXN107775,2025-03-15,CUST352,Personal Care,Savlon Sanitizer,4,70,280,Card,Delhi
TXN107776,2025-02-28,CUST216,Personal Care,Savlon Handwash,2,95,190,Cash,Bangalore
TXN107777,2025-04-20,CUST591,Personal Care,Vivel Soap,2,35,70,Card,Mumbai
TXN107778,2025-05-31,CUST360,Beverages,Sunbean Coffee,2,180,360,Cash,Bangalore
TXN107779,2025-02-24,CUST941,Personal Care,Vivel Soap,5,35,175,Card,Delhi
TXN107780,2025-03-12,CUST891,Personal Care,Savlon Sanitizer,5,70,350,Cash,Hyderabad
TXN107781,2025-04-07,CUST552,Personal Care,Savlon Handwash,1,95,95,UPI,Chennai
TXN107782,2025-01-02,CUST735,Beverages,Sunbean Coffee,5,180,900,UPI,Chennai
TXN107783,2025-02-09,CUST954,Beverages,B Natural Juice,4,40,160,Cash,Delhi
TXN107784,2025-02-05,CUST368,Snacks,Bingo Mad Angles,2,25,50,UPI,Mumbai
TXN107785,2025-04-25,CUST678,Personal Care,Savlon Sanitizer,3,70,210,Card,Chennai
TXN107786,2025-04-28,CUST897,Personal Care,Savlon Sanitizer,3,70,210,Cash,Delhi
TXN107787,2025-05-16,CUST515,Personal Care,Savlon Handwash,5,95,475,UPI,Bangalore
TXN107788,2025-06-01,CUST615,FMCG,Aashirvaad Atta,2,65,130,UPI,Mumbai
TXN107789,2025-02-16,CUST368,Personal Care,Savlon Handwash,5,95,475,Cash,Hyderabad
TXN107790,2025-01-12,CUST493,Beverages,B Natural Juice,3,40,120,Cash,Kolkata
TXN107791,2025-06-01,CUST692,Beverages,B Natural Juice,2,40,80,Cash,Chennai
TXN107792,2025-06-11,CUST857,Personal Care,Savlon Sanitizer,4,70,280,Card,Bangalore
TXN107793,2025-01-20,CUST733,Personal Care,Vivel Soap,5,35,175,Card,Delhi
TXN107794,2025-05-26,CUST542,Personal Care,Vivel Soap,4,35,140,Cash,Hyderabad
TXN107795,2025-06-22,CUST787,Beverages,Sunbean Coffee,4,180,720,Card,Delhi
TXN107796,2025-04-19,CUST597,Beverages,Sunbean Coffee,4,180,720,Card,Bangalore
TXN107797,2025-01-30,CUST769,Snacks,Bingo Mad Angles,1,25,25,Card,Bangalore
TXN107798,2025-01-02,CUST699,Snacks,Bingo Chips,5,20,100,UPI,Mumbai
TXN107799,2025-01-28,CUST776,Personal Care,Vivel Soap,3,35,105,Cash,Kolkata
TXN107800,2025-01-04,CUST598,Personal Care,Vivel Soap,5,35,175,UPI,Kolkata
TXN107801,2025-01-15,CUST324,Personal Care,Savlon Sanitizer,1,70,70,Cash,Hyderabad
TXN107802,2025-06-26,CUST516,Personal Care,Savlon Handwash,2,95,190,UPI,Kolkata
TXN107803,2025-06-12,CUST160,Beverages,Sunbean Coffee,1,180,180,Card,Chennai
TXN107804,2025-02-02,CUST234,Personal Care,Vivel Soap,1,35,35,Cash,Chennai
TXN107805,2025-01-28,CUST967,Personal Care,Savlon Sanitizer,1,70,70,Card,Hyderabad
TXN107806,2025-05-07,CUST675,Personal Care,Vivel Soap,4,35,140,Card,Kolkata
TXN107807,2025-06-17,CUST506,Personal Care,Savlon Handwash,3,95,285,Cash,Delhi
TXN107808,2025-06-26,CUST245,Snacks,Bingo Chips,2,20,40,Cash,Bangalore
TXN107809,2025-05-01,CUST283,Snacks,Bingo Chips,2,20,40,Card,Kolkata
TXN107810,2025-04-21,CUST859,Snacks,Bingo Mad Angles,5,25,125,UPI,Kolkata
TXN107811,2025-06-04,CUST479,Personal Care,Savlon Handwash,3,95,285,Card,Mumbai
TXN107812,2025-02-04,CUST830,Beverages,B Natural Juice,4,40,160,Card,Delhi
TXN107813,2025-03-21,CUST102,Beverages,Sunbean Coffee,3,180,540,UPI,Chennai
TXN107814,2025-01-29,CUST418,Beverages,B Natural Juice,5,40,200,UPI,Kolkata
TXN107815,2025-03-05,CUST794,Personal Care,Savlon Handwash,4,95,380,Cash,Kolkata
TXN107816,2025-02-16,CUST900,Snacks,Bingo Mad Angles,3,25,75,UPI,Chennai
TXN107817,2025-03-28,CUST508,FMCG,Aashirvaad Atta,4,65,260,Card,Mumbai
TXN107818,2025-05-17,CUST229,Beverages,Sunbean Coffee,3,180,540,Card,Bangalore
TXN107819,2025-01-22,CUST787,Snacks,Bingo Chips,1,20,20,UPI,Hyderabad
TXN107820,2025-05-28,CUST466,Personal Care,Savlon Sanitizer,3,70,210,Card,Kolkata
TXN107821,2025-05-15,CUST632,Snacks,Bingo Chips,4,20,80,UPI,Bangalore
TXN107822,2025-03-04,CUST622,Snacks,Bingo Chips,2,20,40,Card,Bangalore
TXN107823,2025-05-21,CUST517,Personal Care,Savlon Handwash,5,95,475,UPI,Mumbai
TXN107824,2025-03-30,CUST352,Personal Care,Savlon Handwash,3,95,285,UPI,Chennai
TXN107825,2025-06-09,CUST200,Beverages,Sunbean Coffee,3,180,540,UPI,Delhi
TXN107826,2025-04-12,CUST421,Personal Care,Savlon Sanitizer,3,70,210,Cash,Hyderabad
TXN107827,2025-05-06,CUST593,Snacks,Bingo Mad Angles,5,25,125,Cash,Chennai
TXN107828,2025-05-15,CUST457,Personal Care,Savlon Handwash,5,95,475,Cash,Hyderabad
TXN107829,2025-04-08,CUST730,FMCG,Aashirvaad Atta,4,65,260,Cash,Kolkata
TXN107830,2025-03-19,CUST806,Snacks,Bingo Chips,2,20,40,Card,Chennai
TXN107831,2025-03-23,CUST538,Snacks,Bingo Chips,3,20,60,Cash,Delhi
TXN107832,2025-05-03,CUST340,Personal Care,Savlon Sanitizer,5,70,350,Card,Chennai
TXN107833,2025-03-01,CUST892,Personal Care,Savlon Handwash,2,95,190,Card,Chennai
TXN107834,2025-04-26,CUST344,Personal Care,Vivel Soap,5,35,175,Cash,Bangalore
TXN107835,2025-01-19,CUST989,FMCG,Aashirvaad Atta,5,65,325,Card,Delhi
TXN107836,2025-01-21,CUST209,Beverages,B Natural Juice,2,40,80,Cash,Kolkata
TXN107837,2025-04-05,CUST140,Beverages,B Natural Juice,1,40,40,Cash,Chennai
TXN107838,2025-02-05,CUST626,Personal Care,Vivel Soap,1,35,35,Cash,Delhi
TXN107839,2025-04-18,CUST316,Personal Care,Savlon Sanitizer,3,70,210,Card,Delhi
TXN107840,2025-01-28,CUST371,Beverages,Sunbean Coffee,5,180,900,Card,Mumbai
TXN107841,2025-02-16,CUST676,Personal Care,Savlon Sanitizer,2,70,140,Card,Bangalore
TXN107842,2025-04-01,CUST518,Snacks,Bingo Mad Angles,4,25,100,Cash,Chennai
TXN107843,2025-01-14,CUST210,Snacks,Bingo Mad Angles,2,25,50,UPI,Kolkata
TXN107844,2025-02-23,CUST154,Snacks,Bingo Chips,1,20,20,UPI,Bangalore
TXN107845,2025-04-19,CUST634,Snacks,Bingo Mad Angles,3,25,75,Cash,Mumbai
TXN107846,2025-02-25,CUST475,Snacks,Bingo Chips,3,20,60,UPI,Delhi
TXN107847,2025-01-04,CUST627,FMCG,Aashirvaad Atta,2,65,130,Cash,Bangalore
TXN107848,2025-05-19,CUST543,Personal Care,Savlon Handwash,1,95,95,Cash,Delhi
TXN107849,2025-03-30,CUST128,Snacks,Bingo Mad Angles,4,25,100,UPI,Mumbai
TXN107850,2025-02-07,CUST260,FMCG,Aashirvaad Atta,2,65,130,Card,Kolkata
TXN107851,2025-01-24,CUST561,Snacks,Bingo Mad Angles,5,25,125,Cash,Hyderabad
TXN107852,2025-05-27,CUST285,Personal Care,Savlon Sanitizer,1,70,70,Cash,Mumbai
TXN107853,2025-02-28,CUST638,Snacks,Bingo Chips,3,20,60,Cash,Bangalore
TXN107854,2025-05-03,CUST353,Personal Care,Vivel Soap,3,35,105,Card,Hyderabad
TXN107855,2025-01-29,CUST634,Personal Care,Savlon Handwash,3,95,285,Cash,Mumbai
TXN107856,2025-06-22,CUST458,Beverages,Sunbean Coffee,1,180,180,UPI,Kolkata
TXN107857,2025-05-12,CUST559,Personal Care,Savlon Sanitizer,2,70,140,Cash,Chennai
TXN107858,2025-05-04,CUST137,Beverages,B Natural Juice,2,40,80,UPI,Chennai
TXN107859,2025-04-04,CUST498,Snacks,Bingo Chips,4,20,80,Card,Bangalore
TXN107860,2025-05-11,CUST923,Personal Care,Savlon Sanitizer,3,70,210,Cash,Mumbai
TXN107861,2025-01-04,CUST633,Personal Care,Savlon Handwash,4,95,380,Cash,Chennai
TXN107862,2025-06-01,CUST518,Personal Care,Savlon Handwash,3,95,285,UPI,Kolkata
TXN107863,2025-01-01,CUST135,Personal Care,Vivel Soap,3,35,105,Cash,Delhi
TXN107864,2025-05-10,CUST769,Snacks,Bingo Mad Angles,3,25,75,Card,Hyderabad
TXN107865,2025-06-14,CUST326,Beverages,Sunbean Coffee,3,180,540,Card,Hyderabad
TXN107866,2025-04-14,CUST554,Beverages,Sunbean Coffee,1,180,180,Cash,Hyderabad
TXN107867,2025-01-14,CUST234,Personal Care,Vivel Soap,3,35,105,UPI,Bangalore
TXN107868,2025-04-01,CUST720,Beverages,B Natural Juice,4,40,160,Card,Kolkata
TXN107869,2025-06-29,CUST116,Personal Care,Vivel Soap,5,35,175,Card,Hyderabad
TXN107870,2025-02-01,CUST129,Beverages,B Natural Juice,4,40,160,Card,Mumbai
TXN107871,2025-01-10,CUST498,Beverages,B Natural Juice,4,40,160,Cash,Bangalore
TXN107872,2025-06-06,CUST553,Snacks,Bingo Chips,2,20,40,UPI,Mumbai
TXN107873,2025-06-01,CUST458,Beverages,B Natural Juice,5,40,200,Card,Hyderabad
TXN107874,2025-04-03,CUST441,FMCG,Aashirvaad Atta,4,65,260,UPI,Kolkata
TXN107875,2025-03-19,CUST798,FMCG,Aashirvaad Atta,2,65,130,Card,Chennai
TXN107876,2025-03-13,CUST879,Snacks,Bingo Chips,5,20,100,UPI,Mumbai
TXN107877,2025-04-20,CUST429,FMCG,Aashirvaad Atta,4,65,260,Cash,Kolkata
TXN107878,2025-01-15,CUST562,Snacks,Bingo Chips,4,20,80,UPI,Delhi
TXN107879,2025-05-13,CUST364,Personal Care,Savlon Handwash,3,95,285,UPI,Hyderabad
TXN107880,2025-06-17,CUST502,Personal Care,Vivel Soap,3,35,105,Card,Bangalore
TXN107881,2025-01-30,CUST306,Snacks,Bingo Mad Angles,1,25,25,UPI,Kolkata
TXN107882,2025-02-21,CUST769,FMCG,Aashirvaad Atta,2,65,130,Card,Hyderabad
TXN107883,2025-02-05,CUST372,Snacks,Bingo Chips,4,20,80,Card,Bangalore
TXN107884,2025-04-14,CUST811,Personal Care,Savlon Sanitizer,4,70,280,UPI,Bangalore
TXN107885,2025-06-08,CUST773,FMCG,Aashirvaad Atta,5,65,325,Cash,Bangalore
TXN107886,2025-04-21,CUST686,Personal Care,Savlon Sanitizer,5,70,350,Cash,Delhi
TXN107887,2025-03-08,CUST605,Snacks,Bingo Mad Angles,2,25,50,Cash,Mumbai
TXN107888,2025-02-11,CUST774,Snacks,Bingo Mad Angles,5,25,125,UPI,Mumbai
TXN107889,2025-02-04,CUST145,Personal Care,Savlon Sanitizer,2,70,140,UPI,Chennai
TXN107890,2025-03-27,CUST294,Personal Care,Vivel Soap,1,35,35,Cash,Delhi
TXN107891,2025-06-01,CUST554,Personal Care,Savlon Handwash,2,95,190,UPI,Hyderabad
TXN107892,2025-01-03,CUST764,Snacks,Bingo Mad Angles,3,25,75,Cash,Delhi
TXN107893,2025-04-05,CUST276,Personal Care,Vivel Soap,1,35,35,UPI,Mumbai
TXN107894,2025-04-05,CUST785,Snacks,Bingo Chips,1,20,20,Cash,Bangalore
TXN107895,2025-01-16,CUST380,Beverages,Sunbean Coffee,2,180,360,Card,Chennai
TXN107896,2025-05-30,CUST169,Personal Care,Vivel Soap,5,35,175,Cash,Mumbai
TXN107897,2025-01-05,CUST848,Beverages,B Natural Juice,4,40,160,Card,Hyderabad
TXN107898,2025-01-12,CUST648,Snacks,Bingo Mad Angles,2,25,50,Cash,Hyderabad
TXN107899,2025-03-28,CUST586,Snacks,Bingo Mad Angles,4,25,100,Cash,Mumbai
TXN107900,2025-01-22,CUST539,Personal Care,Savlon Handwash,4,95,380,Cash,Bangalore
TXN107901,2025-05-20,CUST543,Beverages,B Natural Juice,3,40,120,UPI,Delhi
TXN107902,2025-06-14,CUST247,Beverages,B Natural Juice,2,40,80,Card,Delhi
TXN107903,2025-04-17,CUST419,Beverages,B Natural Juice,5,40,200,UPI,Delhi
TXN107904,2025-03-29,CUST612,Snacks,Bingo Mad Angles,1,25,25,UPI,Bangalore
TXN107905,2025-04-03,CUST399,Personal Care,Savlon Sanitizer,3,70,210,UPI,Hyderabad
TXN107906,2025-04-01,CUST460,Beverages,B Natural Juice,1,40,40,Cash,Delhi
TXN107907,2025-04-15,CUST579,FMCG,Aashirvaad Atta,2,65,130,Cash,Kolkata
TXN107908,2025-05-26,CUST120,Personal Care,Savlon Sanitizer,5,70,350,Cash,Kolkata
TXN107909,2025-04-18,CUST453,Beverages,Sunbean Coffee,5,180,900,Card,Mumbai
TXN107910,2025-05-14,CUST718,Personal Care,Savlon Handwash,4,95,380,Cash,Chennai
TXN107911,2025-06-04,CUST357,Snacks,Bingo Chips,5,20,100,Card,Hyderabad
TXN107912,2025-05-07,CUST441,Personal Care,Savlon Handwash,5,95,475,UPI,Chennai
TXN107913,2025-03-30,CUST346,Personal Care,Savlon Handwash,1,95,95,Cash,Chennai
TXN107914,2025-03-15,CUST242,Snacks,Bingo Mad Angles,2,25,50,UPI,Bangalore
TXN107915,2025-01-08,CUST779,Snacks,Bingo Chips,1,20,20,Card,Hyderabad
TXN107916,2025-06-01,CUST608,Snacks,Bingo Mad Angles,3,25,75,Cash,Delhi
TXN107917,2025-06-27,CUST616,FMCG,Aashirvaad Atta,5,65,325,Cash,Hyderabad
TXN107918,2025-01-30,CUST222,Personal Care,Savlon Sanitizer,2,70,140,Card,Kolkata
TXN107919,2025-03-30,CUST263,Personal Care,Vivel Soap,2,35,70,Cash,Chennai
TXN107920,2025-01-07,CUST429,FMCG,Aashirvaad Atta,2,65,130,Cash,Hyderabad
TXN107921,2025-01-20,CUST281,Personal Care,Savlon Handwash,1,95,95,Cash,Kolkata
TXN107922,2025-03-30,CUST763,Beverages,B Natural Juice,1,40,40,UPI,Delhi
TXN107923,2025-05-18,CUST934,Snacks,Bingo Mad Angles,5,25,125,Card,Delhi
TXN107924,2025-04-16,CUST686,Personal Care,Savlon Sanitizer,5,70,350,UPI,Kolkata
TXN107925,2025-01-08,CUST238,Snacks,Bingo Mad Angles,3,25,75,Cash,Delhi
TXN107926,2025-04-28,CUST569,Beverages,Sunbean Coffee,3,180,540,Card,Hyderabad
TXN107927,2025-06-07,CUST412,Beverages,B Natural Juice,5,40,200,UPI,Chennai
TXN107928,2025-04-28,CUST349,Personal Care,Vivel Soap,5,35,175,Card,Hyderabad
TXN107929,2025-02-04,CUST933,Snacks,Bingo Chips,2,20,40,Cash,Kolkata
TXN107930,2025-03-09,CUST857,Snacks,Bingo Mad Angles,4,25,100,Cash,Kolkata
TXN107931,2025-05-22,CUST523,Personal Care,Vivel Soap,3,35,105,Cash,Delhi
TXN107932,2025-05-30,CUST141,Snacks,Bingo Mad Angles,4,25,100,Card,Mumbai
TXN107933,2025-06-19,CUST524,Beverages,Sunbean Coffee,1,180,180,Card,Kolkata
TXN107934,2025-02-04,CUST909,Personal Care,Vivel Soap,1,35,35,UPI,Bangalore
TXN107935,2025-01-03,CUST272,Beverages,Sunbean Coffee,4,180,720,Cash,Kolkata
TXN107936,2025-04-19,CUST993,Personal Care,Savlon Sanitizer,3,70,210,Cash,Bangalore
TXN107937,2025-06-21,CUST458,Snacks,Bingo Mad Angles,1,25,25,UPI,Mumbai
TXN107938,2025-06-21,CUST153,FMCG,Aashirvaad Atta,4,65,260,Card,Kolkata
TXN107939,2025-01-09,CUST191,Snacks,Bingo Mad Angles,2,25,50,Card,Delhi
TXN107940,2025-01-10,CUST999,Personal Care,Vivel Soap,3,35,105,Cash,Delhi
TXN107941,2025-05-12,CUST808,FMCG,Aashirvaad Atta,3,65,195,Card,Mumbai
TXN107942,2025-02-22,CUST975,FMCG,Aashirvaad Atta,2,65,130,Card,Chennai
TXN107943,2025-03-13,CUST981,FMCG,Aashirvaad Atta,1,65,65,UPI,Mumbai
TXN107944,2025-05-15,CUST821,FMCG,Aashirvaad Atta,4,65,260,Cash,Kolkata
TXN107945,2025-03-01,CUST894,Beverages,B Natural Juice,2,40,80,Cash,Mumbai
TXN107946,2025-03-16,CUST780,FMCG,Aashirvaad Atta,2,65,130,Cash,Hyderabad
TXN107947,2025-01-07,CUST559,FMCG,Aashirvaad Atta,4,65,260,Card,Chennai
TXN107948,2025-02-23,CUST698,Personal Care,Savlon Sanitizer,4,70,280,Cash,Chennai
TXN107949,2025-03-16,CUST339,Personal Care,Savlon Handwash,2,95,190,Cash,Mumbai
TXN107950,2025-01-09,CUST788,Personal Care,Savlon Handwash,3,95,285,Cash,Mumbai
TXN107951,2025-04-05,CUST465,Snacks,Bingo Chips,1,20,20,Card,Chennai
TXN107952,2025-04-27,CUST119,Personal Care,Vivel Soap,2,35,70,Card,Chennai
TXN107953,2025-01-11,CUST390,FMCG,Aashirvaad Atta,4,65,260,UPI,Bangalore
TXN107954,2025-01-15,CUST564,FMCG,Aashirvaad Atta,2,65,130,Card,Hyderabad
TXN107955,2025-03-24,CUST993,Personal Care,Savlon Handwash,3,95,285,Cash,Bangalore
TXN107956,2025-06-21,CUST670,Beverages,B Natural Juice,1,40,40,UPI,Kolkata
TXN107957,2025-03-29,CUST293,Snacks,Bingo Chips,3,20,60,UPI,Chennai
TXN107958,2025-04-24,CUST566,Beverages,B Natural Juice,2,40,80,Cash,Chennai
TXN107959,2025-03-20,CUST242,Beverages,Sunbean Coffee,3,180,540,Card,Bangalore
TXN107960,2025-01-17,CUST675,Personal Care,Savlon Handwash,4,95,380,UPI,Delhi
TXN107961,2025-06-15,CUST228,Snacks,Bingo Mad Angles,5,25,125,UPI,Mumbai
TXN107962,2025-01-26,CUST144,Snacks,Bingo Mad Angles,1,25,25,Cash,Bangalore
TXN107963,2025-03-30,CUST257,Personal Care,Vivel Soap,5,35,175,Card,Chennai
TXN107964,2025-06-26,CUST665,Snacks,Bingo Mad Angles,1,25,25,Cash,Kolkata
TXN107965,2025-03-01,CUST639,Beverages,B Natural Juice,2,40,80,Cash,Hyderabad
TXN107966,2025-05-05,CUST547,Beverages,B Natural Juice,1,40,40,Card,Chennai
TXN107967,2025-01-21,CUST265,Personal Care,Savlon Sanitizer,2,70,140,Card,Mumbai
TXN107968,2025-02-12,CUST199,Personal Care,Vivel Soap,1,35,35,UPI,Chennai
TXN107969,2025-04-26,CUST716,Personal Care,Savlon Sanitizer,1,70,70,Card,Bangalore
TXN107970,2025-06-21,CUST820,Snacks,Bingo Mad Angles,2,25,50,Card,Kolkata
TXN107971,2025-02-06,CUST744,FMCG,Aashirvaad Atta,2,65,130,Card,Hyderabad
TXN107972,2025-04-22,CUST676,Snacks,Bingo Chips,2,20,40,UPI,Kolkata
TXN107973,2025-01-09,CUST670,Snacks,Bingo Chips,3,20,60,UPI,Hyderabad
TXN107974,2025-05-28,CUST534,Personal Care,Vivel Soap,1,35,35,Card,Hyderabad
TXN107975,2025-03-13,CUST356,Personal Care,Vivel Soap,2,35,70,Cash,Mumbai
TXN107976,2025-01-24,CUST155,Beverages,Sunbean Coffee,3,180,540,UPI,Bangalore
TXN107977,2025-02-03,CUST955,Personal Care,Savlon Sanitizer,2,70,140,Card,Chennai
TXN107978,2025-01-02,CUST163,Snacks,Bingo Chips,5,20,100,UPI,Kolkata
TXN107979,2025-01-21,CUST355,FMCG,Aashirvaad Atta,1,65,65,Card,Hyderabad
TXN107980,2025-05-07,CUST758,Beverages,Sunbean Coffee,2,180,360,Card,Bangalore
TXN107981,2025-05-21,CUST728,Snacks,Bingo Mad Angles,3,25,75,UPI,Kolkata
TXN107982,2025-05-28,CUST649,Personal Care,Vivel Soap,4,35,140,UPI,Delhi
TXN107983,2025-04-30,CUST526,Beverages,Sunbean Coffee,4,180,720,Cash,Hyderabad
TXN107984,2025-05-25,CUST357,Beverages,B Natural Juice,5,40,200,UPI,Delhi
TXN107985,2025-02-22,CUST212,Snacks,Bingo Chips,5,20,100,Card,Kolkata
TXN107986,2025-06-09,CUST191,Personal Care,Savlon Sanitizer,5,70,350,Card,Mumbai
TXN107987,2025-06-02,CUST885,Personal Care,Savlon Handwash,5,95,475,Card,Hyderabad
TXN107988,2025-05-03,CUST822,Snacks,Bingo Chips,3,20,60,Cash,Kolkata
TXN107989,2025-04-10,CUST912,Snacks,Bingo Mad Angles,5,25,125,Card,Hyderabad
TXN107990,2025-02-21,CUST254,Personal Care,Savlon Handwash,3,95,285,Cash,Kolkata
TXN107991,2025-06-19,CUST819,FMCG,Aashirvaad Atta,4,65,260,Card,Hyderabad
TXN107992,2025-02-03,CUST268,Personal Care,Savlon Handwash,4,95,380,Card,Chennai
TXN107993,2025-01-24,CUST687,Personal Care,Savlon Sanitizer,1,70,70,Cash,Bangalore
TXN107994,2025-03-12,CUST962,Beverages,Sunbean Coffee,1,180,180,Cash,Kolkata
TXN107995,2025-03-19,CUST535,Snacks,Bingo Chips,1,20,20,Card,Kolkata
TXN107996,2025-01-30,CUST197,Snacks,Bingo Mad Angles,3,25,75,Card,Kolkata
TXN107997,2025-06-12,CUST626,Snacks,Bingo Mad Angles,5,25,125,UPI,Delhi
TXN107998,2025-06-17,CUST669,Personal Care,Savlon Handwash,3,95,285,UPI,Mumbai
TXN107999,2025-04-04,CUST250,Personal Care,Savlon Sanitizer,2,70,140,UPI,Kolkata
TXN108000,2025-01-27,CUST942,Beverages,B Natural Juice,3,40,120,Card,Delhi
TXN108001,2025-03-21,CUST188,Beverages,B Natural Juice,4,40,160,Card,Delhi
TXN108002,2025-05-27,CUST323,Personal Care,Vivel Soap,3,35,105,UPI,Hyderabad
TXN108003,2025-01-07,CUST866,Beverages,B Natural Juice,2,40,80,UPI,Hyderabad
TXN108004,2025-05-24,CUST582,Beverages,B Natural Juice,3,40,120,UPI,Hyderabad
TXN108005,2025-01-28,CUST334,Personal Care,Vivel Soap,3,35,105,Card,Chennai
TXN108006,2025-05-04,CUST804,Personal Care,Savlon Sanitizer,5,70,350,Card,Chennai
TXN108007,2025-05-16,CUST923,Snacks,Bingo Mad Angles,4,25,100,UPI,Mumbai
TXN108008,2025-05-05,CUST416,FMCG,Aashirvaad Atta,3,65,195,Cash,Mumbai
TXN108009,2025-03-29,CUST584,Personal Care,Savlon Handwash,2,95,190,Card,Mumbai
TXN108010,2025-06-24,CUST509,Snacks,Bingo Chips,3,20,60,UPI,Mumbai
TXN108011,2025-06-21,CUST291,Beverages,Sunbean Coffee,4,180,720,UPI,Mumbai
TXN108012,2025-05-02,CUST756,Personal Care,Savlon Sanitizer,1,70,70,Card,Chennai
TXN108013,2025-06-17,CUST914,Personal Care,Savlon Handwash,4,95,380,UPI,Delhi
TXN108014,2025-04-24,CUST378,Beverages,Sunbean Coffee,5,180,900,Card,Mumbai
TXN108015,2025-03-20,CUST172,Snacks,Bingo Chips,2,20,40,Card,Delhi
TXN108016,2025-04-17,CUST244,Personal Care,Savlon Handwash,5,95,475,Cash,Mumbai
TXN108017,2025-04-20,CUST117,Snacks,Bingo Chips,5,20,100,Card,Chennai
TXN108018,2025-04-11,CUST104,Snacks,Bingo Chips,4,20,80,UPI,Mumbai
TXN108019,2025-04-22,CUST858,FMCG,Aashirvaad Atta,3,65,195,Cash,Mumbai
TXN108020,2025-01-08,CUST877,Beverages,Sunbean Coffee,4,180,720,Card,Bangalore
TXN108021,2025-02-01,CUST551,Personal Care,Savlon Handwash,4,95,380,Cash,Chennai
TXN108022,2025-04-10,CUST371,Personal Care,Vivel Soap,3,35,105,Cash,Kolkata
TXN108023,2025-06-24,CUST943,Beverages,Sunbean Coffee,5,180,900,Card,Chennai
TXN108024,2025-05-26,CUST521,Personal Care,Savlon Handwash,2,95,190,Cash,Delhi
TXN108025,2025-06-15,CUST347,Snacks,Bingo Mad Angles,5,25,125,UPI,Kolkata
TXN108026,2025-06-07,CUST615,Personal Care,Vivel Soap,5,35,175,UPI,Kolkata
TXN108027,2025-02-18,CUST674,Personal Care,Vivel Soap,5,35,175,Card,Delhi
TXN108028,2025-03-29,CUST521,Snacks,Bingo Chips,4,20,80,Card,Hyderabad
TXN108029,2025-04-23,CUST183,Snacks,Bingo Mad Angles,5,25,125,Cash,Hyderabad
TXN108030,2025-04-29,CUST103,Snacks,Bingo Mad Angles,5,25,125,Cash,Bangalore
TXN108031,2025-06-21,CUST967,Personal Care,Savlon Handwash,5,95,475,Cash,Chennai
TXN108032,2025-02-24,CUST579,Personal Care,Vivel Soap,5,35,175,Card,Hyderabad
TXN108033,2025-03-19,CUST180,Personal Care,Savlon Handwash,5,95,475,Card,Hyderabad
TXN108034,2025-01-10,CUST514,FMCG,Aashirvaad Atta,1,65,65,Card,Chennai
TXN108035,2025-01-01,CUST988,Personal Care,Savlon Handwash,4,95,380,UPI,Kolkata
TXN108036,2025-04-22,CUST377,Snacks,Bingo Chips,2,20,40,UPI,Bangalore
TXN108037,2025-01-22,CUST613,Snacks,Bingo Chips,4,20,80,UPI,Delhi
TXN108038,2025-06-19,CUST833,Beverages,Sunbean Coffee,5,180,900,Cash,Bangalore
TXN108039,2025-01-22,CUST515,FMCG,Aashirvaad Atta,1,65,65,Card,Hyderabad
TXN108040,2025-06-28,CUST447,Personal Care,Savlon Sanitizer,5,70,350,Card,Bangalore
TXN108041,2025-02-13,CUST854,Snacks,Bingo Mad Angles,3,25,75,UPI,Kolkata
TXN108042,2025-01-20,CUST111,Snacks,Bingo Mad Angles,4,25,100,Card,Chennai
TXN108043,2025-01-24,CUST527,Personal Care,Vivel Soap,3,35,105,Cash,Mumbai
TXN108044,2025-03-29,CUST887,Beverages,B Natural Juice,1,40,40,Card,Kolkata
TXN108045,2025-01-21,CUST190,Personal Care,Savlon Sanitizer,2,70,140,UPI,Kolkata
TXN108046,2025-06-19,CUST838,Snacks,Bingo Chips,3,20,60,Card,Bangalore
TXN108047,2025-04-04,CUST281,Snacks,Bingo Mad Angles,1,25,25,UPI,Hyderabad
TXN108048,2025-06-27,CUST179,Personal Care,Savlon Sanitizer,2,70,140,Cash,Delhi
TXN108049,2025-03-20,CUST400,FMCG,Aashirvaad Atta,1,65,65,UPI,Hyderabad
TXN108050,2025-01-08,CUST710,Snacks,Bingo Chips,5,20,100,Card,Mumbai
TXN108051,2025-04-30,CUST566,Snacks,Bingo Mad Angles,2,25,50,Card,Chennai
TXN108052,2025-04-04,CUST967,Snacks,Bingo Chips,5,20,100,Cash,Delhi
TXN108053,2025-03-03,CUST544,Personal Care,Savlon Sanitizer,2,70,140,UPI,Bangalore
TXN108054,2025-05-20,CUST351,Personal Care,Savlon Sanitizer,2,70,140,Card,Kolkata
TXN108055,2025-01-05,CUST926,Snacks,Bingo Mad Angles,3,25,75,Card,Hyderabad
TXN108056,2025-03-16,CUST596,Snacks,Bingo Mad Angles,2,25,50,UPI,Chennai
TXN108057,2025-04-17,CUST738,Beverages,B Natural Juice,4,40,160,Card,Delhi
TXN108058,2025-03-20,CUST945,Beverages,Sunbean Coffee,2,180,360,Card,Chennai
TXN108059,2025-05-27,CUST517,Snacks,Bingo Chips,2,20,40,Cash,Kolkata
TXN108060,2025-06-07,CUST294,Personal Care,Savlon Sanitizer,2,70,140,UPI,Chennai
TXN108061,2025-02-26,CUST864,Snacks,Bingo Chips,3,20,60,Card,Kolkata
TXN108062,2025-06-21,CUST929,Snacks,Bingo Chips,4,20,80,Card,Delhi
TXN108063,2025-06-29,CUST381,Snacks,Bingo Chips,1,20,20,UPI,Kolkata
TXN108064,2025-06-06,CUST991,Personal Care,Savlon Sanitizer,1,70,70,Cash,Mumbai
TXN108065,2025-04-25,CUST298,Personal Care,Savlon Handwash,1,95,95,Cash,Chennai
TXN108066,2025-04-20,CUST551,Beverages,B Natural Juice,4,40,160,Card,Hyderabad
TXN108067,2025-02-24,CUST254,FMCG,Aashirvaad Atta,4,65,260,Cash,Mumbai
TXN108068,2025-05-30,CUST563,Personal Care,Vivel Soap,3,35,105,Card,Bangalore
TXN108069,2025-04-16,CUST344,Snacks,Bingo Chips,2,20,40,UPI,Chennai
TXN108070,2025-05-07,CUST343,Snacks,Bingo Mad Angles,3,25,75,UPI,Chennai
TXN108071,2025-05-01,CUST489,Personal Care,Savlon Handwash,3,95,285,Cash,Bangalore
TXN108072,2025-05-17,CUST137,Personal Care,Savlon Sanitizer,3,70,210,Cash,Delhi
TXN108073,2025-06-02,CUST508,Personal Care,Savlon Handwash,4,95,380,Cash,Chennai
TXN108074,2025-06-12,CUST110,Personal Care,Vivel Soap,4,35,140,UPI,Bangalore
TXN108075,2025-02-17,CUST392,Personal Care,Savlon Sanitizer,2,70,140,Cash,Chennai
TXN108076,2025-02-12,CUST985,Beverages,B Natural Juice,4,40,160,Card,Bangalore
TXN108077,2025-06-19,CUST743,FMCG,Aashirvaad Atta,3,65,195,Cash,Delhi
TXN108078,2025-05-14,CUST962,Snacks,Bingo Mad Angles,5,25,125,Cash,Chennai
TXN108079,2025-04-24,CUST222,FMCG,Aashirvaad Atta,5,65,325,Cash,Mumbai
TXN108080,2025-05-03,CUST730,Personal Care,Savlon Sanitizer,5,70,350,Card,Chennai
TXN108081,2025-03-06,CUST959,Snacks,Bingo Chips,2,20,40,Cash,Delhi
TXN108082,2025-05-24,CUST438,Beverages,Sunbean Coffee,5,180,900,Card,Bangalore
TXN108083,2025-01-29,CUST776,Personal Care,Savlon Sanitizer,3,70,210,Cash,Hyderabad
TXN108084,2025-06-10,CUST923,Snacks,Bingo Chips,3,20,60,Cash,Delhi
TXN108085,2025-03-12,CUST988,FMCG,Aashirvaad Atta,5,65,325,Cash,Delhi
TXN108086,2025-02-05,CUST673,Personal Care,Vivel Soap,2,35,70,Card,Delhi
TXN108087,2025-02-01,CUST134,Beverages,B Natural Juice,2,40,80,UPI,Kolkata
TXN108088,2025-04-07,CUST515,Snacks,Bingo Mad Angles,2,25,50,Card,Chennai
TXN108089,2025-01-31,CUST873,Beverages,Sunbean Coffee,3,180,540,Cash,Delhi
TXN108090,2025-01-17,CUST111,Personal Care,Savlon Handwash,5,95,475,Cash,Kolkata
TXN108091,2025-06-14,CUST271,Personal Care,Vivel Soap,5,35,175,UPI,Kolkata
TXN108092,2025-06-03,CUST534,Personal Care,Savlon Sanitizer,1,70,70,Cash,Chennai
TXN108093,2025-05-21,CUST963,FMCG,Aashirvaad Atta,4,65,260,Card,Delhi
TXN108094,2025-01-21,CUST473,Personal Care,Savlon Sanitizer,4,70,280,UPI,Chennai
TXN108095,2025-03-09,CUST765,Beverages,Sunbean Coffee,2,180,360,UPI,Kolkata
TXN108096,2025-02-17,CUST981,Snacks,Bingo Mad Angles,4,25,100,Card,Kolkata
TXN108097,2025-04-24,CUST828,Personal Care,Savlon Sanitizer,5,70,350,Cash,Bangalore
TXN108098,2025-02-04,CUST613,Beverages,Sunbean Coffee,2,180,360,Cash,Chennai
TXN108099,2025-05-21,CUST820,Personal Care,Vivel Soap,4,35,140,UPI,Mumbai
TXN108100,2025-02-19,CUST554,FMCG,Aashirvaad Atta,3,65,195,UPI,Hyderabad
TXN108101,2025-02-14,CUST614,Beverages,Sunbean Coffee,2,180,360,UPI,Delhi
TXN108102,2025-05-10,CUST562,Beverages,Sunbean Coffee,3,180,540,Cash,Hyderabad
TXN108103,2025-03-23,CUST703,Beverages,Sunbean Coffee,4,180,720,Card,Delhi
TXN108104,2025-03-25,CUST409,Personal Care,Savlon Handwash,2,95,190,UPI,Delhi
TXN108105,2025-06-23,CUST630,Personal Care,Vivel Soap,4,35,140,Cash,Delhi
TXN108106,2025-03-31,CUST453,Snacks,Bingo Chips,2,20,40,Cash,Bangalore
TXN108107,2025-03-01,CUST562,Beverages,B Natural Juice,2,40,80,UPI,Chennai
TXN108108,2025-02-01,CUST296,Personal Care,Savlon Handwash,5,95,475,Card,Chennai
TXN108109,2025-06-30,CUST779,Beverages,Sunbean Coffee,1,180,180,Card,Delhi
TXN108110,2025-04-26,CUST250,Personal Care,Savlon Handwash,2,95,190,Cash,Delhi
TXN108111,2025-03-13,CUST712,Snacks,Bingo Chips,1,20,20,Cash,Kolkata
TXN108112,2025-05-01,CUST465,FMCG,Aashirvaad Atta,5,65,325,Card,Chennai
TXN108113,2025-06-19,CUST920,Snacks,Bingo Chips,1,20,20,Cash,Kolkata
TXN108114,2025-05-07,CUST116,Personal Care,Savlon Handwash,5,95,475,Cash,Kolkata
TXN108115,2025-04-16,CUST280,FMCG,Aashirvaad Atta,5,65,325,Card,Chennai
TXN108116,2025-05-10,CUST169,Personal Care,Savlon Handwash,2,95,190,Card,Hyderabad
TXN108117,2025-04-16,CUST800,Beverages,Sunbean Coffee,4,180,720,UPI,Bangalore
TXN108118,2025-05-20,CUST583,Beverages,B Natural Juice,5,40,200,UPI,Mumbai
TXN108119,2025-06-15,CUST279,Snacks,Bingo Chips,2,20,40,Card,Bangalore
TXN108120,2025-03-18,CUST359,Beverages,B Natural Juice,4,40,160,UPI,Mumbai
TXN108121,2025-02-07,CUST770,Snacks,Bingo Mad Angles,1,25,25,UPI,Bangalore
TXN108122,2025-04-03,CUST188,Snacks,Bingo Chips,1,20,20,Card,Kolkata
TXN108123,2025-03-29,CUST260,Personal Care,Vivel Soap,2,35,70,Cash,Hyderabad
TXN108124,2025-04-22,CUST227,Personal Care,Vivel Soap,2,35,70,Cash,Mumbai
TXN108125,2025-04-28,CUST931,Snacks,Bingo Chips,1,20,20,UPI,Hyderabad
TXN108126,2025-05-23,CUST654,Beverages,B Natural Juice,2,40,80,Cash,Kolkata
TXN108127,2025-01-16,CUST732,Beverages,B Natural Juice,5,40,200,UPI,Mumbai
TXN108128,2025-05-18,CUST436,Snacks,Bingo Chips,4,20,80,UPI,Chennai
TXN108129,2025-05-31,CUST888,Beverages,B Natural Juice,2,40,80,Card,Bangalore
TXN108130,2025-03-29,CUST317,Beverages,B Natural Juice,1,40,40,UPI,Bangalore
TXN108131,2025-03-15,CUST544,Beverages,B Natural Juice,4,40,160,UPI,Bangalore
TXN108132,2025-01-08,CUST386,Beverages,B Natural Juice,1,40,40,Cash,Bangalore
TXN108133,2025-06-01,CUST983,Snacks,Bingo Chips,5,20,100,UPI,Mumbai
TXN108134,2025-02-06,CUST317,Beverages,B Natural Juice,5,40,200,UPI,Hyderabad
TXN108135,2025-03-24,CUST780,Beverages,Sunbean Coffee,2,180,360,UPI,Hyderabad
TXN108136,2025-02-12,CUST421,Personal Care,Vivel Soap,4,35,140,Card,Delhi
TXN108137,2025-05-17,CUST910,Snacks,Bingo Chips,5,20,100,Card,Hyderabad
TXN108138,2025-03-23,CUST778,Snacks,Bingo Mad Angles,2,25,50,UPI,Kolkata
TXN108139,2025-04-16,CUST482,Beverages,B Natural Juice,5,40,200,Cash,Bangalore
TXN108140,2025-04-02,CUST963,Beverages,B Natural Juice,3,40,120,Cash,Kolkata
TXN108141,2025-05-12,CUST202,Snacks,Bingo Chips,4,20,80,Card,Hyderabad
TXN108142,2025-04-26,CUST378,FMCG,Aashirvaad Atta,5,65,325,Cash,Chennai
TXN108143,2025-01-22,CUST284,Personal Care,Vivel Soap,3,35,105,UPI,Hyderabad
TXN108144,2025-06-18,CUST775,Beverages,B Natural Juice,3,40,120,Cash,Chennai
TXN108145,2025-03-16,CUST571,Snacks,Bingo Chips,3,20,60,Card,Kolkata
TXN108146,2025-01-31,CUST836,Snacks,Bingo Chips,3,20,60,UPI,Chennai
TXN108147,2025-04-28,CUST191,Beverages,B Natural Juice,4,40,160,Cash,Bangalore
TXN108148,2025-03-02,CUST989,Personal Care,Vivel Soap,1,35,35,UPI,Mumbai
TXN108149,2025-02-19,CUST691,Beverages,Sunbean Coffee,5,180,900,UPI,Kolkata
TXN108150,2025-04-28,CUST975,Snacks,Bingo Mad Angles,3,25,75,UPI,Chennai
TXN108151,2025-01-13,CUST381,Snacks,Bingo Chips,1,20,20,Cash,Chennai
TXN108152,2025-02-07,CUST787,Beverages,B Natural Juice,2,40,80,UPI,Chennai
TXN108153,2025-03-11,CUST980,Personal Care,Vivel Soap,1,35,35,Card,Hyderabad
TXN108154,2025-05-12,CUST461,Snacks,Bingo Mad Angles,4,25,100,Cash,Chennai
TXN108155,2025-06-01,CUST523,Beverages,Sunbean Coffee,4,180,720,UPI,Hyderabad
TXN108156,2025-04-02,CUST240,Personal Care,Savlon Sanitizer,2,70,140,Card,Bangalore
TXN108157,2025-01-03,CUST361,Beverages,Sunbean Coffee,4,180,720,Card,Chennai
TXN108158,2025-01-15,CUST185,FMCG,Aashirvaad Atta,3,65,195,Cash,Mumbai
TXN108159,2025-03-12,CUST434,FMCG,Aashirvaad Atta,4,65,260,UPI,Hyderabad
TXN108160,2025-05-03,CUST607,Beverages,B Natural Juice,1,40,40,UPI,Hyderabad
TXN108161,2025-04-29,CUST171,Personal Care,Savlon Handwash,4,95,380,UPI,Hyderabad
TXN108162,2025-02-19,CUST304,Snacks,Bingo Mad Angles,1,25,25,Card,Delhi
TXN108163,2025-05-26,CUST896,Beverages,B Natural Juice,3,40,120,UPI,Bangalore
TXN108164,2025-04-20,CUST497,Personal Care,Vivel Soap,3,35,105,Card,Kolkata
TXN108165,2025-04-30,CUST626,Snacks,Bingo Mad Angles,3,25,75,Card,Delhi
TXN108166,2025-02-14,CUST680,Personal Care,Savlon Handwash,2,95,190,Cash,Delhi
TXN108167,2025-04-02,CUST186,Snacks,Bingo Chips,4,20,80,Card,Delhi
TXN108168,2025-01-15,CUST622,Snacks,Bingo Chips,4,20,80,Cash,Hyderabad
TXN108169,2025-01-07,CUST393,Personal Care,Vivel Soap,4,35,140,Card,Kolkata
TXN108170,2025-03-04,CUST715,Personal Care,Vivel Soap,2,35,70,UPI,Kolkata
TXN108171,2025-05-26,CUST250,Snacks,Bingo Mad Angles,5,25,125,UPI,Bangalore
TXN108172,2025-04-14,CUST830,FMCG,Aashirvaad Atta,4,65,260,Cash,Delhi
TXN108173,2025-01-15,CUST259,Personal Care,Vivel Soap,2,35,70,Card,Chennai
TXN108174,2025-05-21,CUST701,Personal Care,Savlon Handwash,4,95,380,Cash,Hyderabad
TXN108175,2025-02-21,CUST815,Personal Care,Savlon Handwash,3,95,285,Cash,Bangalore
TXN108176,2025-03-01,CUST465,Personal Care,Savlon Handwash,3,95,285,Card,Chennai
TXN108177,2025-03-02,CUST756,FMCG,Aashirvaad Atta,3,65,195,Cash,Chennai
TXN108178,2025-02-06,CUST927,Beverages,B Natural Juice,5,40,200,Card,Mumbai
TXN108179,2025-05-26,CUST692,Beverages,B Natural Juice,2,40,80,Cash,Delhi
TXN108180,2025-06-13,CUST722,Snacks,Bingo Chips,1,20,20,Cash,Chennai
TXN108181,2025-06-11,CUST325,Snacks,Bingo Chips,2,20,40,UPI,Mumbai
TXN108182,2025-06-22,CUST350,Snacks,Bingo Chips,4,20,80,UPI,Hyderabad
TXN108183,2025-03-18,CUST555,Beverages,B Natural Juice,1,40,40,Card,Kolkata
TXN108184,2025-04-19,CUST313,Personal Care,Savlon Sanitizer,3,70,210,UPI,Hyderabad
TXN108185,2025-06-29,CUST662,Personal Care,Vivel Soap,1,35,35,Card,Mumbai
TXN108186,2025-05-11,CUST540,Beverages,Sunbean Coffee,1,180,180,UPI,Kolkata
TXN108187,2025-04-14,CUST221,Beverages,B Natural Juice,2,40,80,Cash,Kolkata
TXN108188,2025-05-26,CUST229,Personal Care,Vivel Soap,5,35,175,Cash,Bangalore
TXN108189,2025-01-17,CUST558,Personal Care,Vivel Soap,1,35,35,UPI,Kolkata
TXN108190,2025-06-17,CUST814,Beverages,B Natural Juice,3,40,120,UPI,Hyderabad
TXN108191,2025-05-19,CUST554,Personal Care,Vivel Soap,3,35,105,Cash,Bangalore
TXN108192,2025-01-17,CUST711,Snacks,Bingo Chips,5,20,100,Cash,Bangalore
TXN108193,2025-03-18,CUST718,Personal Care,Savlon Handwash,2,95,190,Card,Delhi
TXN108194,2025-02-13,CUST753,Beverages,Sunbean Coffee,4,180,720,Cash,Kolkata
TXN108195,2025-04-12,CUST654,Personal Care,Savlon Sanitizer,2,70,140,Cash,Bangalore
TXN108196,2025-06-26,CUST695,FMCG,Aashirvaad Atta,1,65,65,UPI,Hyderabad
TXN108197,2025-05-05,CUST824,Beverages,Sunbean Coffee,2,180,360,Cash,Mumbai
TXN108198,2025-03-23,CUST692,Beverages,B Natural Juice,2,40,80,Card,Mumbai
TXN108199,2025-03-09,CUST622,Beverages,B Natural Juice,4,40,160,UPI,Chennai
TXN108200,2025-05-03,CUST777,Beverages,Sunbean Coffee,2,180,360,Cash,Bangalore
TXN108201,2025-02-21,CUST241,Snacks,Bingo Mad Angles,3,25,75,Card,Bangalore
TXN108202,2025-06-22,CUST691,Beverages,Sunbean Coffee,5,180,900,Card,Delhi
TXN108203,2025-05-27,CUST418,Personal Care,Savlon Handwash,1,95,95,Card,Chennai
TXN108204,2025-03-19,CUST324,Personal Care,Savlon Sanitizer,1,70,70,Card,Hyderabad
TXN108205,2025-03-11,CUST837,Personal Care,Savlon Handwash,5,95,475,Cash,Delhi
TXN108206,2025-02-03,CUST686,Personal Care,Vivel Soap,3,35,105,UPI,Bangalore
TXN108207,2025-03-04,CUST716,Snacks,Bingo Mad Angles,1,25,25,UPI,Hyderabad
TXN108208,2025-01-30,CUST403,Snacks,Bingo Chips,4,20,80,Cash,Mumbai
TXN108209,2025-04-18,CUST393,Snacks,Bingo Mad Angles,4,25,100,Cash,Hyderabad
TXN108210,2025-05-17,CUST103,Personal Care,Savlon Sanitizer,4,70,280,Cash,Hyderabad
TXN108211,2025-03-30,CUST425,Personal Care,Savlon Sanitizer,2,70,140,Cash,Bangalore
TXN108212,2025-01-13,CUST641,FMCG,Aashirvaad Atta,2,65,130,Card,Hyderabad
TXN108213,2025-01-29,CUST419,FMCG,Aashirvaad Atta,1,65,65,UPI,Chennai
TXN108214,2025-05-04,CUST474,Beverages,B Natural Juice,3,40,120,UPI,Hyderabad
TXN108215,2025-04-04,CUST761,Snacks,Bingo Mad Angles,2,25,50,Card,Hyderabad
TXN108216,2025-04-15,CUST395,Beverages,Sunbean Coffee,5,180,900,Card,Chennai
TXN108217,2025-04-18,CUST572,Snacks,Bingo Chips,1,20,20,Cash,Bangalore
TXN108218,2025-01-05,CUST849,Beverages,B Natural Juice,2,40,80,UPI,Chennai
TXN108219,2025-06-10,CUST201,Personal Care,Vivel Soap,3,35,105,Cash,Chennai
TXN108220,2025-01-29,CUST812,Snacks,Bingo Mad Angles,4,25,100,Cash,Hyderabad
TXN108221,2025-05-29,CUST118,Snacks,Bingo Chips,1,20,20,Cash,Delhi
TXN108222,2025-01-17,CUST858,Personal Care,Vivel Soap,1,35,35,Card,Delhi
TXN108223,2025-01-30,CUST182,Personal Care,Vivel Soap,5,35,175,Cash,Delhi
TXN108224,2025-02-06,CUST647,FMCG,Aashirvaad Atta,4,65,260,UPI,Mumbai
TXN108225,2025-03-05,CUST668,Snacks,Bingo Chips,3,20,60,Cash,Hyderabad
TXN108226,2025-03-12,CUST870,Snacks,Bingo Mad Angles,1,25,25,Card,Kolkata
TXN108227,2025-02-26,CUST886,Snacks,Bingo Chips,1,20,20,Cash,Chennai
TXN108228,2025-06-04,CUST343,Snacks,Bingo Chips,3,20,60,Cash,Chennai
TXN108229,2025-01-07,CUST516,Personal Care,Vivel Soap,1,35,35,Card,Chennai
TXN108230,2025-04-29,CUST127,Snacks,Bingo Chips,3,20,60,UPI,Delhi
TXN108231,2025-03-26,CUST444,FMCG,Aashirvaad Atta,3,65,195,Cash,Bangalore
TXN108232,2025-05-14,CUST436,Personal Care,Savlon Handwash,5,95,475,Cash,Kolkata
TXN108233,2025-02-12,CUST580,FMCG,Aashirvaad Atta,5,65,325,UPI,Kolkata
TXN108234,2025-05-14,CUST415,Personal Care,Savlon Sanitizer,1,70,70,Card,Hyderabad
TXN108235,2025-01-10,CUST586,Personal Care,Vivel Soap,5,35,175,UPI,Kolkata
TXN108236,2025-06-18,CUST374,Personal Care,Vivel Soap,5,35,175,Cash,Chennai
TXN108237,2025-04-27,CUST120,FMCG,Aashirvaad Atta,1,65,65,Card,Kolkata
TXN108238,2025-01-18,CUST327,Beverages,B Natural Juice,5,40,200,Card,Mumbai
TXN108239,2025-01-19,CUST920,Beverages,B Natural Juice,2,40,80,Cash,Chennai
TXN108240,2025-04-28,CUST976,Snacks,Bingo Mad Angles,4,25,100,Card,Kolkata
TXN108241,2025-03-27,CUST608,FMCG,Aashirvaad Atta,1,65,65,UPI,Hyderabad
TXN108242,2025-04-29,CUST256,Beverages,Sunbean Coffee,1,180,180,Cash,Delhi
TXN108243,2025-05-21,CUST172,Beverages,B Natural Juice,4,40,160,Card,Hyderabad
TXN108244,2025-03-11,CUST905,Snacks,Bingo Chips,3,20,60,Cash,Hyderabad
TXN108245,2025-05-29,CUST197,Beverages,B Natural Juice,1,40,40,Cash,Chennai
TXN108246,2025-05-06,CUST682,FMCG,Aashirvaad Atta,1,65,65,Card,Kolkata
TXN108247,2025-04-26,CUST747,Personal Care,Vivel Soap,2,35,70,Card,Kolkata
TXN108248,2025-01-03,CUST258,Personal Care,Savlon Sanitizer,5,70,350,Card,Hyderabad
TXN108249,2025-05-03,CUST935,Beverages,B Natural Juice,1,40,40,UPI,Kolkata
TXN108250,2025-03-13,CUST242,FMCG,Aashirvaad Atta,1,65,65,UPI,Hyderabad
TXN108251,2025-01-11,CUST377,Personal Care,Savlon Handwash,2,95,190,Card,Delhi
TXN108252,2025-01-01,CUST177,Beverages,Sunbean Coffee,1,180,180,Card,Hyderabad
TXN108253,2025-01-17,CUST454,Snacks,Bingo Chips,3,20,60,Card,Hyderabad
TXN108254,2025-04-05,CUST601,Beverages,B Natural Juice,3,40,120,Cash,Chennai
TXN108255,2025-01-02,CUST567,Snacks,Bingo Chips,2,20,40,Card,Mumbai
TXN108256,2025-06-19,CUST328,Snacks,Bingo Chips,5,20,100,UPI,Hyderabad
TXN108257,2025-06-29,CUST539,FMCG,Aashirvaad Atta,1,65,65,UPI,Kolkata
TXN108258,2025-04-25,CUST658,Personal Care,Savlon Sanitizer,4,70,280,Cash,Delhi
TXN108259,2025-04-12,CUST296,Beverages,Sunbean Coffee,1,180,180,Cash,Hyderabad
TXN108260,2025-03-14,CUST314,Personal Care,Savlon Handwash,3,95,285,UPI,Chennai
TXN108261,2025-02-23,CUST681,FMCG,Aashirvaad Atta,3,65,195,Card,Mumbai
TXN108262,2025-01-20,CUST420,Personal Care,Savlon Handwash,2,95,190,Card,Kolkata
TXN108263,2025-03-03,CUST921,FMCG,Aashirvaad Atta,5,65,325,Card,Mumbai
TXN108264,2025-03-27,CUST616,Snacks,Bingo Chips,2,20,40,UPI,Bangalore
TXN108265,2025-01-19,CUST616,Personal Care,Savlon Sanitizer,2,70,140,UPI,Mumbai
TXN108266,2025-01-31,CUST960,FMCG,Aashirvaad Atta,5,65,325,UPI,Bangalore
TXN108267,2025-01-03,CUST255,Snacks,Bingo Chips,4,20,80,UPI,Hyderabad
TXN108268,2025-01-04,CUST303,FMCG,Aashirvaad Atta,3,65,195,UPI,Hyderabad
TXN108269,2025-02-22,CUST642,Snacks,Bingo Mad Angles,1,25,25,UPI,Delhi
TXN108270,2025-05-18,CUST595,Snacks,Bingo Chips,1,20,20,UPI,Chennai
TXN108271,2025-04-24,CUST290,Personal Care,Savlon Handwash,2,95,190,Cash,Hyderabad
TXN108272,2025-03-31,CUST202,Beverages,B Natural Juice,4,40,160,UPI,Bangalore
TXN108273,2025-06-24,CUST375,Snacks,Bingo Mad Angles,4,25,100,Card,Bangalore
TXN108274,2025-04-30,CUST790,Personal Care,Savlon Sanitizer,1,70,70,UPI,Hyderabad
TXN108275,2025-04-06,CUST354,Snacks,Bingo Mad Angles,2,25,50,Cash,Chennai
TXN108276,2025-06-18,CUST934,Beverages,Sunbean Coffee,1,180,180,UPI,Kolkata
TXN108277,2025-02-09,CUST658,FMCG,Aashirvaad Atta,5,65,325,Card,Chennai
TXN108278,2025-02-19,CUST596,Personal Care,Vivel Soap,2,35,70,Cash,Chennai
TXN108279,2025-05-21,CUST792,Personal Care,Savlon Sanitizer,3,70,210,UPI,Delhi
TXN108280,2025-05-23,CUST819,Personal Care,Vivel Soap,2,35,70,UPI,Bangalore
TXN108281,2025-02-27,CUST216,Snacks,Bingo Mad Angles,3,25,75,Card,Delhi
TXN108282,2025-05-06,CUST237,Snacks,Bingo Mad Angles,3,25,75,UPI,Hyderabad
TXN108283,2025-02-09,CUST476,Personal Care,Vivel Soap,5,35,175,Card,Bangalore
TXN108284,2025-05-08,CUST492,Snacks,Bingo Chips,5,20,100,UPI,Mumbai
TXN108285,2025-04-24,CUST834,Personal Care,Vivel Soap,2,35,70,Cash,Kolkata
TXN108286,2025-06-02,CUST983,Personal Care,Savlon Sanitizer,5,70,350,UPI,Chennai
TXN108287,2025-02-06,CUST867,Personal Care,Savlon Sanitizer,2,70,140,Cash,Hyderabad
TXN108288,2025-01-05,CUST570,Beverages,B Natural Juice,3,40,120,Card,Hyderabad
TXN108289,2025-03-10,CUST807,Personal Care,Savlon Sanitizer,1,70,70,UPI,Chennai
TXN108290,2025-06-01,CUST623,FMCG,Aashirvaad Atta,3,65,195,Card,Hyderabad
TXN108291,2025-06-13,CUST107,Personal Care,Savlon Sanitizer,4,70,280,UPI,Mumbai
TXN108292,2025-04-30,CUST175,Personal Care,Savlon Sanitizer,2,70,140,Cash,Bangalore
TXN108293,2025-03-12,CUST980,Snacks,Bingo Mad Angles,5,25,125,Card,Hyderabad
TXN108294,2025-04-21,CUST260,Personal Care,Savlon Handwash,2,95,190,UPI,Chennai
TXN108295,2025-04-13,CUST548,Personal Care,Savlon Sanitizer,4,70,280,UPI,Hyderabad
TXN108296,2025-01-11,CUST695,Personal Care,Savlon Sanitizer,1,70,70,Cash,Kolkata
TXN108297,2025-03-15,CUST574,Snacks,Bingo Mad Angles,5,25,125,Cash,Mumbai
TXN108298,2025-05-07,CUST378,Beverages,Sunbean Coffee,3,180,540,UPI,Bangalore
TXN108299,2025-05-15,CUST556,Personal Care,Savlon Handwash,2,95,190,Cash,Chennai
TXN108300,2025-04-04,CUST194,Beverages,B Natural Juice,3,40,120,UPI,Chennai
TXN108301,2025-06-19,CUST659,Personal Care,Vivel Soap,3,35,105,Card,Kolkata
TXN108302,2025-01-27,CUST381,FMCG,Aashirvaad Atta,2,65,130,Card,Delhi
TXN108303,2025-05-13,CUST656,Snacks,Bingo Mad Angles,4,25,100,Card,Bangalore
TXN108304,2025-06-25,CUST797,Beverages,Sunbean Coffee,4,180,720,Cash,Mumbai
TXN108305,2025-03-10,CUST462,Beverages,B Natural Juice,1,40,40,Cash,Mumbai
TXN108306,2025-06-26,CUST754,Personal Care,Savlon Handwash,1,95,95,UPI,Delhi
TXN108307,2025-06-05,CUST382,Personal Care,Vivel Soap,2,35,70,UPI,Kolkata
TXN108308,2025-03-30,CUST137,Snacks,Bingo Mad Angles,4,25,100,Card,Delhi
TXN108309,2025-05-28,CUST439,Personal Care,Savlon Sanitizer,3,70,210,UPI,Kolkata
TXN108310,2025-05-28,CUST757,Personal Care,Savlon Handwash,2,95,190,UPI,Hyderabad
TXN108311,2025-06-10,CUST858,Personal Care,Savlon Sanitizer,4,70,280,Cash,Bangalore
TXN108312,2025-02-27,CUST306,Beverages,B Natural Juice,4,40,160,Cash,Delhi
TXN108313,2025-02-28,CUST326,FMCG,Aashirvaad Atta,3,65,195,Card,Kolkata
TXN108314,2025-05-14,CUST577,Beverages,Sunbean Coffee,3,180,540,Card,Hyderabad
TXN108315,2025-02-23,CUST127,Snacks,Bingo Mad Angles,5,25,125,Cash,Kolkata
TXN108316,2025-06-18,CUST496,Snacks,Bingo Chips,2,20,40,Cash,Kolkata
TXN108317,2025-06-23,CUST488,Beverages,B Natural Juice,1,40,40,Cash,Chennai
TXN108318,2025-05-19,CUST968,Snacks,Bingo Chips,3,20,60,Cash,Mumbai
TXN108319,2025-01-08,CUST308,Personal Care,Vivel Soap,4,35,140,UPI,Chennai
TXN108320,2025-04-07,CUST609,Beverages,B Natural Juice,2,40,80,UPI,Chennai
TXN108321,2025-04-19,CUST336,Personal Care,Savlon Sanitizer,4,70,280,Card,Chennai
TXN108322,2025-03-18,CUST235,Personal Care,Savlon Handwash,2,95,190,Cash,Chennai
TXN108323,2025-05-11,CUST492,FMCG,Aashirvaad Atta,1,65,65,Cash,Chennai
TXN108324,2025-06-16,CUST205,Personal Care,Savlon Sanitizer,1,70,70,UPI,Bangalore
TXN108325,2025-03-24,CUST525,Beverages,B Natural Juice,4,40,160,Cash,Delhi
TXN108326,2025-05-15,CUST303,Snacks,Bingo Mad Angles,3,25,75,Card,Kolkata
TXN108327,2025-01-09,CUST664,Beverages,Sunbean Coffee,4,180,720,Cash,Kolkata
TXN108328,2025-03-20,CUST737,FMCG,Aashirvaad Atta,4,65,260,Card,Bangalore
TXN108329,2025-05-08,CUST771,Beverages,Sunbean Coffee,4,180,720,Card,Bangalore
TXN108330,2025-02-13,CUST485,Personal Care,Vivel Soap,1,35,35,Card,Kolkata
TXN108331,2025-03-21,CUST573,Beverages,Sunbean Coffee,5,180,900,UPI,Mumbai
TXN108332,2025-04-24,CUST646,Personal Care,Vivel Soap,4,35,140,Card,Mumbai
TXN108333,2025-03-16,CUST605,Beverages,B Natural Juice,2,40,80,Cash,Bangalore
TXN108334,2025-02-09,CUST573,Snacks,Bingo Chips,2,20,40,UPI,Mumbai
TXN108335,2025-01-03,CUST851,Personal Care,Vivel Soap,2,35,70,Card,Hyderabad
TXN108336,2025-03-02,CUST602,Beverages,Sunbean Coffee,2,180,360,Cash,Bangalore
TXN108337,2025-01-23,CUST714,Snacks,Bingo Chips,5,20,100,Card,Mumbai
TXN108338,2025-06-07,CUST551,Personal Care,Savlon Sanitizer,1,70,70,Card,Delhi
TXN108339,2025-04-26,CUST978,Beverages,Sunbean Coffee,3,180,540,Cash,Kolkata
TXN108340,2025-03-25,CUST861,Personal Care,Savlon Handwash,3,95,285,Card,Kolkata
TXN108341,2025-02-18,CUST636,Beverages,B Natural Juice,1,40,40,UPI,Hyderabad
TXN108342,2025-01-07,CUST843,Snacks,Bingo Chips,2,20,40,UPI,Bangalore
TXN108343,2025-02-04,CUST927,Personal Care,Vivel Soap,4,35,140,Cash,Mumbai
TXN108344,2025-05-19,CUST173,FMCG,Aashirvaad Atta,1,65,65,Card,Hyderabad
TXN108345,2025-03-14,CUST546,Personal Care,Savlon Handwash,2,95,190,Cash,Hyderabad
TXN108346,2025-03-05,CUST596,Beverages,B Natural Juice,3,40,120,Card,Hyderabad
TXN108347,2025-01-18,CUST675,FMCG,Aashirvaad Atta,3,65,195,Cash,Chennai
TXN108348,2025-05-27,CUST362,Beverages,B Natural Juice,5,40,200,Cash,Bangalore
TXN108349,2025-05-19,CUST309,Beverages,Sunbean Coffee,5,180,900,UPI,Chennai
TXN108350,2025-03-01,CUST389,Personal Care,Vivel Soap,3,35,105,Cash,Delhi
TXN108351,2025-01-17,CUST686,Snacks,Bingo Chips,3,20,60,UPI,Kolkata
TXN108352,2025-02-21,CUST810,Snacks,Bingo Chips,4,20,80,Card,Bangalore
TXN108353,2025-02-17,CUST707,Beverages,B Natural Juice,3,40,120,UPI,Mumbai
TXN108354,2025-05-16,CUST933,Beverages,Sunbean Coffee,1,180,180,UPI,Mumbai
TXN108355,2025-06-27,CUST220,Beverages,B Natural Juice,4,40,160,UPI,Hyderabad
TXN108356,2025-01-10,CUST121,FMCG,Aashirvaad Atta,2,65,130,UPI,Hyderabad
TXN108357,2025-04-22,CUST381,Snacks,Bingo Chips,3,20,60,UPI,Mumbai
TXN108358,2025-06-11,CUST255,Personal Care,Savlon Handwash,2,95,190,Card,Kolkata
TXN108359,2025-06-03,CUST440,Snacks,Bingo Chips,2,20,40,UPI,Chennai
TXN108360,2025-05-11,CUST296,Snacks,Bingo Chips,1,20,20,Cash,Chennai
TXN108361,2025-04-08,CUST217,Personal Care,Savlon Sanitizer,2,70,140,Card,Mumbai
TXN108362,2025-03-18,CUST527,Snacks,Bingo Mad Angles,4,25,100,Card,Kolkata
TXN108363,2025-01-02,CUST583,Snacks,Bingo Mad Angles,4,25,100,Card,Bangalore
TXN108364,2025-03-25,CUST802,Snacks,Bingo Chips,4,20,80,Card,Hyderabad
TXN108365,2025-05-20,CUST285,Beverages,Sunbean Coffee,5,180,900,Cash,Hyderabad
TXN108366,2025-04-08,CUST764,Snacks,Bingo Chips,2,20,40,Cash,Kolkata
TXN108367,2025-02-15,CUST450,Snacks,Bingo Chips,4,20,80,Card,Hyderabad
TXN108368,2025-06-02,CUST410,Beverages,Sunbean Coffee,1,180,180,Cash,Delhi
TXN108369,2025-04-14,CUST695,Personal Care,Savlon Sanitizer,4,70,280,Cash,Chennai
TXN108370,2025-01-29,CUST874,Beverages,Sunbean Coffee,2,180,360,Card,Hyderabad
TXN108371,2025-04-17,CUST908,Snacks,Bingo Mad Angles,5,25,125,UPI,Chennai
TXN108372,2025-01-12,CUST697,Beverages,B Natural Juice,4,40,160,Card,Kolkata
TXN108373,2025-04-24,CUST697,Snacks,Bingo Mad Angles,4,25,100,Card,Delhi
TXN108374,2025-03-04,CUST394,Personal Care,Vivel Soap,2,35,70,Cash,Mumbai
TXN108375,2025-01-10,CUST406,Personal Care,Savlon Handwash,2,95,190,Card,Kolkata
TXN108376,2025-04-25,CUST832,Personal Care,Vivel Soap,3,35,105,Cash,Mumbai
TXN108377,2025-03-25,CUST685,Snacks,Bingo Mad Angles,4,25,100,UPI,Hyderabad
TXN108378,2025-04-21,CUST844,Snacks,Bingo Mad Angles,2,25,50,Card,Bangalore
TXN108379,2025-02-03,CUST258,Personal Care,Savlon Handwash,2,95,190,Card,Hyderabad
TXN108380,2025-02-18,CUST148,Personal Care,Savlon Handwash,5,95,475,Cash,Mumbai
TXN108381,2025-02-27,CUST868,Personal Care,Savlon Handwash,3,95,285,UPI,Chennai
TXN108382,2025-03-31,CUST308,Snacks,Bingo Chips,1,20,20,Cash,Mumbai
TXN108383,2025-05-29,CUST623,Beverages,B Natural Juice,4,40,160,Cash,Hyderabad
TXN108384,2025-03-31,CUST726,Personal Care,Vivel Soap,5,35,175,Card,Delhi
TXN108385,2025-05-23,CUST659,Beverages,B Natural Juice,3,40,120,UPI,Chennai
TXN108386,2025-03-30,CUST626,FMCG,Aashirvaad Atta,2,65,130,Card,Chennai
TXN108387,2025-03-25,CUST679,Snacks,Bingo Mad Angles,5,25,125,UPI,Chennai
TXN108388,2025-04-11,CUST338,Beverages,B Natural Juice,1,40,40,Cash,Delhi
TXN108389,2025-02-20,CUST172,Personal Care,Savlon Sanitizer,4,70,280,Card,Delhi
TXN108390,2025-02-17,CUST988,FMCG,Aashirvaad Atta,2,65,130,Card,Hyderabad
TXN108391,2025-04-24,CUST151,Beverages,Sunbean Coffee,3,180,540,Card,Chennai
TXN108392,2025-03-19,CUST229,Snacks,Bingo Chips,1,20,20,Card,Mumbai
TXN108393,2025-06-03,CUST775,Personal Care,Savlon Handwash,1,95,95,UPI,Hyderabad
TXN108394,2025-04-24,CUST920,Personal Care,Vivel Soap,4,35,140,Cash,Kolkata
TXN108395,2025-04-01,CUST481,Personal Care,Savlon Handwash,3,95,285,Card,Bangalore
TXN108396,2025-05-02,CUST970,Personal Care,Savlon Handwash,4,95,380,Card,Delhi
TXN108397,2025-03-17,CUST738,Personal Care,Vivel Soap,3,35,105,UPI,Mumbai
TXN108398,2025-05-15,CUST167,Beverages,B Natural Juice,4,40,160,UPI,Kolkata
TXN108399,2025-06-20,CUST302,Beverages,B Natural Juice,3,40,120,Cash,Chennai
TXN108400,2025-06-15,CUST551,FMCG,Aashirvaad Atta,3,65,195,Cash,Bangalore
TXN108401,2025-01-03,CUST257,Personal Care,Savlon Sanitizer,4,70,280,Card,Kolkata
TXN108402,2025-01-30,CUST751,FMCG,Aashirvaad Atta,2,65,130,UPI,Hyderabad
TXN108403,2025-06-02,CUST370,FMCG,Aashirvaad Atta,4,65,260,Cash,Bangalore
TXN108404,2025-04-24,CUST161,Personal Care,Savlon Handwash,1,95,95,UPI,Hyderabad
TXN108405,2025-02-09,CUST384,Snacks,Bingo Chips,3,20,60,Card,Hyderabad
TXN108406,2025-02-03,CUST462,Personal Care,Vivel Soap,4,35,140,Card,Hyderabad
TXN108407,2025-01-15,CUST207,FMCG,Aashirvaad Atta,2,65,130,Card,Hyderabad
TXN108408,2025-05-04,CUST310,Personal Care,Savlon Handwash,5,95,475,Card,Hyderabad
TXN108409,2025-01-18,CUST718,Personal Care,Savlon Handwash,3,95,285,Cash,Delhi
TXN108410,2025-02-21,CUST163,Snacks,Bingo Chips,1,20,20,Card,Mumbai
TXN108411,2025-04-08,CUST869,Personal Care,Savlon Handwash,2,95,190,Card,Chennai
TXN108412,2025-02-21,CUST830,Personal Care,Savlon Sanitizer,3,70,210,Cash,Chennai
TXN108413,2025-01-14,CUST253,Snacks,Bingo Chips,2,20,40,UPI,Bangalore
TXN108414,2025-01-12,CUST912,Snacks,Bingo Chips,4,20,80,Cash,Chennai
TXN108415,2025-01-08,CUST977,Personal Care,Vivel Soap,5,35,175,UPI,Chennai
TXN108416,2025-04-29,CUST364,Beverages,B Natural Juice,1,40,40,Cash,Kolkata
TXN108417,2025-03-14,CUST379,FMCG,Aashirvaad Atta,3,65,195,UPI,Hyderabad
TXN108418,2025-04-08,CUST474,Personal Care,Vivel Soap,5,35,175,Card,Delhi
TXN108419,2025-02-07,CUST190,FMCG,Aashirvaad Atta,2,65,130,Cash,Mumbai
TXN108420,2025-01-04,CUST604,Personal Care,Savlon Handwash,4,95,380,Card,Delhi
TXN108421,2025-02-10,CUST464,FMCG,Aashirvaad Atta,3,65,195,UPI,Delhi
TXN108422,2025-02-25,CUST103,Personal Care,Savlon Sanitizer,2,70,140,UPI,Chennai
TXN108423,2025-05-12,CUST692,Snacks,Bingo Chips,5,20,100,Cash,Hyderabad
TXN108424,2025-03-11,CUST580,Beverages,Sunbean Coffee,4,180,720,UPI,Delhi
TXN108425,2025-05-19,CUST106,Personal Care,Vivel Soap,1,35,35,Card,Hyderabad
TXN108426,2025-02-05,CUST319,Personal Care,Vivel Soap,2,35,70,UPI,Delhi
TXN108427,2025-03-18,CUST360,Personal Care,Savlon Sanitizer,1,70,70,Cash,Hyderabad
TXN108428,2025-06-02,CUST228,Snacks,Bingo Mad Angles,3,25,75,Card,Hyderabad
TXN108429,2025-01-15,CUST431,Snacks,Bingo Chips,3,20,60,UPI,Hyderabad
TXN108430,2025-03-07,CUST706,Beverages,B Natural Juice,3,40,120,Card,Hyderabad
TXN108431,2025-05-20,CUST300,Beverages,B Natural Juice,5,40,200,Card,Delhi
TXN108432,2025-02-07,CUST243,Snacks,Bingo Mad Angles,1,25,25,UPI,Hyderabad
TXN108433,2025-06-07,CUST993,Personal Care,Vivel Soap,3,35,105,UPI,Mumbai
TXN108434,2025-06-13,CUST386,Personal Care,Savlon Handwash,3,95,285,UPI,Bangalore
TXN108435,2025-04-07,CUST608,Personal Care,Savlon Handwash,2,95,190,Card,Bangalore
TXN108436,2025-01-29,CUST583,Personal Care,Savlon Sanitizer,3,70,210,UPI,Hyderabad
TXN108437,2025-01-18,CUST609,Personal Care,Vivel Soap,4,35,140,UPI,Hyderabad
TXN108438,2025-02-06,CUST764,Beverages,Sunbean Coffee,2,180,360,Cash,Bangalore
TXN108439,2025-02-22,CUST397,Snacks,Bingo Chips,2,20,40,Cash,Kolkata
TXN108440,2025-06-28,CUST976,Beverages,B Natural Juice,1,40,40,UPI,Chennai
TXN108441,2025-04-03,CUST291,Personal Care,Vivel Soap,1,35,35,UPI,Delhi
TXN108442,2025-04-28,CUST468,Snacks,Bingo Mad Angles,5,25,125,Card,Delhi
TXN108443,2025-03-11,CUST395,Personal Care,Savlon Sanitizer,2,70,140,Cash,Chennai
TXN108444,2025-04-12,CUST182,Personal Care,Savlon Handwash,5,95,475,Cash,Kolkata
TXN108445,2025-05-16,CUST650,Snacks,Bingo Mad Angles,5,25,125,UPI,Delhi
TXN108446,2025-01-15,CUST821,Beverages,Sunbean Coffee,5,180,900,Card,Chennai
TXN108447,2025-01-23,CUST710,Beverages,B Natural Juice,1,40,40,UPI,Chennai
TXN108448,2025-04-24,CUST855,Snacks,Bingo Mad Angles,5,25,125,Cash,Chennai
TXN108449,2025-02-28,CUST581,Personal Care,Vivel Soap,4,35,140,UPI,Chennai
TXN108450,2025-03-24,CUST356,FMCG,Aashirvaad Atta,3,65,195,UPI,Delhi
TXN108451,2025-02-05,CUST299,Snacks,Bingo Chips,5,20,100,Cash,Kolkata
TXN108452,2025-04-04,CUST886,Personal Care,Vivel Soap,3,35,105,Card,Bangalore
TXN108453,2025-02-18,CUST791,Personal Care,Savlon Sanitizer,1,70,70,UPI,Bangalore
TXN108454,2025-06-13,CUST522,FMCG,Aashirvaad Atta,2,65,130,Cash,Chennai
TXN108455,2025-03-06,CUST477,Personal Care,Vivel Soap,4,35,140,Card,Mumbai
TXN108456,2025-03-01,CUST806,Personal Care,Vivel Soap,2,35,70,Card,Delhi
TXN108457,2025-04-21,CUST580,Beverages,B Natural Juice,1,40,40,Cash,Hyderabad
TXN108458,2025-02-26,CUST346,Personal Care,Savlon Handwash,4,95,380,Card,Mumbai
TXN108459,2025-03-05,CUST542,Personal Care,Savlon Sanitizer,2,70,140,UPI,Mumbai
TXN108460,2025-01-16,CUST934,Personal Care,Savlon Sanitizer,1,70,70,Cash,Mumbai
TXN108461,2025-04-27,CUST978,Beverages,B Natural Juice,3,40,120,UPI,Chennai
TXN108462,2025-03-31,CUST944,FMCG,Aashirvaad Atta,4,65,260,UPI,Kolkata
TXN108463,2025-05-04,CUST198,Personal Care,Vivel Soap,1,35,35,UPI,Kolkata
TXN108464,2025-06-20,CUST209,Personal Care,Vivel Soap,1,35,35,UPI,Delhi
TXN108465,2025-06-20,CUST291,Snacks,Bingo Chips,5,20,100,Card,Hyderabad
TXN108466,2025-04-16,CUST200,FMCG,Aashirvaad Atta,3,65,195,UPI,Chennai
TXN108467,2025-04-29,CUST233,Personal Care,Vivel Soap,1,35,35,UPI,Chennai
TXN108468,2025-01-03,CUST495,Personal Care,Savlon Sanitizer,2,70,140,Cash,Delhi
TXN108469,2025-01-14,CUST925,Personal Care,Vivel Soap,4,35,140,Cash,Kolkata
TXN108470,2025-01-09,CUST513,FMCG,Aashirvaad Atta,5,65,325,Card,Kolkata
TXN108471,2025-03-23,CUST597,Personal Care,Vivel Soap,2,35,70,UPI,Hyderabad
TXN108472,2025-02-06,CUST460,Personal Care,Savlon Handwash,3,95,285,Card,Delhi
TXN108473,2025-04-05,CUST213,Personal Care,Vivel Soap,5,35,175,Card,Chennai
TXN108474,2025-05-07,CUST799,Personal Care,Savlon Handwash,5,95,475,UPI,Bangalore
TXN108475,2025-01-19,CUST645,Personal Care,Savlon Sanitizer,3,70,210,Cash,Hyderabad
TXN108476,2025-06-18,CUST336,Snacks,Bingo Chips,2,20,40,Card,Delhi
TXN108477,2025-04-16,CUST673,Personal Care,Savlon Sanitizer,2,70,140,Cash,Chennai
TXN108478,2025-04-30,CUST397,Personal Care,Savlon Handwash,1,95,95,UPI,Mumbai
TXN108479,2025-06-19,CUST654,FMCG,Aashirvaad Atta,5,65,325,Cash,Hyderabad
TXN108480,2025-03-22,CUST453,FMCG,Aashirvaad Atta,5,65,325,Cash,Delhi
TXN108481,2025-02-12,CUST420,Snacks,Bingo Mad Angles,1,25,25,Cash,Bangalore
TXN108482,2025-03-02,CUST982,Personal Care,Savlon Handwash,5,95,475,UPI,Kolkata
TXN108483,2025-03-22,CUST262,Beverages,Sunbean Coffee,1,180,180,Cash,Hyderabad
TXN108484,2025-04-07,CUST685,Beverages,Sunbean Coffee,1,180,180,UPI,Delhi
TXN108485,2025-06-04,CUST370,Beverages,B Natural Juice,4,40,160,Card,Chennai
TXN108486,2025-05-05,CUST913,Beverages,B Natural Juice,2,40,80,Cash,Mumbai
TXN108487,2025-03-05,CUST111,Snacks,Bingo Chips,1,20,20,Cash,Kolkata
TXN108488,2025-02-21,CUST325,Beverages,Sunbean Coffee,2,180,360,Cash,Bangalore
TXN108489,2025-05-23,CUST263,Snacks,Bingo Chips,2,20,40,Cash,Delhi
TXN108490,2025-03-16,CUST430,Snacks,Bingo Mad Angles,2,25,50,Card,Bangalore
TXN108491,2025-04-24,CUST915,Snacks,Bingo Mad Angles,4,25,100,Card,Mumbai
TXN108492,2025-02-21,CUST190,FMCG,Aashirvaad Atta,3,65,195,Card,Hyderabad
TXN108493,2025-04-02,CUST964,Beverages,Sunbean Coffee,2,180,360,Cash,Bangalore
TXN108494,2025-03-11,CUST665,Personal Care,Savlon Sanitizer,1,70,70,Card,Hyderabad
TXN108495,2025-04-30,CUST246,Snacks,Bingo Chips,1,20,20,Cash,Bangalore
TXN108496,2025-01-07,CUST258,Snacks,Bingo Mad Angles,3,25,75,UPI,Delhi
TXN108497,2025-01-09,CUST454,Snacks,Bingo Mad Angles,4,25,100,Card,Hyderabad
TXN108498,2025-04-29,CUST278,Snacks,Bingo Mad Angles,2,25,50,UPI,Hyderabad
TXN108499,2025-02-02,CUST366,Personal Care,Savlon Handwash,3,95,285,UPI,Kolkata
TXN108500,2025-05-11,CUST947,Beverages,B Natural Juice,5,40,200,Cash,Chennai
TXN108501,2025-05-03,CUST151,Personal Care,Vivel Soap,4,35,140,Card,Chennai
TXN108502,2025-01-28,CUST870,Personal Care,Savlon Sanitizer,1,70,70,Card,Hyderabad
TXN108503,2025-06-06,CUST450,Snacks,Bingo Mad Angles,5,25,125,UPI,Delhi
TXN108504,2025-06-17,CUST432,Snacks,Bingo Mad Angles,5,25,125,Cash,Bangalore
TXN108505,2025-06-08,CUST246,Snacks,Bingo Mad Angles,4,25,100,UPI,Mumbai
TXN108506,2025-02-09,CUST752,FMCG,Aashirvaad Atta,4,65,260,UPI,Bangalore
TXN108507,2025-01-28,CUST345,Snacks,Bingo Chips,4,20,80,UPI,Kolkata
TXN108508,2025-01-06,CUST698,Snacks,Bingo Chips,5,20,100,Cash,Mumbai
TXN108509,2025-01-25,CUST776,Beverages,Sunbean Coffee,1,180,180,Card,Kolkata
TXN108510,2025-05-04,CUST333,FMCG,Aashirvaad Atta,3,65,195,Card,Hyderabad
TXN108511,2025-06-18,CUST830,FMCG,Aashirvaad Atta,4,65,260,Card,Chennai
TXN108512,2025-06-22,CUST426,Snacks,Bingo Chips,3,20,60,Cash,Kolkata
TXN108513,2025-05-04,CUST519,Snacks,Bingo Mad Angles,1,25,25,Card,Bangalore
TXN108514,2025-06-22,CUST224,Beverages,B Natural Juice,4,40,160,Cash,Mumbai
TXN108515,2025-04-22,CUST974,Beverages,Sunbean Coffee,4,180,720,UPI,Chennai
TXN108516,2025-04-01,CUST713,Beverages,B Natural Juice,4,40,160,Card,Chennai
TXN108517,2025-02-12,CUST781,Snacks,Bingo Chips,3,20,60,Card,Hyderabad
TXN108518,2025-04-29,CUST868,Snacks,Bingo Chips,1,20,20,Cash,Hyderabad
TXN108519,2025-04-27,CUST733,Personal Care,Savlon Sanitizer,5,70,350,Card,Mumbai
TXN108520,2025-05-03,CUST386,Beverages,Sunbean Coffee,4,180,720,Cash,Bangalore
TXN108521,2025-03-24,CUST407,Personal Care,Savlon Handwash,2,95,190,Cash,Mumbai
TXN108522,2025-04-04,CUST414,FMCG,Aashirvaad Atta,2,65,130,Cash,Delhi
TXN108523,2025-05-14,CUST293,Beverages,Sunbean Coffee,2,180,360,Cash,Hyderabad
TXN108524,2025-04-30,CUST417,FMCG,Aashirvaad Atta,1,65,65,Cash,Chennai
TXN108525,2025-04-25,CUST200,Personal Care,Savlon Sanitizer,5,70,350,UPI,Chennai
TXN108526,2025-06-13,CUST135,FMCG,Aashirvaad Atta,2,65,130,Card,Bangalore
TXN108527,2025-03-13,CUST339,Beverages,Sunbean Coffee,5,180,900,Card,Kolkata
TXN108528,2025-02-14,CUST377,Snacks,Bingo Chips,2,20,40,UPI,Hyderabad
TXN108529,2025-03-07,CUST582,Personal Care,Vivel Soap,5,35,175,Cash,Hyderabad
TXN108530,2025-01-07,CUST782,Personal Care,Savlon Sanitizer,4,70,280,Cash,Bangalore
TXN108531,2025-05-25,CUST345,FMCG,Aashirvaad Atta,1,65,65,UPI,Hyderabad
TXN108532,2025-06-12,CUST202,Personal Care,Savlon Handwash,5,95,475,Cash,Kolkata
TXN108533,2025-05-30,CUST121,Snacks,Bingo Mad Angles,4,25,100,Cash,Kolkata
TXN108534,2025-05-22,CUST335,Personal Care,Vivel Soap,1,35,35,UPI,Chennai
TXN108535,2025-03-27,CUST610,Beverages,Sunbean Coffee,3,180,540,UPI,Kolkata
TXN108536,2025-06-17,CUST124,Personal Care,Vivel Soap,3,35,105,Card,Delhi
TXN108537,2025-02-28,CUST530,Personal Care,Vivel Soap,2,35,70,Card,Mumbai
TXN108538,2025-05-18,CUST721,Personal Care,Savlon Handwash,3,95,285,UPI,Chennai
TXN108539,2025-04-15,CUST686,Snacks,Bingo Mad Angles,5,25,125,Card,Mumbai
TXN108540,2025-04-19,CUST643,Beverages,B Natural Juice,2,40,80,UPI,Delhi
TXN108541,2025-05-31,CUST758,Personal Care,Vivel Soap,2,35,70,UPI,Kolkata
TXN108542,2025-05-22,CUST191,Snacks,Bingo Mad Angles,2,25,50,Card,Delhi
TXN108543,2025-06-26,CUST767,Snacks,Bingo Chips,2,20,40,Card,Hyderabad
TXN108544,2025-06-26,CUST795,Snacks,Bingo Mad Angles,3,25,75,UPI,Bangalore
TXN108545,2025-02-18,CUST188,Personal Care,Savlon Handwash,4,95,380,Card,Bangalore
TXN108546,2025-01-30,CUST163,FMCG,Aashirvaad Atta,2,65,130,UPI,Mumbai
TXN108547,2025-06-18,CUST973,Personal Care,Savlon Sanitizer,2,70,140,Card,Bangalore
TXN108548,2025-06-05,CUST995,Beverages,B Natural Juice,1,40,40,Cash,Mumbai
TXN108549,2025-02-01,CUST800,Personal Care,Vivel Soap,4,35,140,Cash,Mumbai
TXN108550,2025-03-28,CUST658,Personal Care,Savlon Sanitizer,5,70,350,Cash,Hyderabad
TXN108551,2025-06-26,CUST556,Personal Care,Vivel Soap,4,35,140,Cash,Chennai
TXN108552,2025-02-28,CUST324,Personal Care,Vivel Soap,3,35,105,Cash,Hyderabad
TXN108553,2025-03-06,CUST651,Beverages,Sunbean Coffee,4,180,720,UPI,Hyderabad
TXN108554,2025-06-04,CUST315,Beverages,B Natural Juice,2,40,80,Cash,Delhi
TXN108555,2025-01-10,CUST456,Personal Care,Savlon Sanitizer,4,70,280,UPI,Chennai
TXN108556,2025-04-06,CUST338,Beverages,Sunbean Coffee,3,180,540,Card,Hyderabad
TXN108557,2025-02-28,CUST506,Personal Care,Savlon Handwash,3,95,285,Card,Bangalore
TXN108558,2025-05-02,CUST597,Personal Care,Savlon Handwash,4,95,380,UPI,Kolkata
TXN108559,2025-06-22,CUST137,Personal Care,Savlon Sanitizer,5,70,350,Cash,Hyderabad
TXN108560,2025-03-03,CUST577,Personal Care,Savlon Sanitizer,1,70,70,Card,Hyderabad
TXN108561,2025-04-28,CUST884,Beverages,Sunbean Coffee,1,180,180,Cash,Kolkata
TXN108562,2025-03-14,CUST818,Personal Care,Vivel Soap,1,35,35,Cash,Bangalore
TXN108563,2025-03-09,CUST148,Snacks,Bingo Chips,4,20,80,Card,Delhi
TXN108564,2025-04-02,CUST526,Beverages,Sunbean Coffee,1,180,180,Cash,Mumbai
TXN108565,2025-03-16,CUST895,Beverages,B Natural Juice,4,40,160,Cash,Kolkata
TXN108566,2025-03-19,CUST116,Personal Care,Savlon Handwash,2,95,190,Cash,Mumbai
TXN108567,2025-01-01,CUST266,Beverages,Sunbean Coffee,4,180,720,Cash,Bangalore
TXN108568,2025-01-21,CUST692,Snacks,Bingo Mad Angles,3,25,75,Cash,Chennai
TXN108569,2025-06-05,CUST528,Personal Care,Savlon Handwash,5,95,475,Card,Delhi
TXN108570,2025-01-17,CUST165,Snacks,Bingo Mad Angles,4,25,100,Cash,Chennai
TXN108571,2025-03-22,CUST794,Beverages,Sunbean Coffee,1,180,180,Cash,Kolkata
TXN108572,2025-01-18,CUST900,Personal Care,Vivel Soap,1,35,35,Card,Mumbai
TXN108573,2025-04-22,CUST146,Personal Care,Vivel Soap,1,35,35,Cash,Hyderabad
TXN108574,2025-04-25,CUST923,Beverages,B Natural Juice,1,40,40,Cash,Mumbai
TXN108575,2025-03-17,CUST577,Personal Care,Savlon Sanitizer,5,70,350,Card,Delhi
TXN108576,2025-01-31,CUST688,Beverages,Sunbean Coffee,4,180,720,Card,Hyderabad
TXN108577,2025-06-03,CUST769,Snacks,Bingo Chips,5,20,100,Cash,Mumbai
TXN108578,2025-03-16,CUST739,Personal Care,Savlon Sanitizer,1,70,70,Cash,Mumbai
TXN108579,2025-02-18,CUST210,Personal Care,Savlon Sanitizer,3,70,210,UPI,Delhi
TXN108580,2025-05-04,CUST313,FMCG,Aashirvaad Atta,3,65,195,Card,Bangalore
TXN108581,2025-06-19,CUST431,Beverages,B Natural Juice,4,40,160,Card,Kolkata
TXN108582,2025-01-27,CUST143,Snacks,Bingo Mad Angles,4,25,100,Card,Delhi
TXN108583,2025-05-01,CUST894,Personal Care,Vivel Soap,4,35,140,Cash,Hyderabad
TXN108584,2025-02-16,CUST326,Beverages,B Natural Juice,4,40,160,Cash,Mumbai
TXN108585,2025-02-07,CUST543,Personal Care,Savlon Handwash,4,95,380,Cash,Bangalore
TXN108586,2025-05-31,CUST482,Snacks,Bingo Mad Angles,1,25,25,Card,Bangalore
TXN108587,2025-02-12,CUST463,Personal Care,Vivel Soap,5,35,175,Card,Delhi
TXN108588,2025-02-01,CUST105,Snacks,Bingo Mad Angles,4,25,100,UPI,Delhi
TXN108589,2025-06-11,CUST205,Snacks,Bingo Mad Angles,1,25,25,Card,Kolkata
TXN108590,2025-06-07,CUST129,Snacks,Bingo Chips,3,20,60,Cash,Hyderabad
TXN108591,2025-06-22,CUST235,Personal Care,Vivel Soap,4,35,140,Cash,Bangalore
TXN108592,2025-02-04,CUST836,Personal Care,Savlon Handwash,5,95,475,UPI,Kolkata
TXN108593,2025-06-06,CUST767,Personal Care,Savlon Handwash,3,95,285,Cash,Kolkata
TXN108594,2025-05-26,CUST617,Snacks,Bingo Chips,2,20,40,Card,Chennai
TXN108595,2025-03-31,CUST207,FMCG,Aashirvaad Atta,1,65,65,UPI,Hyderabad
TXN108596,2025-05-30,CUST207,Personal Care,Savlon Sanitizer,5,70,350,Cash,Delhi
TXN108597,2025-02-10,CUST581,Snacks,Bingo Mad Angles,5,25,125,Cash,Chennai
TXN108598,2025-03-10,CUST970,Personal Care,Vivel Soap,4,35,140,UPI,Chennai
TXN108599,2025-06-18,CUST614,Personal Care,Savlon Sanitizer,1,70,70,Card,Chennai
TXN108600,2025-06-04,CUST225,Personal Care,Savlon Sanitizer,1,70,70,Cash,Kolkata
TXN108601,2025-06-14,CUST169,Personal Care,Vivel Soap,5,35,175,Card,Delhi
TXN108602,2025-02-21,CUST788,Beverages,Sunbean Coffee,1,180,180,Card,Kolkata
TXN108603,2025-01-29,CUST506,FMCG,Aashirvaad Atta,2,65,130,UPI,Mumbai
TXN108604,2025-01-17,CUST211,Snacks,Bingo Chips,4,20,80,Cash,Mumbai
TXN108605,2025-06-13,CUST664,Personal Care,Vivel Soap,2,35,70,Card,Chennai
TXN108606,2025-03-10,CUST780,Personal Care,Vivel Soap,4,35,140,Cash,Delhi
TXN108607,2025-01-17,CUST531,Beverages,B Natural Juice,2,40,80,UPI,Hyderabad
TXN108608,2025-05-12,CUST358,Personal Care,Vivel Soap,4,35,140,Cash,Kolkata
TXN108609,2025-05-02,CUST114,FMCG,Aashirvaad Atta,5,65,325,UPI,Mumbai
TXN108610,2025-04-12,CUST200,Personal Care,Savlon Sanitizer,3,70,210,Card,Bangalore
TXN108611,2025-03-21,CUST780,Personal Care,Savlon Sanitizer,2,70,140,UPI,Delhi
TXN108612,2025-03-13,CUST824,Personal Care,Savlon Sanitizer,2,70,140,Card,Delhi
TXN108613,2025-01-16,CUST572,FMCG,Aashirvaad Atta,5,65,325,Card,Kolkata
TXN108614,2025-04-29,CUST902,FMCG,Aashirvaad Atta,5,65,325,Cash,Delhi
TXN108615,2025-03-04,CUST917,Beverages,B Natural Juice,1,40,40,UPI,Mumbai
TXN108616,2025-05-02,CUST237,Beverages,B Natural Juice,1,40,40,Card,Chennai
TXN108617,2025-02-08,CUST332,Beverages,Sunbean Coffee,1,180,180,UPI,Hyderabad
TXN108618,2025-01-05,CUST923,FMCG,Aashirvaad Atta,1,65,65,Card,Bangalore
TXN108619,2025-04-24,CUST420,Personal Care,Vivel Soap,4,35,140,UPI,Delhi
TXN108620,2025-04-11,CUST166,FMCG,Aashirvaad Atta,2,65,130,UPI,Mumbai
TXN108621,2025-04-25,CUST472,Snacks,Bingo Chips,4,20,80,Card,Bangalore
TXN108622,2025-03-13,CUST301,Beverages,Sunbean Coffee,5,180,900,Card,Bangalore
TXN108623,2025-05-26,CUST436,Personal Care,Vivel Soap,5,35,175,UPI,Delhi
TXN108624,2025-04-07,CUST834,Personal Care,Savlon Handwash,4,95,380,Cash,Mumbai
TXN108625,2025-06-02,CUST911,FMCG,Aashirvaad Atta,4,65,260,Card,Bangalore
TXN108626,2025-02-19,CUST791,Snacks,Bingo Chips,1,20,20,Cash,Chennai
TXN108627,2025-06-11,CUST774,Personal Care,Savlon Sanitizer,5,70,350,Cash,Delhi
TXN108628,2025-03-22,CUST713,FMCG,Aashirvaad Atta,2,65,130,Cash,Delhi
TXN108629,2025-04-23,CUST964,Personal Care,Savlon Handwash,3,95,285,Card,Bangalore
TXN108630,2025-02-20,CUST533,Personal Care,Savlon Handwash,1,95,95,Card,Bangalore
TXN108631,2025-02-22,CUST217,Beverages,B Natural Juice,1,40,40,UPI,Mumbai
TXN108632,2025-01-20,CUST334,Snacks,Bingo Mad Angles,5,25,125,Card,Chennai
TXN108633,2025-02-11,CUST453,Beverages,B Natural Juice,1,40,40,UPI,Bangalore
TXN108634,2025-06-25,CUST395,Snacks,Bingo Mad Angles,3,25,75,Card,Hyderabad
TXN108635,2025-04-07,CUST458,Beverages,Sunbean Coffee,3,180,540,Cash,Delhi
TXN108636,2025-03-18,CUST440,Personal Care,Savlon Sanitizer,5,70,350,UPI,Chennai
TXN108637,2025-04-14,CUST947,Beverages,B Natural Juice,2,40,80,UPI,Mumbai
TXN108638,2025-01-17,CUST404,Snacks,Bingo Chips,1,20,20,Card,Hyderabad
TXN108639,2025-05-09,CUST845,Snacks,Bingo Chips,5,20,100,Card,Hyderabad
TXN108640,2025-02-27,CUST341,Personal Care,Savlon Handwash,2,95,190,Card,Chennai
TXN108641,2025-02-03,CUST295,Snacks,Bingo Chips,1,20,20,UPI,Bangalore
TXN108642,2025-04-06,CUST300,Personal Care,Savlon Sanitizer,1,70,70,Cash,Bangalore
TXN108643,2025-04-15,CUST229,Personal Care,Savlon Sanitizer,3,70,210,UPI,Bangalore
TXN108644,2025-03-30,CUST234,Snacks,Bingo Mad Angles,4,25,100,UPI,Delhi
TXN108645,2025-02-22,CUST437,Personal Care,Savlon Sanitizer,5,70,350,Card,Kolkata
TXN108646,2025-03-15,CUST134,Personal Care,Vivel Soap,4,35,140,UPI,Delhi
TXN108647,2025-02-27,CUST569,Personal Care,Savlon Sanitizer,1,70,70,Card,Chennai
TXN108648,2025-01-07,CUST384,Personal Care,Savlon Sanitizer,3,70,210,Card,Hyderabad
TXN108649,2025-05-22,CUST554,Personal Care,Savlon Sanitizer,1,70,70,Cash,Chennai
TXN108650,2025-02-25,CUST945,FMCG,Aashirvaad Atta,3,65,195,Card,Bangalore
TXN108651,2025-04-18,CUST237,Snacks,Bingo Chips,3,20,60,Card,Mumbai
TXN108652,2025-06-12,CUST902,Beverages,Sunbean Coffee,5,180,900,Cash,Mumbai
TXN108653,2025-06-12,CUST398,Beverages,Sunbean Coffee,3,180,540,UPI,Bangalore
TXN108654,2025-03-03,CUST249,Snacks,Bingo Mad Angles,3,25,75,Cash,Chennai
TXN108655,2025-02-11,CUST480,Personal Care,Vivel Soap,4,35,140,Cash,Kolkata
TXN108656,2025-04-15,CUST631,Personal Care,Vivel Soap,1,35,35,Card,Kolkata
TXN108657,2025-06-29,CUST651,Personal Care,Vivel Soap,5,35,175,UPI,Delhi
TXN108658,2025-01-01,CUST362,Snacks,Bingo Mad Angles,4,25,100,UPI,Mumbai
TXN108659,2025-03-12,CUST634,Snacks,Bingo Chips,1,20,20,Cash,Chennai
TXN108660,2025-04-21,CUST524,Personal Care,Savlon Handwash,1,95,95,UPI,Kolkata
TXN108661,2025-01-04,CUST387,Beverages,Sunbean Coffee,1,180,180,Cash,Kolkata
TXN108662,2025-04-22,CUST846,Beverages,B Natural Juice,3,40,120,Cash,Hyderabad
TXN108663,2025-06-06,CUST615,Snacks,Bingo Mad Angles,4,25,100,Cash,Mumbai
TXN108664,2025-06-10,CUST319,FMCG,Aashirvaad Atta,3,65,195,Card,Mumbai
TXN108665,2025-01-07,CUST747,Snacks,Bingo Chips,4,20,80,Card,Chennai
TXN108666,2025-01-23,CUST548,Snacks,Bingo Chips,1,20,20,UPI,Hyderabad
TXN108667,2025-06-27,CUST335,Snacks,Bingo Mad Angles,1,25,25,Cash,Bangalore
TXN108668,2025-03-18,CUST281,Snacks,Bingo Mad Angles,4,25,100,UPI,Hyderabad
TXN108669,2025-03-02,CUST393,Personal Care,Vivel Soap,2,35,70,UPI,Delhi
TXN108670,2025-04-08,CUST430,Snacks,Bingo Chips,2,20,40,Card,Chennai
TXN108671,2025-05-26,CUST134,FMCG,Aashirvaad Atta,3,65,195,UPI,Kolkata
TXN108672,2025-02-09,CUST325,Personal Care,Savlon Sanitizer,2,70,140,UPI,Kolkata
TXN108673,2025-03-10,CUST356,FMCG,Aashirvaad Atta,2,65,130,Cash,Bangalore
TXN108674,2025-04-05,CUST923,Snacks,Bingo Chips,5,20,100,Card,Bangalore
TXN108675,2025-04-18,CUST918,Beverages,Sunbean Coffee,3,180,540,Cash,Kolkata
TXN108676,2025-04-15,CUST858,Beverages,B Natural Juice,3,40,120,Cash,Delhi
TXN108677,2025-02-09,CUST260,Beverages,B Natural Juice,5,40,200,Card,Mumbai
TXN108678,2025-01-01,CUST941,Personal Care,Vivel Soap,1,35,35,Card,Delhi
TXN108679,2025-04-12,CUST835,FMCG,Aashirvaad Atta,5,65,325,Card,Bangalore
TXN108680,2025-04-21,CUST618,Beverages,B Natural Juice,5,40,200,Cash,Bangalore
TXN108681,2025-03-10,CUST299,Beverages,Sunbean Coffee,2,180,360,UPI,Hyderabad
TXN108682,2025-06-08,CUST804,FMCG,Aashirvaad Atta,5,65,325,Cash,Kolkata
TXN108683,2025-06-29,CUST880,Snacks,Bingo Mad Angles,3,25,75,UPI,Delhi
TXN108684,2025-03-08,CUST383,FMCG,Aashirvaad Atta,3,65,195,Card,Hyderabad
TXN108685,2025-03-06,CUST369,Personal Care,Vivel Soap,3,35,105,Cash,Chennai
TXN108686,2025-05-06,CUST166,FMCG,Aashirvaad Atta,5,65,325,Card,Bangalore
TXN108687,2025-05-31,CUST663,Beverages,B Natural Juice,4,40,160,Cash,Delhi
TXN108688,2025-02-26,CUST681,Personal Care,Vivel Soap,2,35,70,Card,Mumbai
TXN108689,2025-06-25,CUST845,FMCG,Aashirvaad Atta,3,65,195,Cash,Delhi
TXN108690,2025-04-30,CUST645,Personal Care,Savlon Handwash,3,95,285,Card,Mumbai
TXN108691,2025-04-03,CUST560,FMCG,Aashirvaad Atta,1,65,65,Cash,Chennai
TXN108692,2025-01-31,CUST812,Beverages,Sunbean Coffee,4,180,720,Card,Chennai
TXN108693,2025-02-14,CUST167,Beverages,B Natural Juice,4,40,160,Cash,Chennai
TXN108694,2025-04-14,CUST308,Personal Care,Savlon Sanitizer,3,70,210,UPI,Delhi
TXN108695,2025-06-11,CUST180,Snacks,Bingo Mad Angles,4,25,100,Cash,Mumbai
TXN108696,2025-04-11,CUST271,Personal Care,Vivel Soap,1,35,35,Card,Delhi
TXN108697,2025-02-22,CUST641,Personal Care,Savlon Handwash,4,95,380,Cash,Bangalore
TXN108698,2025-05-22,CUST591,Snacks,Bingo Mad Angles,3,25,75,UPI,Delhi
TXN108699,2025-05-14,CUST591,Personal Care,Vivel Soap,1,35,35,Card,Mumbai
TXN108700,2025-02-21,CUST779,Personal Care,Savlon Sanitizer,4,70,280,Card,Delhi
TXN108701,2025-06-15,CUST601,Snacks,Bingo Mad Angles,1,25,25,UPI,Kolkata
TXN108702,2025-05-24,CUST215,FMCG,Aashirvaad Atta,2,65,130,Cash,Delhi
TXN108703,2025-03-26,CUST158,Personal Care,Savlon Sanitizer,2,70,140,Cash,Bangalore
TXN108704,2025-02-24,CUST963,FMCG,Aashirvaad Atta,5,65,325,Cash,Mumbai
TXN108705,2025-06-22,CUST559,Beverages,B Natural Juice,3,40,120,Cash,Bangalore
TXN108706,2025-01-11,CUST103,Snacks,Bingo Chips,2,20,40,Card,Delhi
TXN108707,2025-02-26,CUST196,Snacks,Bingo Chips,4,20,80,Cash,Hyderabad
TXN108708,2025-05-31,CUST943,Snacks,Bingo Chips,2,20,40,Card,Hyderabad
TXN108709,2025-03-15,CUST936,Beverages,B Natural Juice,1,40,40,Cash,Chennai
TXN108710,2025-03-08,CUST701,FMCG,Aashirvaad Atta,2,65,130,Card,Bangalore
TXN108711,2025-05-29,CUST210,Beverages,B Natural Juice,3,40,120,UPI,Hyderabad
TXN108712,2025-06-25,CUST436,Personal Care,Savlon Sanitizer,2,70,140,UPI,Kolkata
TXN108713,2025-03-10,CUST752,Personal Care,Savlon Sanitizer,1,70,70,Card,Mumbai
TXN108714,2025-05-06,CUST260,Personal Care,Savlon Sanitizer,3,70,210,Cash,Mumbai
TXN108715,2025-01-29,CUST537,Personal Care,Savlon Handwash,2,95,190,Cash,Delhi
TXN108716,2025-06-02,CUST466,FMCG,Aashirvaad Atta,5,65,325,UPI,Delhi
TXN108717,2025-05-06,CUST851,Beverages,B Natural Juice,2,40,80,Cash,Chennai
TXN108718,2025-05-21,CUST271,Personal Care,Vivel Soap,4,35,140,Card,Hyderabad
TXN108719,2025-03-30,CUST575,Personal Care,Vivel Soap,1,35,35,Cash,Bangalore
TXN108720,2025-06-20,CUST953,Beverages,B Natural Juice,5,40,200,UPI,Mumbai
TXN108721,2025-04-27,CUST913,Snacks,Bingo Mad Angles,4,25,100,UPI,Kolkata
TXN108722,2025-04-11,CUST795,FMCG,Aashirvaad Atta,5,65,325,UPI,Hyderabad
TXN108723,2025-02-11,CUST563,Snacks,Bingo Chips,3,20,60,UPI,Mumbai
TXN108724,2025-01-29,CUST165,Snacks,Bingo Chips,1,20,20,UPI,Chennai
TXN108725,2025-06-06,CUST286,Personal Care,Savlon Handwash,2,95,190,Cash,Mumbai
TXN108726,2025-05-24,CUST655,Beverages,B Natural Juice,1,40,40,UPI,Chennai
TXN108727,2025-02-28,CUST246,Personal Care,Savlon Sanitizer,4,70,280,Card,Bangalore
TXN108728,2025-06-16,CUST112,Snacks,Bingo Chips,5,20,100,Card,Delhi
TXN108729,2025-02-06,CUST728,Beverages,Sunbean Coffee,5,180,900,UPI,Bangalore
TXN108730,2025-05-19,CUST328,Beverages,B Natural Juice,5,40,200,UPI,Mumbai
TXN108731,2025-04-30,CUST366,Personal Care,Savlon Sanitizer,5,70,350,Cash,Bangalore
TXN108732,2025-06-11,CUST239,Personal Care,Savlon Sanitizer,4,70,280,Card,Kolkata
TXN108733,2025-06-06,CUST679,FMCG,Aashirvaad Atta,3,65,195,Cash,Delhi
TXN108734,2025-01-08,CUST197,Personal Care,Savlon Sanitizer,1,70,70,Card,Hyderabad
TXN108735,2025-01-10,CUST295,Beverages,B Natural Juice,1,40,40,Cash,Hyderabad
TXN108736,2025-04-13,CUST456,Snacks,Bingo Chips,4,20,80,Cash,Delhi
TXN108737,2025-03-15,CUST112,Personal Care,Vivel Soap,4,35,140,UPI,Mumbai
TXN108738,2025-06-25,CUST843,Personal Care,Vivel Soap,1,35,35,Card,Bangalore
TXN108739,2025-06-14,CUST532,Snacks,Bingo Chips,1,20,20,Card,Bangalore
TXN108740,2025-04-24,CUST539,Beverages,Sunbean Coffee,3,180,540,Cash,Hyderabad
TXN108741,2025-06-20,CUST362,Beverages,Sunbean Coffee,4,180,720,UPI,Delhi
TXN108742,2025-06-29,CUST578,Beverages,B Natural Juice,5,40,200,UPI,Kolkata
TXN108743,2025-02-18,CUST273,Personal Care,Savlon Sanitizer,5,70,350,Cash,Mumbai
TXN108744,2025-03-08,CUST961,Beverages,B Natural Juice,3,40,120,UPI,Bangalore
TXN108745,2025-01-02,CUST590,Personal Care,Savlon Sanitizer,2,70,140,Cash,Bangalore
TXN108746,2025-02-14,CUST210,Snacks,Bingo Chips,4,20,80,Cash,Chennai
TXN108747,2025-06-11,CUST497,Personal Care,Savlon Sanitizer,1,70,70,Cash,Hyderabad
TXN108748,2025-03-30,CUST203,Personal Care,Vivel Soap,4,35,140,UPI,Hyderabad
TXN108749,2025-02-25,CUST664,Personal Care,Savlon Handwash,4,95,380,Cash,Chennai
TXN108750,2025-06-30,CUST244,Personal Care,Savlon Sanitizer,2,70,140,Card,Hyderabad
TXN108751,2025-01-09,CUST821,Beverages,B Natural Juice,5,40,200,Cash,Delhi
TXN108752,2025-01-27,CUST742,Snacks,Bingo Chips,1,20,20,Card,Kolkata
TXN108753,2025-05-28,CUST845,Personal Care,Savlon Sanitizer,1,70,70,Card,Chennai
TXN108754,2025-01-20,CUST704,Personal Care,Savlon Sanitizer,2,70,140,Cash,Mumbai
TXN108755,2025-06-21,CUST444,Snacks,Bingo Chips,2,20,40,Card,Mumbai
TXN108756,2025-05-07,CUST474,Beverages,Sunbean Coffee,3,180,540,UPI,Kolkata
TXN108757,2025-03-16,CUST636,Personal Care,Savlon Handwash,3,95,285,UPI,Chennai
TXN108758,2025-02-08,CUST822,Beverages,B Natural Juice,1,40,40,Card,Kolkata
TXN108759,2025-03-21,CUST877,Personal Care,Vivel Soap,2,35,70,Card,Chennai
TXN108760,2025-01-23,CUST230,Beverages,B Natural Juice,4,40,160,UPI,Delhi
TXN108761,2025-01-27,CUST673,Snacks,Bingo Mad Angles,3,25,75,Cash,Mumbai
TXN108762,2025-06-29,CUST115,Beverages,Sunbean Coffee,3,180,540,UPI,Bangalore
TXN108763,2025-01-06,CUST297,Snacks,Bingo Chips,3,20,60,UPI,Kolkata
TXN108764,2025-05-29,CUST153,Personal Care,Savlon Sanitizer,2,70,140,Card,Chennai
TXN108765,2025-05-14,CUST557,Snacks,Bingo Mad Angles,2,25,50,Card,Kolkata
TXN108766,2025-05-28,CUST276,Beverages,B Natural Juice,5,40,200,Card,Kolkata
TXN108767,2025-04-06,CUST835,Beverages,B Natural Juice,3,40,120,Card,Delhi
TXN108768,2025-05-18,CUST923,FMCG,Aashirvaad Atta,5,65,325,Cash,Chennai
TXN108769,2025-03-01,CUST324,Beverages,Sunbean Coffee,5,180,900,Cash,Chennai
TXN108770,2025-05-23,CUST894,Beverages,Sunbean Coffee,2,180,360,UPI,Mumbai
TXN108771,2025-03-26,CUST379,Beverages,B Natural Juice,2,40,80,Card,Mumbai
TXN108772,2025-05-25,CUST621,Beverages,Sunbean Coffee,2,180,360,Card,Bangalore
TXN108773,2025-04-02,CUST666,Snacks,Bingo Chips,4,20,80,UPI,Bangalore
TXN108774,2025-05-26,CUST883,Personal Care,Savlon Handwash,2,95,190,Card,Mumbai
TXN108775,2025-05-29,CUST469,Snacks,Bingo Chips,2,20,40,Card,Chennai
TXN108776,2025-05-11,CUST264,Snacks,Bingo Mad Angles,3,25,75,Card,Kolkata
TXN108777,2025-04-26,CUST860,Personal Care,Savlon Sanitizer,4,70,280,Card,Kolkata
TXN108778,2025-02-01,CUST835,Personal Care,Savlon Handwash,1,95,95,Card,Mumbai
TXN108779,2025-02-09,CUST997,Snacks,Bingo Chips,5,20,100,Cash,Chennai
TXN108780,2025-01-17,CUST346,Personal Care,Vivel Soap,4,35,140,UPI,Chennai
TXN108781,2025-04-29,CUST299,Personal Care,Savlon Handwash,5,95,475,Card,Kolkata
TXN108782,2025-03-01,CUST330,Personal Care,Vivel Soap,1,35,35,Card,Hyderabad
TXN108783,2025-02-01,CUST559,Snacks,Bingo Mad Angles,5,25,125,UPI,Mumbai
TXN108784,2025-02-05,CUST486,Personal Care,Savlon Sanitizer,2,70,140,UPI,Mumbai
TXN108785,2025-06-03,CUST436,Beverages,Sunbean Coffee,2,180,360,Cash,Hyderabad
TXN108786,2025-06-21,CUST942,Beverages,B Natural Juice,4,40,160,Card,Hyderabad
TXN108787,2025-05-11,CUST397,Beverages,Sunbean Coffee,1,180,180,UPI,Mumbai
TXN108788,2025-05-17,CUST498,Personal Care,Savlon Sanitizer,4,70,280,UPI,Hyderabad
TXN108789,2025-04-17,CUST918,FMCG,Aashirvaad Atta,4,65,260,Cash,Chennai
TXN108790,2025-02-17,CUST162,FMCG,Aashirvaad Atta,4,65,260,UPI,Hyderabad
TXN108791,2025-01-22,CUST104,Beverages,B Natural Juice,1,40,40,Card,Delhi
TXN108792,2025-03-23,CUST517,Personal Care,Savlon Handwash,2,95,190,UPI,Mumbai
TXN108793,2025-04-25,CUST490,Personal Care,Vivel Soap,2,35,70,UPI,Delhi
TXN108794,2025-06-21,CUST921,Snacks,Bingo Mad Angles,2,25,50,UPI,Delhi
TXN108795,2025-03-19,CUST869,Personal Care,Vivel Soap,4,35,140,Cash,Mumbai
TXN108796,2025-03-18,CUST388,Beverages,B Natural Juice,3,40,120,Card,Kolkata
TXN108797,2025-03-20,CUST924,Snacks,Bingo Chips,5,20,100,Card,Bangalore
TXN108798,2025-06-03,CUST824,Personal Care,Savlon Sanitizer,3,70,210,Cash,Kolkata
TXN108799,2025-01-16,CUST167,FMCG,Aashirvaad Atta,1,65,65,Cash,Bangalore
TXN108800,2025-04-29,CUST988,Snacks,Bingo Mad Angles,5,25,125,Card,Bangalore
TXN108801,2025-06-15,CUST498,FMCG,Aashirvaad Atta,4,65,260,UPI,Bangalore
TXN108802,2025-02-06,CUST180,Snacks,Bingo Chips,5,20,100,Cash,Delhi
TXN108803,2025-04-03,CUST800,Snacks,Bingo Chips,3,20,60,Cash,Delhi
TXN108804,2025-05-10,CUST596,Snacks,Bingo Mad Angles,2,25,50,UPI,Delhi
TXN108805,2025-03-07,CUST181,Beverages,Sunbean Coffee,4,180,720,Cash,Mumbai
TXN108806,2025-02-04,CUST617,Personal Care,Savlon Sanitizer,4,70,280,Card,Bangalore
TXN108807,2025-04-10,CUST576,FMCG,Aashirvaad Atta,5,65,325,UPI,Delhi
TXN108808,2025-01-27,CUST787,Personal Care,Savlon Sanitizer,1,70,70,Card,Kolkata
TXN108809,2025-05-26,CUST702,FMCG,Aashirvaad Atta,2,65,130,Card,Mumbai
TXN108810,2025-03-17,CUST295,Personal Care,Savlon Handwash,5,95,475,Card,Bangalore
TXN108811,2025-05-01,CUST581,Snacks,Bingo Chips,1,20,20,Card,Mumbai
TXN108812,2025-02-01,CUST807,Beverages,B Natural Juice,2,40,80,UPI,Bangalore
TXN108813,2025-02-08,CUST942,Personal Care,Savlon Handwash,2,95,190,Card,Hyderabad
TXN108814,2025-02-19,CUST179,Snacks,Bingo Chips,1,20,20,UPI,Bangalore
TXN108815,2025-03-07,CUST697,Snacks,Bingo Mad Angles,1,25,25,Cash,Chennai
TXN108816,2025-06-01,CUST333,Beverages,B Natural Juice,1,40,40,UPI,Mumbai
TXN108817,2025-06-11,CUST342,Personal Care,Savlon Handwash,1,95,95,Card,Mumbai
TXN108818,2025-02-26,CUST543,Beverages,B Natural Juice,1,40,40,Card,Kolkata
TXN108819,2025-03-20,CUST897,Personal Care,Vivel Soap,4,35,140,UPI,Mumbai
TXN108820,2025-05-27,CUST386,Beverages,Sunbean Coffee,2,180,360,UPI,Chennai
TXN108821,2025-05-25,CUST328,Snacks,Bingo Chips,3,20,60,Card,Chennai
TXN108822,2025-06-04,CUST434,Snacks,Bingo Chips,4,20,80,Card,Delhi
TXN108823,2025-06-17,CUST332,Beverages,Sunbean Coffee,5,180,900,Card,Bangalore
TXN108824,2025-05-17,CUST769,Snacks,Bingo Mad Angles,3,25,75,UPI,Chennai
TXN108825,2025-04-06,CUST127,Beverages,Sunbean Coffee,4,180,720,Cash,Chennai
TXN108826,2025-05-11,CUST996,FMCG,Aashirvaad Atta,4,65,260,Cash,Kolkata
TXN108827,2025-01-23,CUST939,Snacks,Bingo Mad Angles,5,25,125,Card,Bangalore
TXN108828,2025-01-14,CUST661,Personal Care,Savlon Sanitizer,4,70,280,Cash,Mumbai
TXN108829,2025-06-13,CUST976,Beverages,B Natural Juice,2,40,80,Cash,Chennai
TXN108830,2025-06-19,CUST566,Snacks,Bingo Chips,2,20,40,Cash,Mumbai
TXN108831,2025-01-27,CUST213,Personal Care,Savlon Handwash,5,95,475,Card,Chennai
TXN108832,2025-04-12,CUST416,FMCG,Aashirvaad Atta,2,65,130,Cash,Hyderabad
TXN108833,2025-01-24,CUST178,Personal Care,Savlon Sanitizer,5,70,350,UPI,Hyderabad
TXN108834,2025-03-17,CUST624,Personal Care,Vivel Soap,3,35,105,Card,Delhi
TXN108835,2025-06-25,CUST197,Personal Care,Savlon Sanitizer,5,70,350,Card,Mumbai
TXN108836,2025-04-04,CUST634,Personal Care,Savlon Handwash,1,95,95,Card,Chennai
TXN108837,2025-01-05,CUST979,Snacks,Bingo Chips,1,20,20,Cash,Hyderabad
TXN108838,2025-02-19,CUST996,Snacks,Bingo Mad Angles,3,25,75,Cash,Mumbai
TXN108839,2025-04-30,CUST161,Beverages,B Natural Juice,4,40,160,UPI,Delhi
TXN108840,2025-02-26,CUST551,FMCG,Aashirvaad Atta,3,65,195,UPI,Hyderabad
TXN108841,2025-05-12,CUST966,Personal Care,Savlon Handwash,5,95,475,UPI,Chennai
TXN108842,2025-02-10,CUST913,Snacks,Bingo Mad Angles,1,25,25,UPI,Chennai
TXN108843,2025-02-19,CUST388,Personal Care,Savlon Handwash,4,95,380,Cash,Hyderabad
TXN108844,2025-06-13,CUST904,Personal Care,Vivel Soap,2,35,70,Card,Hyderabad
TXN108845,2025-02-04,CUST244,FMCG,Aashirvaad Atta,1,65,65,Cash,Chennai
TXN108846,2025-04-23,CUST339,Snacks,Bingo Mad Angles,2,25,50,Cash,Bangalore
TXN108847,2025-04-26,CUST942,Personal Care,Savlon Handwash,1,95,95,Card,Bangalore
TXN108848,2025-02-08,CUST570,Personal Care,Savlon Handwash,5,95,475,Card,Bangalore
TXN108849,2025-01-10,CUST555,Beverages,Sunbean Coffee,2,180,360,Card,Bangalore
TXN108850,2025-04-21,CUST199,Personal Care,Vivel Soap,1,35,35,Cash,Chennai
TXN108851,2025-04-23,CUST409,Snacks,Bingo Chips,3,20,60,UPI,Delhi
TXN108852,2025-03-30,CUST600,Beverages,Sunbean Coffee,2,180,360,UPI,Delhi
TXN108853,2025-03-24,CUST687,Beverages,B Natural Juice,5,40,200,Cash,Chennai
TXN108854,2025-04-02,CUST130,Personal Care,Vivel Soap,5,35,175,Cash,Kolkata
TXN108855,2025-05-25,CUST712,FMCG,Aashirvaad Atta,1,65,65,UPI,Chennai
TXN108856,2025-02-19,CUST912,Snacks,Bingo Mad Angles,3,25,75,UPI,Mumbai
TXN108857,2025-06-28,CUST389,Snacks,Bingo Chips,5,20,100,Card,Delhi
TXN108858,2025-01-22,CUST687,Snacks,Bingo Chips,3,20,60,Card,Chennai
TXN108859,2025-01-02,CUST673,Personal Care,Savlon Handwash,3,95,285,Card,Bangalore
TXN108860,2025-03-06,CUST513,FMCG,Aashirvaad Atta,3,65,195,UPI,Bangalore
TXN108861,2025-01-17,CUST659,Personal Care,Savlon Sanitizer,5,70,350,Cash,Hyderabad
TXN108862,2025-06-17,CUST224,Beverages,Sunbean Coffee,2,180,360,UPI,Kolkata
TXN108863,2025-02-27,CUST224,Snacks,Bingo Chips,4,20,80,Cash,Bangalore
TXN108864,2025-02-07,CUST769,Beverages,B Natural Juice,3,40,120,UPI,Hyderabad
TXN108865,2025-05-17,CUST724,Beverages,B Natural Juice,5,40,200,UPI,Kolkata
TXN108866,2025-04-07,CUST371,Snacks,Bingo Mad Angles,3,25,75,Cash,Hyderabad
TXN108867,2025-06-24,CUST405,Snacks,Bingo Mad Angles,2,25,50,Card,Hyderabad
TXN108868,2025-05-12,CUST379,Personal Care,Savlon Handwash,5,95,475,Cash,Bangalore
TXN108869,2025-01-24,CUST821,FMCG,Aashirvaad Atta,3,65,195,UPI,Delhi
TXN108870,2025-03-15,CUST317,Beverages,B Natural Juice,3,40,120,UPI,Kolkata
TXN108871,2025-05-07,CUST484,FMCG,Aashirvaad Atta,1,65,65,Cash,Bangalore
TXN108872,2025-05-31,CUST298,Snacks,Bingo Chips,2,20,40,Card,Delhi
TXN108873,2025-04-11,CUST511,Beverages,B Natural Juice,4,40,160,UPI,Kolkata
TXN108874,2025-04-13,CUST666,Snacks,Bingo Mad Angles,1,25,25,UPI,Delhi
TXN108875,2025-02-09,CUST410,Personal Care,Vivel Soap,1,35,35,Cash,Hyderabad
TXN108876,2025-03-14,CUST866,Snacks,Bingo Chips,3,20,60,Card,Kolkata
TXN108877,2025-03-20,CUST158,Beverages,Sunbean Coffee,2,180,360,UPI,Kolkata
TXN108878,2025-02-14,CUST891,Snacks,Bingo Chips,3,20,60,Card,Bangalore
TXN108879,2025-01-12,CUST352,Personal Care,Savlon Sanitizer,3,70,210,Cash,Chennai
TXN108880,2025-01-06,CUST488,FMCG,Aashirvaad Atta,3,65,195,Cash,Kolkata
TXN108881,2025-01-25,CUST246,Personal Care,Vivel Soap,5,35,175,Card,Mumbai
TXN108882,2025-01-01,CUST140,Snacks,Bingo Mad Angles,5,25,125,Card,Mumbai
TXN108883,2025-02-14,CUST697,Snacks,Bingo Mad Angles,4,25,100,Cash,Kolkata
TXN108884,2025-03-15,CUST584,Snacks,Bingo Chips,5,20,100,Cash,Chennai
TXN108885,2025-02-06,CUST947,Snacks,Bingo Mad Angles,4,25,100,UPI,Mumbai
TXN108886,2025-05-31,CUST711,Beverages,Sunbean Coffee,3,180,540,UPI,Delhi
TXN108887,2025-04-01,CUST589,Beverages,B Natural Juice,5,40,200,Cash,Chennai
TXN108888,2025-01-23,CUST689,FMCG,Aashirvaad Atta,2,65,130,Cash,Kolkata
TXN108889,2025-04-02,CUST289,FMCG,Aashirvaad Atta,2,65,130,UPI,Hyderabad
TXN108890,2025-06-09,CUST813,Personal Care,Vivel Soap,4,35,140,Card,Hyderabad
TXN108891,2025-06-06,CUST386,Personal Care,Savlon Handwash,2,95,190,Card,Kolkata
TXN108892,2025-05-02,CUST516,Beverages,Sunbean Coffee,5,180,900,UPI,Chennai
TXN108893,2025-01-01,CUST623,Beverages,B Natural Juice,5,40,200,Card,Mumbai
TXN108894,2025-06-19,CUST328,Beverages,Sunbean Coffee,4,180,720,Cash,Chennai
TXN108895,2025-03-19,CUST604,Snacks,Bingo Mad Angles,4,25,100,Cash,Bangalore
TXN108896,2025-05-12,CUST214,Snacks,Bingo Mad Angles,2,25,50,UPI,Delhi
TXN108897,2025-06-15,CUST310,Personal Care,Savlon Handwash,3,95,285,Card,Kolkata
TXN108898,2025-02-12,CUST468,Personal Care,Vivel Soap,3,35,105,Cash,Delhi
TXN108899,2025-03-10,CUST860,Personal Care,Savlon Handwash,2,95,190,Cash,Mumbai
TXN108900,2025-04-12,CUST666,Personal Care,Savlon Sanitizer,5,70,350,Cash,Kolkata
TXN108901,2025-06-10,CUST774,Snacks,Bingo Chips,2,20,40,UPI,Kolkata
TXN108902,2025-06-01,CUST925,Snacks,Bingo Mad Angles,4,25,100,Cash,Chennai
TXN108903,2025-02-06,CUST763,Snacks,Bingo Mad Angles,2,25,50,Card,Chennai
TXN108904,2025-01-21,CUST816,Personal Care,Savlon Sanitizer,3,70,210,Card,Mumbai
TXN108905,2025-02-06,CUST706,Personal Care,Vivel Soap,5,35,175,UPI,Hyderabad
TXN108906,2025-04-15,CUST923,Personal Care,Savlon Handwash,1,95,95,Cash,Kolkata
TXN108907,2025-06-29,CUST365,Beverages,Sunbean Coffee,2,180,360,Card,Mumbai
TXN108908,2025-01-16,CUST870,Snacks,Bingo Chips,3,20,60,Cash,Hyderabad
TXN108909,2025-01-08,CUST217,Snacks,Bingo Mad Angles,4,25,100,Card,Kolkata
TXN108910,2025-02-02,CUST407,Personal Care,Savlon Handwash,5,95,475,Cash,Kolkata
TXN108911,2025-03-01,CUST879,FMCG,Aashirvaad Atta,4,65,260,Cash,Kolkata
TXN108912,2025-02-06,CUST843,FMCG,Aashirvaad Atta,5,65,325,Card,Kolkata
TXN108913,2025-03-06,CUST624,Snacks,Bingo Chips,5,20,100,Card,Bangalore
TXN108914,2025-01-11,CUST601,Snacks,Bingo Chips,4,20,80,Cash,Delhi
TXN108915,2025-06-11,CUST489,FMCG,Aashirvaad Atta,5,65,325,Cash,Chennai
TXN108916,2025-02-12,CUST288,Snacks,Bingo Mad Angles,4,25,100,UPI,Bangalore
TXN108917,2025-06-25,CUST174,Snacks,Bingo Chips,4,20,80,Card,Delhi
TXN108918,2025-03-20,CUST270,Snacks,Bingo Chips,1,20,20,UPI,Delhi
TXN108919,2025-05-03,CUST760,Personal Care,Savlon Handwash,3,95,285,Cash,Hyderabad
TXN108920,2025-04-05,CUST569,Personal Care,Savlon Handwash,2,95,190,Cash,Bangalore
TXN108921,2025-01-04,CUST177,Snacks,Bingo Chips,2,20,40,Cash,Mumbai
TXN108922,2025-04-05,CUST609,Personal Care,Savlon Sanitizer,3,70,210,Cash,Kolkata
TXN108923,2025-02-05,CUST628,FMCG,Aashirvaad Atta,1,65,65,Card,Kolkata
TXN108924,2025-05-01,CUST822,Personal Care,Savlon Handwash,5,95,475,UPI,Bangalore
TXN108925,2025-01-29,CUST486,FMCG,Aashirvaad Atta,3,65,195,Card,Kolkata
TXN108926,2025-05-10,CUST167,Personal Care,Savlon Sanitizer,1,70,70,Card,Kolkata
TXN108927,2025-06-02,CUST183,Snacks,Bingo Chips,3,20,60,Card,Kolkata
TXN108928,2025-06-05,CUST198,Beverages,B Natural Juice,5,40,200,Card,Chennai
TXN108929,2025-03-03,CUST195,Beverages,B Natural Juice,4,40,160,Cash,Hyderabad
TXN108930,2025-05-17,CUST589,Personal Care,Savlon Handwash,3,95,285,Card,Hyderabad
TXN108931,2025-06-11,CUST106,Personal Care,Savlon Handwash,4,95,380,UPI,Chennai
TXN108932,2025-04-22,CUST113,Personal Care,Vivel Soap,5,35,175,Cash,Bangalore
TXN108933,2025-05-21,CUST762,Snacks,Bingo Chips,5,20,100,UPI,Mumbai
TXN108934,2025-04-01,CUST581,Snacks,Bingo Chips,1,20,20,Card,Kolkata
TXN108935,2025-06-08,CUST600,Beverages,Sunbean Coffee,4,180,720,Card,Hyderabad
TXN108936,2025-05-01,CUST993,Personal Care,Savlon Handwash,3,95,285,UPI,Kolkata
TXN108937,2025-03-20,CUST117,Beverages,B Natural Juice,3,40,120,Card,Bangalore
TXN108938,2025-04-22,CUST736,FMCG,Aashirvaad Atta,1,65,65,UPI,Mumbai
TXN108939,2025-05-13,CUST387,Snacks,Bingo Mad Angles,5,25,125,Card,Mumbai
TXN108940,2025-05-05,CUST439,Snacks,Bingo Chips,4,20,80,Card,Hyderabad
TXN108941,2025-04-05,CUST264,Beverages,Sunbean Coffee,2,180,360,UPI,Hyderabad
TXN108942,2025-05-12,CUST225,Snacks,Bingo Chips,4,20,80,Card,Bangalore
TXN108943,2025-03-19,CUST605,Personal Care,Savlon Sanitizer,2,70,140,UPI,Hyderabad
TXN108944,2025-01-23,CUST523,Personal Care,Vivel Soap,2,35,70,Card,Delhi
TXN108945,2025-03-18,CUST305,Snacks,Bingo Mad Angles,4,25,100,Card,Chennai
TXN108946,2025-05-08,CUST552,Personal Care,Savlon Sanitizer,4,70,280,Card,Kolkata
TXN108947,2025-04-15,CUST575,Snacks,Bingo Mad Angles,3,25,75,UPI,Chennai
TXN108948,2025-03-15,CUST733,Personal Care,Vivel Soap,5,35,175,UPI,Mumbai
TXN108949,2025-05-09,CUST429,Personal Care,Vivel Soap,2,35,70,UPI,Mumbai
TXN108950,2025-01-02,CUST526,FMCG,Aashirvaad Atta,1,65,65,UPI,Chennai
TXN108951,2025-02-22,CUST112,Personal Care,Savlon Handwash,4,95,380,UPI,Kolkata
TXN108952,2025-05-21,CUST624,FMCG,Aashirvaad Atta,3,65,195,Card,Hyderabad
TXN108953,2025-04-02,CUST668,Personal Care,Vivel Soap,2,35,70,UPI,Mumbai
TXN108954,2025-04-18,CUST618,Personal Care,Savlon Handwash,2,95,190,UPI,Kolkata
TXN108955,2025-03-07,CUST780,Personal Care,Savlon Sanitizer,1,70,70,Card,Delhi
TXN108956,2025-04-11,CUST574,Personal Care,Savlon Handwash,3,95,285,Card,Chennai
TXN108957,2025-03-18,CUST701,Personal Care,Savlon Handwash,2,95,190,Card,Mumbai
TXN108958,2025-05-21,CUST361,Personal Care,Savlon Sanitizer,2,70,140,Card,Bangalore
TXN108959,2025-03-02,CUST291,Personal Care,Savlon Sanitizer,3,70,210,Cash,Mumbai
TXN108960,2025-05-11,CUST801,Beverages,Sunbean Coffee,3,180,540,Cash,Bangalore
TXN108961,2025-04-08,CUST257,Personal Care,Savlon Sanitizer,4,70,280,UPI,Kolkata
TXN108962,2025-04-25,CUST807,Personal Care,Savlon Handwash,1,95,95,UPI,Mumbai
TXN108963,2025-01-08,CUST479,Snacks,Bingo Mad Angles,1,25,25,Cash,Kolkata
TXN108964,2025-06-06,CUST848,Personal Care,Savlon Sanitizer,5,70,350,Card,Hyderabad
TXN108965,2025-04-22,CUST451,Snacks,Bingo Mad Angles,4,25,100,UPI,Chennai
TXN108966,2025-04-05,CUST438,Personal Care,Vivel Soap,3,35,105,Cash,Hyderabad
TXN108967,2025-01-31,CUST306,Snacks,Bingo Mad Angles,1,25,25,UPI,Mumbai
TXN108968,2025-05-01,CUST494,Snacks,Bingo Chips,2,20,40,UPI,Kolkata
TXN108969,2025-01-02,CUST875,FMCG,Aashirvaad Atta,5,65,325,Card,Delhi
TXN108970,2025-04-13,CUST975,Beverages,B Natural Juice,3,40,120,Card,Bangalore
TXN108971,2025-03-29,CUST808,Personal Care,Savlon Handwash,1,95,95,Card,Mumbai
TXN108972,2025-04-23,CUST582,FMCG,Aashirvaad Atta,2,65,130,Cash,Delhi
TXN108973,2025-01-05,CUST981,Beverages,B Natural Juice,2,40,80,Cash,Hyderabad
TXN108974,2025-05-21,CUST363,Personal Care,Vivel Soap,2,35,70,Cash,Chennai
TXN108975,2025-05-27,CUST852,FMCG,Aashirvaad Atta,2,65,130,Card,Mumbai
TXN108976,2025-04-29,CUST995,Snacks,Bingo Mad Angles,1,25,25,Card,Chennai
TXN108977,2025-05-26,CUST866,Snacks,Bingo Chips,2,20,40,Cash,Bangalore
TXN108978,2025-06-29,CUST460,Beverages,Sunbean Coffee,3,180,540,UPI,Mumbai
TXN108979,2025-04-09,CUST627,Beverages,Sunbean Coffee,4,180,720,Card,Delhi
TXN108980,2025-05-16,CUST434,Beverages,Sunbean Coffee,2,180,360,UPI,Delhi
TXN108981,2025-04-01,CUST504,Snacks,Bingo Chips,2,20,40,Card,Delhi
TXN108982,2025-04-18,CUST944,Snacks,Bingo Chips,2,20,40,Cash,Hyderabad
TXN108983,2025-05-21,CUST310,Beverages,B Natural Juice,3,40,120,UPI,Chennai
TXN108984,2025-04-03,CUST221,FMCG,Aashirvaad Atta,4,65,260,Card,Hyderabad
TXN108985,2025-04-24,CUST859,Personal Care,Vivel Soap,4,35,140,UPI,Mumbai
TXN108986,2025-05-07,CUST813,Beverages,B Natural Juice,3,40,120,Cash,Delhi
TXN108987,2025-01-27,CUST707,FMCG,Aashirvaad Atta,4,65,260,Cash,Mumbai
TXN108988,2025-06-24,CUST572,Beverages,B Natural Juice,2,40,80,Card,Chennai
TXN108989,2025-04-05,CUST571,Personal Care,Savlon Handwash,3,95,285,Card,Mumbai
TXN108990,2025-05-12,CUST465,FMCG,Aashirvaad Atta,3,65,195,UPI,Chennai
TXN108991,2025-06-03,CUST934,Personal Care,Savlon Handwash,1,95,95,Cash,Chennai
TXN108992,2025-04-11,CUST202,Personal Care,Vivel Soap,4,35,140,Cash,Chennai
TXN108993,2025-02-17,CUST408,FMCG,Aashirvaad Atta,2,65,130,Card,Kolkata
TXN108994,2025-05-08,CUST675,Beverages,Sunbean Coffee,1,180,180,Card,Kolkata
TXN108995,2025-02-20,CUST407,Snacks,Bingo Mad Angles,5,25,125,UPI,Chennai
TXN108996,2025-01-03,CUST230,Beverages,B Natural Juice,1,40,40,UPI,Hyderabad
TXN108997,2025-02-16,CUST995,Personal Care,Savlon Handwash,4,95,380,Cash,Bangalore
TXN108998,2025-05-13,CUST357,Personal Care,Savlon Handwash,4,95,380,Card,Chennai
TXN108999,2025-06-18,CUST985,Personal Care,Savlon Handwash,2,95,190,Cash,Hyderabad
TXN109000,2025-02-17,CUST483,Snacks,Bingo Chips,1,20,20,UPI,Chennai
TXN109001,2025-05-14,CUST815,Beverages,Sunbean Coffee,3,180,540,Cash,Bangalore
TXN109002,2025-05-03,CUST614,Snacks,Bingo Chips,5,20,100,UPI,Kolkata
TXN109003,2025-05-03,CUST476,Beverages,B Natural Juice,1,40,40,UPI,Bangalore
TXN109004,2025-04-15,CUST724,Personal Care,Savlon Handwash,3,95,285,UPI,Bangalore
TXN109005,2025-03-13,CUST689,Beverages,Sunbean Coffee,4,180,720,Card,Kolkata
TXN109006,2025-05-23,CUST467,Snacks,Bingo Mad Angles,4,25,100,Cash,Mumbai
TXN109007,2025-03-14,CUST924,Personal Care,Vivel Soap,4,35,140,Cash,Bangalore
TXN109008,2025-06-25,CUST533,Beverages,Sunbean Coffee,5,180,900,Card,Bangalore
TXN109009,2025-03-12,CUST347,Personal Care,Savlon Handwash,2,95,190,Card,Hyderabad
TXN109010,2025-04-08,CUST103,Beverages,B Natural Juice,5,40,200,Card,Hyderabad
TXN109011,2025-05-20,CUST649,Beverages,B Natural Juice,4,40,160,UPI,Kolkata
TXN109012,2025-02-14,CUST461,Snacks,Bingo Mad Angles,3,25,75,Cash,Delhi
TXN109013,2025-03-20,CUST853,Snacks,Bingo Chips,2,20,40,Card,Kolkata
TXN109014,2025-02-23,CUST158,FMCG,Aashirvaad Atta,5,65,325,Cash,Chennai
TXN109015,2025-02-04,CUST349,Personal Care,Savlon Handwash,4,95,380,Card,Bangalore
TXN109016,2025-03-12,CUST555,Beverages,Sunbean Coffee,1,180,180,UPI,Kolkata
TXN109017,2025-02-23,CUST560,Snacks,Bingo Chips,3,20,60,UPI,Hyderabad
TXN109018,2025-02-07,CUST690,Beverages,Sunbean Coffee,2,180,360,Cash,Chennai
TXN109019,2025-02-01,CUST491,FMCG,Aashirvaad Atta,3,65,195,UPI,Mumbai
TXN109020,2025-04-16,CUST804,Snacks,Bingo Chips,4,20,80,Card,Bangalore
TXN109021,2025-04-03,CUST391,FMCG,Aashirvaad Atta,2,65,130,UPI,Bangalore
TXN109022,2025-05-23,CUST372,Snacks,Bingo Chips,5,20,100,Cash,Delhi
TXN109023,2025-06-22,CUST327,Personal Care,Savlon Handwash,1,95,95,Card,Chennai
TXN109024,2025-04-11,CUST509,Beverages,Sunbean Coffee,2,180,360,Card,Mumbai
TXN109025,2025-04-08,CUST273,Beverages,Sunbean Coffee,5,180,900,Card,Delhi
TXN109026,2025-02-16,CUST501,Beverages,Sunbean Coffee,5,180,900,Card,Bangalore
TXN109027,2025-06-08,CUST626,Personal Care,Savlon Sanitizer,1,70,70,Card,Chennai
TXN109028,2025-04-25,CUST798,Personal Care,Savlon Handwash,1,95,95,Cash,Chennai
TXN109029,2025-04-15,CUST430,Personal Care,Vivel Soap,5,35,175,Cash,Mumbai
TXN109030,2025-03-12,CUST907,FMCG,Aashirvaad Atta,2,65,130,UPI,Chennai
TXN109031,2025-03-12,CUST173,Snacks,Bingo Mad Angles,2,25,50,Cash,Hyderabad
TXN109032,2025-02-23,CUST809,Personal Care,Savlon Sanitizer,3,70,210,Cash,Chennai
TXN109033,2025-06-06,CUST283,Personal Care,Savlon Handwash,4,95,380,UPI,Mumbai
TXN109034,2025-03-04,CUST678,Snacks,Bingo Chips,5,20,100,Card,Delhi
TXN109035,2025-05-12,CUST574,Beverages,B Natural Juice,5,40,200,Card,Kolkata
TXN109036,2025-06-05,CUST893,Beverages,Sunbean Coffee,5,180,900,Card,Hyderabad
TXN109037,2025-05-09,CUST862,Snacks,Bingo Chips,4,20,80,UPI,Mumbai
TXN109038,2025-03-27,CUST996,Beverages,Sunbean Coffee,4,180,720,Card,Delhi
TXN109039,2025-01-04,CUST910,Personal Care,Savlon Handwash,1,95,95,Cash,Kolkata
TXN109040,2025-04-10,CUST587,Personal Care,Savlon Handwash,5,95,475,UPI,Kolkata
TXN109041,2025-02-20,CUST511,Personal Care,Savlon Handwash,1,95,95,Cash,Delhi
TXN109042,2025-04-24,CUST104,Personal Care,Savlon Sanitizer,3,70,210,Card,Mumbai
TXN109043,2025-06-03,CUST268,Personal Care,Vivel Soap,2,35,70,Cash,Hyderabad
TXN109044,2025-06-30,CUST946,Personal Care,Vivel Soap,4,35,140,Card,Delhi
TXN109045,2025-02-05,CUST268,Personal Care,Savlon Sanitizer,2,70,140,UPI,Bangalore
TXN109046,2025-03-05,CUST641,Personal Care,Savlon Handwash,2,95,190,UPI,Delhi
TXN109047,2025-03-04,CUST552,Personal Care,Savlon Handwash,1,95,95,Card,Mumbai
TXN109048,2025-02-24,CUST364,Beverages,B Natural Juice,5,40,200,UPI,Chennai
TXN109049,2025-05-03,CUST159,Personal Care,Vivel Soap,1,35,35,Cash,Hyderabad
TXN109050,2025-06-20,CUST314,Beverages,Sunbean Coffee,2,180,360,UPI,Kolkata
TXN109051,2025-03-26,CUST411,Beverages,B Natural Juice,3,40,120,Cash,Chennai
TXN109052,2025-04-02,CUST208,Beverages,B Natural Juice,5,40,200,Cash,Delhi
TXN109053,2025-05-04,CUST704,Beverages,Sunbean Coffee,4,180,720,Card,Mumbai
TXN109054,2025-01-31,CUST268,FMCG,Aashirvaad Atta,4,65,260,Cash,Bangalore
TXN109055,2025-04-17,CUST636,Snacks,Bingo Chips,5,20,100,Card,Bangalore
TXN109056,2025-02-13,CUST334,Personal Care,Savlon Sanitizer,3,70,210,Cash,Mumbai
TXN109057,2025-02-02,CUST739,Personal Care,Vivel Soap,1,35,35,Cash,Chennai
TXN109058,2025-05-13,CUST746,Personal Care,Savlon Handwash,1,95,95,UPI,Mumbai
TXN109059,2025-06-11,CUST666,Snacks,Bingo Chips,2,20,40,Cash,Delhi
TXN109060,2025-03-18,CUST466,Beverages,B Natural Juice,1,40,40,UPI,Bangalore
TXN109061,2025-05-10,CUST401,Beverages,B Natural Juice,4,40,160,Cash,Hyderabad
TXN109062,2025-04-10,CUST789,Snacks,Bingo Chips,5,20,100,Card,Mumbai
TXN109063,2025-04-01,CUST562,Personal Care,Savlon Handwash,5,95,475,UPI,Delhi
TXN109064,2025-05-06,CUST160,Beverages,Sunbean Coffee,4,180,720,Card,Delhi
TXN109065,2025-06-11,CUST950,FMCG,Aashirvaad Atta,5,65,325,Card,Kolkata
TXN109066,2025-05-09,CUST881,FMCG,Aashirvaad Atta,2,65,130,Card,Chennai
TXN109067,2025-03-06,CUST927,Personal Care,Savlon Sanitizer,5,70,350,Card,Chennai
TXN109068,2025-03-06,CUST620,Beverages,Sunbean Coffee,1,180,180,UPI,Bangalore
TXN109069,2025-01-06,CUST163,Personal Care,Savlon Sanitizer,5,70,350,Card,Chennai
TXN109070,2025-01-18,CUST760,Snacks,Bingo Mad Angles,2,25,50,UPI,Delhi
TXN109071,2025-03-16,CUST354,Snacks,Bingo Mad Angles,4,25,100,UPI,Chennai
TXN109072,2025-04-17,CUST855,Personal Care,Savlon Sanitizer,1,70,70,UPI,Bangalore
TXN109073,2025-04-01,CUST287,FMCG,Aashirvaad Atta,2,65,130,Card,Hyderabad
TXN109074,2025-01-04,CUST212,Beverages,Sunbean Coffee,2,180,360,UPI,Hyderabad
TXN109075,2025-01-06,CUST573,FMCG,Aashirvaad Atta,1,65,65,Card,Chennai
TXN109076,2025-03-17,CUST119,Snacks,Bingo Mad Angles,2,25,50,Card,Delhi
TXN109077,2025-03-26,CUST972,Beverages,B Natural Juice,5,40,200,Card,Bangalore
TXN109078,2025-01-18,CUST723,Snacks,Bingo Mad Angles,3,25,75,Cash,Bangalore
TXN109079,2025-03-12,CUST763,Snacks,Bingo Chips,4,20,80,Cash,Delhi
TXN109080,2025-04-02,CUST925,Personal Care,Savlon Handwash,5,95,475,Cash,Chennai
TXN109081,2025-03-07,CUST949,Personal Care,Savlon Sanitizer,1,70,70,Cash,Bangalore
TXN109082,2025-05-05,CUST574,Personal Care,Savlon Handwash,2,95,190,UPI,Mumbai
TXN109083,2025-06-29,CUST131,Beverages,Sunbean Coffee,3,180,540,Card,Bangalore
TXN109084,2025-06-07,CUST434,Beverages,Sunbean Coffee,5,180,900,UPI,Chennai
TXN109085,2025-04-29,CUST307,Beverages,B Natural Juice,4,40,160,Card,Bangalore
TXN109086,2025-01-08,CUST949,Personal Care,Vivel Soap,2,35,70,Cash,Mumbai
TXN109087,2025-03-24,CUST220,Snacks,Bingo Mad Angles,1,25,25,UPI,Kolkata
TXN109088,2025-01-06,CUST984,Personal Care,Savlon Handwash,1,95,95,UPI,Chennai
TXN109089,2025-05-13,CUST996,Beverages,B Natural Juice,4,40,160,UPI,Mumbai
TXN109090,2025-06-03,CUST180,Beverages,Sunbean Coffee,2,180,360,UPI,Hyderabad
TXN109091,2025-01-22,CUST267,Beverages,Sunbean Coffee,2,180,360,UPI,Bangalore
TXN109092,2025-01-27,CUST292,Snacks,Bingo Chips,2,20,40,Card,Chennai
TXN109093,2025-04-30,CUST369,Snacks,Bingo Mad Angles,3,25,75,UPI,Delhi
TXN109094,2025-03-11,CUST914,Personal Care,Savlon Sanitizer,4,70,280,Cash,Hyderabad
TXN109095,2025-03-09,CUST142,Personal Care,Vivel Soap,3,35,105,Cash,Kolkata
TXN109096,2025-02-08,CUST871,FMCG,Aashirvaad Atta,4,65,260,Cash,Chennai
TXN109097,2025-01-19,CUST247,Personal Care,Vivel Soap,5,35,175,Cash,Chennai
TXN109098,2025-01-31,CUST701,Beverages,B Natural Juice,4,40,160,UPI,Chennai
TXN109099,2025-04-06,CUST920,Personal Care,Savlon Handwash,5,95,475,Card,Delhi
TXN109100,2025-04-05,CUST724,Beverages,Sunbean Coffee,5,180,900,UPI,Chennai
TXN109101,2025-06-23,CUST643,Personal Care,Savlon Handwash,1,95,95,UPI,Hyderabad
TXN109102,2025-01-26,CUST926,Snacks,Bingo Mad Angles,4,25,100,UPI,Delhi
TXN109103,2025-03-23,CUST921,Personal Care,Vivel Soap,3,35,105,UPI,Kolkata
TXN109104,2025-06-07,CUST698,Snacks,Bingo Chips,4,20,80,UPI,Mumbai
TXN109105,2025-01-19,CUST967,Personal Care,Savlon Sanitizer,2,70,140,Card,Chennai
TXN109106,2025-03-23,CUST972,Beverages,B Natural Juice,3,40,120,Card,Mumbai
TXN109107,2025-03-15,CUST619,Snacks,Bingo Chips,2,20,40,Cash,Kolkata
TXN109108,2025-02-16,CUST538,Personal Care,Vivel Soap,2,35,70,UPI,Hyderabad
TXN109109,2025-03-02,CUST777,Personal Care,Savlon Handwash,5,95,475,Card,Chennai
TXN109110,2025-02-04,CUST445,FMCG,Aashirvaad Atta,2,65,130,Card,Delhi
TXN109111,2025-01-30,CUST698,Personal Care,Savlon Sanitizer,4,70,280,UPI,Mumbai
TXN109112,2025-05-17,CUST558,Personal Care,Savlon Handwash,2,95,190,Cash,Bangalore
TXN109113,2025-01-10,CUST567,Personal Care,Savlon Sanitizer,4,70,280,UPI,Kolkata
TXN109114,2025-03-18,CUST627,Personal Care,Savlon Sanitizer,3,70,210,Cash,Bangalore
TXN109115,2025-02-23,CUST180,FMCG,Aashirvaad Atta,1,65,65,UPI,Mumbai
TXN109116,2025-05-04,CUST787,Personal Care,Savlon Sanitizer,1,70,70,UPI,Hyderabad
TXN109117,2025-01-27,CUST884,Beverages,Sunbean Coffee,1,180,180,UPI,Hyderabad
TXN109118,2025-01-29,CUST474,Personal Care,Savlon Handwash,5,95,475,Card,Hyderabad
TXN109119,2025-03-02,CUST563,Personal Care,Savlon Handwash,2,95,190,Card,Hyderabad
TXN109120,2025-04-30,CUST118,FMCG,Aashirvaad Atta,2,65,130,UPI,Hyderabad
TXN109121,2025-02-06,CUST729,Beverages,Sunbean Coffee,2,180,360,UPI,Kolkata
TXN109122,2025-01-07,CUST842,Beverages,Sunbean Coffee,5,180,900,Card,Kolkata
TXN109123,2025-05-10,CUST756,Personal Care,Vivel Soap,3,35,105,Card,Mumbai
TXN109124,2025-02-11,CUST177,Snacks,Bingo Mad Angles,4,25,100,Card,Kolkata
TXN109125,2025-06-16,CUST616,Snacks,Bingo Mad Angles,3,25,75,UPI,Chennai
TXN109126,2025-06-26,CUST761,Beverages,B Natural Juice,4,40,160,UPI,Bangalore
TXN109127,2025-02-05,CUST485,Personal Care,Vivel Soap,3,35,105,Card,Hyderabad
TXN109128,2025-03-19,CUST750,Beverages,B Natural Juice,1,40,40,UPI,Kolkata
TXN109129,2025-04-21,CUST436,Beverages,Sunbean Coffee,3,180,540,Card,Kolkata
TXN109130,2025-03-30,CUST293,FMCG,Aashirvaad Atta,4,65,260,Cash,Hyderabad
TXN109131,2025-05-05,CUST823,Personal Care,Savlon Handwash,5,95,475,UPI,Bangalore
TXN109132,2025-01-22,CUST259,Beverages,Sunbean Coffee,5,180,900,Cash,Hyderabad
TXN109133,2025-05-22,CUST136,Snacks,Bingo Mad Angles,2,25,50,Cash,Mumbai
TXN109134,2025-06-29,CUST631,Beverages,Sunbean Coffee,3,180,540,Cash,Chennai
TXN109135,2025-03-10,CUST678,Beverages,Sunbean Coffee,3,180,540,Card,Chennai
TXN109136,2025-03-07,CUST106,Personal Care,Savlon Handwash,3,95,285,Cash,Delhi
TXN109137,2025-01-11,CUST844,Beverages,Sunbean Coffee,3,180,540,UPI,Mumbai
TXN109138,2025-03-13,CUST914,Beverages,B Natural Juice,2,40,80,Card,Delhi
TXN109139,2025-01-16,CUST190,Personal Care,Savlon Sanitizer,3,70,210,UPI,Chennai
TXN109140,2025-06-10,CUST287,Personal Care,Vivel Soap,1,35,35,Cash,Kolkata
TXN109141,2025-03-24,CUST922,Personal Care,Savlon Handwash,1,95,95,Cash,Bangalore
TXN109142,2025-06-12,CUST284,Snacks,Bingo Mad Angles,4,25,100,Card,Hyderabad
TXN109143,2025-01-26,CUST501,Personal Care,Vivel Soap,5,35,175,Cash,Mumbai
TXN109144,2025-04-22,CUST199,Personal Care,Savlon Sanitizer,3,70,210,Cash,Hyderabad
TXN109145,2025-04-24,CUST928,Personal Care,Savlon Handwash,4,95,380,UPI,Chennai
TXN109146,2025-01-01,CUST208,Beverages,Sunbean Coffee,1,180,180,Card,Chennai
TXN109147,2025-06-28,CUST698,Snacks,Bingo Mad Angles,1,25,25,Cash,Chennai
TXN109148,2025-02-16,CUST427,Personal Care,Vivel Soap,4,35,140,Card,Chennai
TXN109149,2025-01-08,CUST364,Personal Care,Savlon Handwash,2,95,190,UPI,Bangalore
TXN109150,2025-05-06,CUST545,Personal Care,Vivel Soap,1,35,35,UPI,Chennai
TXN109151,2025-06-22,CUST467,Personal Care,Vivel Soap,3,35,105,Cash,Chennai
TXN109152,2025-04-03,CUST640,Personal Care,Savlon Sanitizer,4,70,280,Card,Delhi
TXN109153,2025-03-28,CUST177,Personal Care,Savlon Sanitizer,4,70,280,Cash,Chennai
TXN109154,2025-05-20,CUST547,Snacks,Bingo Chips,2,20,40,UPI,Chennai
TXN109155,2025-04-06,CUST215,Personal Care,Savlon Handwash,2,95,190,UPI,Bangalore
TXN109156,2025-02-28,CUST230,Personal Care,Savlon Handwash,1,95,95,UPI,Hyderabad
TXN109157,2025-05-03,CUST543,Personal Care,Savlon Handwash,1,95,95,UPI,Delhi
TXN109158,2025-03-31,CUST639,FMCG,Aashirvaad Atta,2,65,130,Card,Chennai
TXN109159,2025-06-25,CUST152,FMCG,Aashirvaad Atta,5,65,325,Card,Chennai
TXN109160,2025-03-26,CUST764,Snacks,Bingo Chips,5,20,100,Cash,Mumbai
TXN109161,2025-01-11,CUST764,Beverages,Sunbean Coffee,4,180,720,Cash,Hyderabad
TXN109162,2025-03-09,CUST437,FMCG,Aashirvaad Atta,2,65,130,Card,Chennai
TXN109163,2025-06-17,CUST459,Personal Care,Savlon Handwash,1,95,95,Card,Mumbai
TXN109164,2025-01-16,CUST267,FMCG,Aashirvaad Atta,4,65,260,Cash,Delhi
TXN109165,2025-02-08,CUST423,Personal Care,Savlon Handwash,1,95,95,Card,Delhi
TXN109166,2025-06-05,CUST119,Beverages,Sunbean Coffee,5,180,900,Cash,Mumbai
TXN109167,2025-03-19,CUST449,Personal Care,Savlon Sanitizer,4,70,280,Cash,Hyderabad
TXN109168,2025-05-17,CUST466,Personal Care,Savlon Sanitizer,5,70,350,Card,Kolkata
TXN109169,2025-02-26,CUST639,Snacks,Bingo Mad Angles,1,25,25,Cash,Kolkata
TXN109170,2025-03-01,CUST713,Beverages,B Natural Juice,1,40,40,Card,Mumbai
TXN109171,2025-04-08,CUST526,FMCG,Aashirvaad Atta,4,65,260,Card,Bangalore
TXN109172,2025-05-20,CUST413,Personal Care,Savlon Handwash,1,95,95,Card,Kolkata
TXN109173,2025-01-22,CUST308,Personal Care,Vivel Soap,2,35,70,UPI,Bangalore
TXN109174,2025-05-22,CUST120,Personal Care,Savlon Sanitizer,4,70,280,UPI,Hyderabad
TXN109175,2025-05-05,CUST285,FMCG,Aashirvaad Atta,4,65,260,UPI,Chennai
TXN109176,2025-01-28,CUST407,Beverages,Sunbean Coffee,4,180,720,Card,Kolkata
TXN109177,2025-06-17,CUST187,FMCG,Aashirvaad Atta,3,65,195,Cash,Bangalore
TXN109178,2025-04-22,CUST798,Personal Care,Savlon Sanitizer,2,70,140,UPI,Hyderabad
TXN109179,2025-04-30,CUST597,FMCG,Aashirvaad Atta,3,65,195,UPI,Chennai
TXN109180,2025-03-04,CUST716,Snacks,Bingo Chips,4,20,80,UPI,Kolkata
TXN109181,2025-03-04,CUST492,Beverages,Sunbean Coffee,4,180,720,Cash,Bangalore
TXN109182,2025-06-16,CUST638,Personal Care,Vivel Soap,1,35,35,UPI,Bangalore
TXN109183,2025-03-31,CUST253,Personal Care,Savlon Sanitizer,1,70,70,Card,Kolkata
TXN109184,2025-04-06,CUST715,Beverages,B Natural Juice,4,40,160,UPI,Bangalore
TXN109185,2025-05-04,CUST563,FMCG,Aashirvaad Atta,2,65,130,Cash,Bangalore
TXN109186,2025-04-24,CUST781,Personal Care,Savlon Sanitizer,3,70,210,Cash,Delhi
TXN109187,2025-05-20,CUST804,FMCG,Aashirvaad Atta,4,65,260,Card,Delhi
TXN109188,2025-05-04,CUST625,Personal Care,Savlon Sanitizer,1,70,70,UPI,Kolkata
TXN109189,2025-02-23,CUST927,Beverages,B Natural Juice,3,40,120,UPI,Kolkata
TXN109190,2025-06-20,CUST212,Beverages,B Natural Juice,5,40,200,UPI,Delhi
TXN109191,2025-04-01,CUST244,Personal Care,Savlon Handwash,5,95,475,UPI,Mumbai
TXN109192,2025-03-02,CUST350,Beverages,B Natural Juice,3,40,120,UPI,Chennai
TXN109193,2025-05-29,CUST165,Personal Care,Savlon Sanitizer,2,70,140,Card,Kolkata
TXN109194,2025-01-17,CUST438,Beverages,Sunbean Coffee,4,180,720,UPI,Chennai
TXN109195,2025-05-03,CUST856,Beverages,Sunbean Coffee,2,180,360,Cash,Mumbai
TXN109196,2025-02-15,CUST467,FMCG,Aashirvaad Atta,3,65,195,UPI,Bangalore
TXN109197,2025-06-28,CUST798,Beverages,Sunbean Coffee,2,180,360,Cash,Mumbai
TXN109198,2025-03-14,CUST389,Snacks,Bingo Mad Angles,1,25,25,UPI,Delhi
TXN109199,2025-05-11,CUST859,Personal Care,Vivel Soap,2,35,70,Cash,Chennai
TXN109200,2025-02-07,CUST475,Personal Care,Savlon Sanitizer,3,70,210,Card,Bangalore
TXN109201,2025-04-23,CUST156,Personal Care,Savlon Handwash,5,95,475,Card,Mumbai
TXN109202,2025-03-30,CUST946,Beverages,Sunbean Coffee,5,180,900,Card,Kolkata
TXN109203,2025-06-16,CUST672,FMCG,Aashirvaad Atta,2,65,130,Card,Mumbai
TXN109204,2025-01-01,CUST648,Personal Care,Savlon Sanitizer,4,70,280,UPI,Mumbai
TXN109205,2025-06-11,CUST384,Personal Care,Vivel Soap,3,35,105,Card,Kolkata
TXN109206,2025-04-21,CUST206,FMCG,Aashirvaad Atta,2,65,130,Cash,Bangalore
TXN109207,2025-02-19,CUST245,Snacks,Bingo Mad Angles,3,25,75,UPI,Delhi
TXN109208,2025-06-06,CUST735,Personal Care,Savlon Handwash,4,95,380,Cash,Delhi
TXN109209,2025-01-19,CUST403,Personal Care,Savlon Sanitizer,2,70,140,Card,Kolkata
TXN109210,2025-04-21,CUST973,Personal Care,Savlon Handwash,1,95,95,Cash,Hyderabad
TXN109211,2025-05-25,CUST472,Beverages,Sunbean Coffee,3,180,540,Cash,Mumbai
TXN109212,2025-06-28,CUST816,Beverages,Sunbean Coffee,3,180,540,UPI,Delhi
TXN109213,2025-04-10,CUST102,Personal Care,Vivel Soap,3,35,105,Card,Bangalore
TXN109214,2025-06-22,CUST574,Personal Care,Savlon Sanitizer,3,70,210,Cash,Bangalore
TXN109215,2025-05-23,CUST395,FMCG,Aashirvaad Atta,2,65,130,Card,Mumbai
TXN109216,2025-05-25,CUST388,Snacks,Bingo Mad Angles,5,25,125,UPI,Mumbai
TXN109217,2025-01-21,CUST807,Beverages,Sunbean Coffee,1,180,180,UPI,Hyderabad
TXN109218,2025-04-28,CUST955,Personal Care,Savlon Sanitizer,2,70,140,Card,Chennai
TXN109219,2025-04-20,CUST569,Beverages,B Natural Juice,5,40,200,Cash,Chennai
TXN109220,2025-04-19,CUST369,Beverages,B Natural Juice,3,40,120,UPI,Bangalore
TXN109221,2025-01-12,CUST203,FMCG,Aashirvaad Atta,5,65,325,Card,Hyderabad
TXN109222,2025-04-09,CUST408,Personal Care,Savlon Handwash,3,95,285,UPI,Chennai
TXN109223,2025-01-15,CUST836,Personal Care,Savlon Sanitizer,2,70,140,Card,Mumbai
TXN109224,2025-05-28,CUST297,Personal Care,Savlon Sanitizer,3,70,210,UPI,Kolkata
TXN109225,2025-04-21,CUST533,Personal Care,Savlon Handwash,2,95,190,Cash,Hyderabad
TXN109226,2025-05-02,CUST420,Beverages,B Natural Juice,5,40,200,UPI,Chennai
TXN109227,2025-01-09,CUST118,Snacks,Bingo Mad Angles,4,25,100,UPI,Mumbai
TXN109228,2025-02-26,CUST241,Snacks,Bingo Chips,3,20,60,Cash,Bangalore
TXN109229,2025-02-12,CUST770,Beverages,Sunbean Coffee,2,180,360,Cash,Hyderabad
TXN109230,2025-05-27,CUST416,Beverages,B Natural Juice,3,40,120,Cash,Kolkata
TXN109231,2025-04-18,CUST664,Personal Care,Savlon Sanitizer,3,70,210,UPI,Mumbai
TXN109232,2025-05-22,CUST257,Personal Care,Savlon Handwash,3,95,285,Card,Chennai
TXN109233,2025-01-07,CUST259,Snacks,Bingo Chips,1,20,20,Cash,Delhi
TXN109234,2025-06-09,CUST897,Personal Care,Savlon Handwash,2,95,190,Card,Kolkata
TXN109235,2025-06-19,CUST665,Snacks,Bingo Chips,5,20,100,UPI,Mumbai
TXN109236,2025-04-06,CUST535,Personal Care,Savlon Sanitizer,1,70,70,Cash,Hyderabad
TXN109237,2025-03-07,CUST937,Personal Care,Vivel Soap,1,35,35,Card,Bangalore
TXN109238,2025-01-16,CUST559,FMCG,Aashirvaad Atta,2,65,130,Card,Hyderabad
TXN109239,2025-01-16,CUST654,Beverages,Sunbean Coffee,3,180,540,Cash,Mumbai
TXN109240,2025-01-10,CUST778,Beverages,Sunbean Coffee,4,180,720,Card,Hyderabad
TXN109241,2025-05-24,CUST159,Personal Care,Vivel Soap,3,35,105,Card,Chennai
TXN109242,2025-03-22,CUST720,Personal Care,Savlon Handwash,5,95,475,UPI,Hyderabad
TXN109243,2025-03-22,CUST349,FMCG,Aashirvaad Atta,1,65,65,Cash,Chennai
TXN109244,2025-05-27,CUST598,Snacks,Bingo Mad Angles,5,25,125,Card,Kolkata
TXN109245,2025-06-29,CUST356,Personal Care,Vivel Soap,4,35,140,Cash,Kolkata
TXN109246,2025-03-29,CUST776,Snacks,Bingo Chips,5,20,100,Card,Chennai
TXN109247,2025-06-25,CUST300,Beverages,Sunbean Coffee,5,180,900,Cash,Chennai
TXN109248,2025-03-04,CUST882,Personal Care,Vivel Soap,5,35,175,Cash,Chennai
TXN109249,2025-05-23,CUST463,Snacks,Bingo Mad Angles,2,25,50,UPI,Hyderabad
TXN109250,2025-06-26,CUST295,Personal Care,Vivel Soap,1,35,35,Cash,Hyderabad
TXN109251,2025-06-19,CUST100,Personal Care,Savlon Handwash,5,95,475,UPI,Delhi
TXN109252,2025-04-15,CUST875,Beverages,Sunbean Coffee,3,180,540,UPI,Hyderabad
TXN109253,2025-01-16,CUST405,Personal Care,Vivel Soap,4,35,140,UPI,Kolkata
TXN109254,2025-06-01,CUST692,Personal Care,Vivel Soap,3,35,105,Cash,Kolkata
TXN109255,2025-04-01,CUST172,Personal Care,Savlon Sanitizer,1,70,70,Card,Mumbai
TXN109256,2025-01-24,CUST438,FMCG,Aashirvaad Atta,2,65,130,Card,Hyderabad
TXN109257,2025-03-04,CUST199,Personal Care,Savlon Sanitizer,5,70,350,Cash,Chennai
TXN109258,2025-01-23,CUST317,Snacks,Bingo Chips,4,20,80,Cash,Hyderabad
TXN109259,2025-03-23,CUST607,Snacks,Bingo Chips,4,20,80,Cash,Hyderabad
TXN109260,2025-04-24,CUST382,Personal Care,Savlon Sanitizer,3,70,210,Card,Mumbai
TXN109261,2025-06-02,CUST875,Beverages,Sunbean Coffee,1,180,180,UPI,Delhi
TXN109262,2025-01-26,CUST987,Personal Care,Vivel Soap,1,35,35,Cash,Hyderabad
TXN109263,2025-03-22,CUST237,FMCG,Aashirvaad Atta,4,65,260,UPI,Chennai
TXN109264,2025-02-26,CUST104,Beverages,B Natural Juice,5,40,200,Cash,Chennai
TXN109265,2025-05-02,CUST917,Beverages,Sunbean Coffee,1,180,180,UPI,Kolkata
TXN109266,2025-06-30,CUST195,Snacks,Bingo Mad Angles,1,25,25,UPI,Hyderabad
TXN109267,2025-04-27,CUST351,Beverages,B Natural Juice,4,40,160,Card,Mumbai
TXN109268,2025-01-31,CUST107,Personal Care,Savlon Handwash,3,95,285,UPI,Hyderabad
TXN109269,2025-05-25,CUST478,Snacks,Bingo Mad Angles,1,25,25,Cash,Chennai
TXN109270,2025-04-03,CUST747,Snacks,Bingo Mad Angles,5,25,125,Cash,Bangalore
TXN109271,2025-01-15,CUST192,Beverages,B Natural Juice,4,40,160,Card,Bangalore
TXN109272,2025-01-25,CUST220,Beverages,Sunbean Coffee,3,180,540,Cash,Mumbai
TXN109273,2025-01-04,CUST770,Beverages,Sunbean Coffee,4,180,720,Card,Kolkata
TXN109274,2025-02-12,CUST126,Snacks,Bingo Chips,1,20,20,UPI,Mumbai
TXN109275,2025-05-12,CUST459,Personal Care,Savlon Sanitizer,5,70,350,UPI,Mumbai
TXN109276,2025-05-28,CUST219,Snacks,Bingo Chips,2,20,40,Cash,Kolkata
TXN109277,2025-01-14,CUST437,Snacks,Bingo Mad Angles,2,25,50,Cash,Kolkata
TXN109278,2025-03-20,CUST269,Beverages,Sunbean Coffee,5,180,900,Cash,Mumbai
TXN109279,2025-05-02,CUST488,Snacks,Bingo Mad Angles,5,25,125,Card,Kolkata
TXN109280,2025-02-24,CUST473,Beverages,B Natural Juice,4,40,160,Card,Chennai
TXN109281,2025-01-01,CUST730,Snacks,Bingo Mad Angles,4,25,100,Card,Mumbai
TXN109282,2025-02-26,CUST394,Beverages,Sunbean Coffee,3,180,540,UPI,Chennai
TXN109283,2025-03-10,CUST374,Personal Care,Savlon Sanitizer,3,70,210,Cash,Bangalore
TXN109284,2025-01-22,CUST768,Personal Care,Vivel Soap,4,35,140,Card,Hyderabad
TXN109285,2025-05-08,CUST729,Beverages,B Natural Juice,4,40,160,Card,Delhi
TXN109286,2025-06-20,CUST686,Beverages,B Natural Juice,5,40,200,Card,Hyderabad
TXN109287,2025-05-02,CUST350,Snacks,Bingo Chips,5,20,100,Cash,Bangalore
TXN109288,2025-03-27,CUST231,Personal Care,Vivel Soap,5,35,175,Card,Bangalore
TXN109289,2025-05-20,CUST586,FMCG,Aashirvaad Atta,4,65,260,UPI,Chennai
TXN109290,2025-05-29,CUST824,FMCG,Aashirvaad Atta,1,65,65,Cash,Bangalore
TXN109291,2025-06-03,CUST185,FMCG,Aashirvaad Atta,5,65,325,Card,Mumbai
TXN109292,2025-02-23,CUST547,Personal Care,Vivel Soap,5,35,175,UPI,Chennai
TXN109293,2025-04-09,CUST392,FMCG,Aashirvaad Atta,1,65,65,Cash,Delhi
TXN109294,2025-04-19,CUST415,Snacks,Bingo Chips,3,20,60,UPI,Mumbai
TXN109295,2025-01-26,CUST265,Personal Care,Savlon Sanitizer,3,70,210,Card,Bangalore
TXN109296,2025-03-25,CUST162,Personal Care,Savlon Sanitizer,4,70,280,Card,Mumbai
TXN109297,2025-06-26,CUST608,Personal Care,Vivel Soap,1,35,35,Card,Hyderabad
TXN109298,2025-05-26,CUST335,Personal Care,Savlon Handwash,2,95,190,Cash,Hyderabad
TXN109299,2025-04-06,CUST776,Beverages,B Natural Juice,3,40,120,Card,Chennai
TXN109300,2025-05-22,CUST208,Personal Care,Vivel Soap,5,35,175,Card,Chennai
TXN109301,2025-06-14,CUST714,Snacks,Bingo Chips,2,20,40,Card,Bangalore
TXN109302,2025-02-02,CUST360,Personal Care,Savlon Handwash,5,95,475,UPI,Hyderabad
TXN109303,2025-03-20,CUST616,Personal Care,Vivel Soap,3,35,105,UPI,Kolkata
TXN109304,2025-06-23,CUST714,Personal Care,Savlon Sanitizer,1,70,70,Cash,Mumbai
TXN109305,2025-05-12,CUST925,FMCG,Aashirvaad Atta,3,65,195,UPI,Mumbai
TXN109306,2025-06-19,CUST722,FMCG,Aashirvaad Atta,4,65,260,UPI,Delhi
TXN109307,2025-04-20,CUST861,Snacks,Bingo Mad Angles,3,25,75,UPI,Hyderabad
TXN109308,2025-04-27,CUST153,Personal Care,Vivel Soap,3,35,105,UPI,Hyderabad
TXN109309,2025-06-01,CUST976,Personal Care,Savlon Sanitizer,1,70,70,Cash,Kolkata
TXN109310,2025-02-20,CUST177,Personal Care,Vivel Soap,1,35,35,Card,Mumbai
TXN109311,2025-05-24,CUST190,Personal Care,Savlon Sanitizer,5,70,350,Cash,Mumbai
TXN109312,2025-04-11,CUST837,Personal Care,Savlon Handwash,1,95,95,Cash,Chennai
TXN109313,2025-04-18,CUST591,Beverages,Sunbean Coffee,2,180,360,UPI,Hyderabad
TXN109314,2025-03-04,CUST813,Snacks,Bingo Mad Angles,2,25,50,UPI,Mumbai
TXN109315,2025-05-19,CUST573,Personal Care,Savlon Sanitizer,4,70,280,Card,Hyderabad
TXN109316,2025-04-11,CUST573,Beverages,B Natural Juice,3,40,120,Cash,Mumbai
TXN109317,2025-02-04,CUST448,FMCG,Aashirvaad Atta,1,65,65,Card,Kolkata
TXN109318,2025-06-09,CUST723,Personal Care,Savlon Handwash,2,95,190,Cash,Bangalore
TXN109319,2025-04-30,CUST908,Snacks,Bingo Chips,5,20,100,UPI,Mumbai
TXN109320,2025-01-24,CUST139,Beverages,B Natural Juice,4,40,160,UPI,Hyderabad
TXN109321,2025-05-08,CUST280,Personal Care,Savlon Handwash,4,95,380,Card,Delhi
TXN109322,2025-01-18,CUST359,Snacks,Bingo Chips,4,20,80,Card,Hyderabad
TXN109323,2025-06-01,CUST436,Personal Care,Savlon Handwash,2,95,190,Cash,Mumbai
TXN109324,2025-01-17,CUST608,Snacks,Bingo Chips,1,20,20,Cash,Kolkata
TXN109325,2025-01-30,CUST831,Snacks,Bingo Chips,2,20,40,Card,Hyderabad
TXN109326,2025-03-29,CUST135,Personal Care,Vivel Soap,5,35,175,Cash,Mumbai
TXN109327,2025-01-20,CUST434,Beverages,Sunbean Coffee,4,180,720,Card,Mumbai
TXN109328,2025-03-14,CUST803,FMCG,Aashirvaad Atta,1,65,65,Cash,Kolkata
TXN109329,2025-01-13,CUST278,Personal Care,Vivel Soap,1,35,35,Card,Mumbai
TXN109330,2025-04-17,CUST496,Personal Care,Savlon Sanitizer,2,70,140,Cash,Hyderabad
TXN109331,2025-02-17,CUST233,FMCG,Aashirvaad Atta,3,65,195,Cash,Delhi
TXN109332,2025-01-29,CUST584,Snacks,Bingo Mad Angles,2,25,50,UPI,Bangalore
TXN109333,2025-01-06,CUST465,Beverages,B Natural Juice,3,40,120,UPI,Delhi
TXN109334,2025-05-08,CUST983,Beverages,Sunbean Coffee,3,180,540,Cash,Delhi
TXN109335,2025-06-16,CUST779,FMCG,Aashirvaad Atta,3,65,195,UPI,Hyderabad
TXN109336,2025-02-06,CUST532,Beverages,B Natural Juice,4,40,160,UPI,Chennai
TXN109337,2025-02-27,CUST223,Personal Care,Savlon Handwash,2,95,190,UPI,Bangalore
TXN109338,2025-02-13,CUST943,Personal Care,Vivel Soap,4,35,140,UPI,Chennai
TXN109339,2025-03-11,CUST663,Beverages,Sunbean Coffee,1,180,180,Cash,Chennai
TXN109340,2025-04-15,CUST803,Beverages,Sunbean Coffee,2,180,360,UPI,Mumbai
TXN109341,2025-05-18,CUST920,Personal Care,Savlon Sanitizer,2,70,140,UPI,Mumbai
TXN109342,2025-02-01,CUST450,Snacks,Bingo Chips,5,20,100,Cash,Chennai
TXN109343,2025-03-05,CUST170,Snacks,Bingo Chips,4,20,80,Card,Kolkata
TXN109344,2025-04-07,CUST830,FMCG,Aashirvaad Atta,4,65,260,Card,Hyderabad
TXN109345,2025-05-04,CUST653,Personal Care,Savlon Sanitizer,4,70,280,Cash,Kolkata
TXN109346,2025-03-07,CUST630,Personal Care,Vivel Soap,3,35,105,Cash,Mumbai
TXN109347,2025-04-23,CUST103,Snacks,Bingo Chips,1,20,20,Cash,Kolkata
TXN109348,2025-03-05,CUST814,Snacks,Bingo Mad Angles,2,25,50,UPI,Chennai
TXN109349,2025-06-29,CUST779,Snacks,Bingo Mad Angles,2,25,50,UPI,Kolkata
TXN109350,2025-04-08,CUST463,Beverages,Sunbean Coffee,1,180,180,Card,Mumbai
TXN109351,2025-02-05,CUST470,Snacks,Bingo Mad Angles,4,25,100,UPI,Delhi
TXN109352,2025-05-19,CUST942,Personal Care,Vivel Soap,4,35,140,Card,Mumbai
TXN109353,2025-03-30,CUST736,Personal Care,Savlon Handwash,5,95,475,Card,Hyderabad
TXN109354,2025-05-08,CUST641,FMCG,Aashirvaad Atta,3,65,195,UPI,Chennai
TXN109355,2025-03-12,CUST662,Beverages,Sunbean Coffee,3,180,540,UPI,Bangalore
TXN109356,2025-03-11,CUST927,FMCG,Aashirvaad Atta,1,65,65,UPI,Mumbai
TXN109357,2025-04-12,CUST343,Personal Care,Savlon Sanitizer,4,70,280,UPI,Hyderabad
TXN109358,2025-06-07,CUST867,Beverages,B Natural Juice,4,40,160,UPI,Hyderabad
TXN109359,2025-01-01,CUST146,Snacks,Bingo Mad Angles,5,25,125,Card,Delhi
TXN109360,2025-02-13,CUST752,Personal Care,Savlon Sanitizer,2,70,140,Cash,Mumbai
TXN109361,2025-03-15,CUST544,Beverages,Sunbean Coffee,1,180,180,Card,Bangalore
TXN109362,2025-04-02,CUST696,Personal Care,Vivel Soap,4,35,140,Card,Mumbai
TXN109363,2025-02-24,CUST778,Snacks,Bingo Chips,5,20,100,Cash,Kolkata
TXN109364,2025-05-27,CUST199,Personal Care,Vivel Soap,4,35,140,Card,Hyderabad
TXN109365,2025-01-25,CUST839,Snacks,Bingo Chips,2,20,40,Cash,Kolkata
TXN109366,2025-01-12,CUST791,Personal Care,Savlon Sanitizer,3,70,210,UPI,Mumbai
TXN109367,2025-03-05,CUST971,Snacks,Bingo Chips,2,20,40,Cash,Chennai
TXN109368,2025-05-21,CUST414,Snacks,Bingo Mad Angles,5,25,125,Cash,Kolkata
TXN109369,2025-02-22,CUST327,FMCG,Aashirvaad Atta,1,65,65,UPI,Chennai
TXN109370,2025-06-12,CUST645,Personal Care,Savlon Sanitizer,3,70,210,Cash,Hyderabad
TXN109371,2025-06-15,CUST114,FMCG,Aashirvaad Atta,2,65,130,Cash,Chennai
TXN109372,2025-02-12,CUST205,Snacks,Bingo Mad Angles,1,25,25,UPI,Mumbai
TXN109373,2025-06-12,CUST384,Beverages,B Natural Juice,2,40,80,Card,Delhi
TXN109374,2025-05-04,CUST774,Beverages,B Natural Juice,3,40,120,Card,Bangalore
TXN109375,2025-03-03,CUST770,Personal Care,Savlon Handwash,3,95,285,Cash,Mumbai
TXN109376,2025-05-23,CUST581,Snacks,Bingo Chips,4,20,80,Cash,Hyderabad
TXN109377,2025-05-02,CUST557,Personal Care,Vivel Soap,2,35,70,UPI,Bangalore
TXN109378,2025-03-30,CUST664,Beverages,Sunbean Coffee,5,180,900,Cash,Hyderabad
TXN109379,2025-01-25,CUST135,Personal Care,Savlon Sanitizer,4,70,280,UPI,Kolkata
TXN109380,2025-01-21,CUST309,Beverages,B Natural Juice,4,40,160,UPI,Chennai
TXN109381,2025-05-21,CUST402,Personal Care,Savlon Sanitizer,2,70,140,UPI,Delhi
TXN109382,2025-05-19,CUST218,Personal Care,Vivel Soap,3,35,105,Cash,Kolkata
TXN109383,2025-05-12,CUST253,Personal Care,Savlon Sanitizer,1,70,70,Cash,Hyderabad
TXN109384,2025-06-29,CUST837,Personal Care,Savlon Sanitizer,1,70,70,Card,Bangalore
TXN109385,2025-03-20,CUST511,Beverages,B Natural Juice,3,40,120,Cash,Chennai
TXN109386,2025-02-04,CUST295,FMCG,Aashirvaad Atta,5,65,325,UPI,Kolkata
TXN109387,2025-06-08,CUST528,Beverages,B Natural Juice,3,40,120,Cash,Hyderabad
TXN109388,2025-02-02,CUST320,Snacks,Bingo Mad Angles,2,25,50,Card,Delhi
TXN109389,2025-05-26,CUST268,FMCG,Aashirvaad Atta,5,65,325,Cash,Delhi
TXN109390,2025-03-29,CUST494,Personal Care,Savlon Handwash,3,95,285,Cash,Hyderabad
TXN109391,2025-01-16,CUST524,Beverages,B Natural Juice,1,40,40,UPI,Mumbai
TXN109392,2025-02-25,CUST497,FMCG,Aashirvaad Atta,2,65,130,Card,Mumbai
TXN109393,2025-01-19,CUST683,Personal Care,Savlon Handwash,3,95,285,Cash,Chennai
TXN109394,2025-03-17,CUST191,Personal Care,Vivel Soap,3,35,105,Cash,Bangalore
TXN109395,2025-06-06,CUST742,Personal Care,Savlon Handwash,2,95,190,Cash,Chennai
TXN109396,2025-05-27,CUST497,Snacks,Bingo Mad Angles,1,25,25,Card,Bangalore
TXN109397,2025-02-06,CUST906,Personal Care,Vivel Soap,2,35,70,UPI,Kolkata
TXN109398,2025-01-06,CUST868,Personal Care,Vivel Soap,1,35,35,UPI,Delhi
TXN109399,2025-06-07,CUST188,FMCG,Aashirvaad Atta,4,65,260,Card,Chennai
TXN109400,2025-06-13,CUST858,Personal Care,Savlon Handwash,5,95,475,UPI,Chennai
TXN109401,2025-01-24,CUST694,Beverages,Sunbean Coffee,4,180,720,UPI,Chennai
TXN109402,2025-02-21,CUST798,Personal Care,Savlon Handwash,1,95,95,UPI,Hyderabad
TXN109403,2025-06-21,CUST353,Personal Care,Savlon Handwash,4,95,380,UPI,Hyderabad
TXN109404,2025-06-20,CUST401,Beverages,B Natural Juice,2,40,80,UPI,Bangalore
TXN109405,2025-03-11,CUST938,Personal Care,Savlon Sanitizer,4,70,280,Card,Delhi
TXN109406,2025-06-13,CUST126,Snacks,Bingo Chips,1,20,20,UPI,Chennai
TXN109407,2025-03-26,CUST222,Personal Care,Vivel Soap,3,35,105,Cash,Mumbai
TXN109408,2025-03-16,CUST607,Personal Care,Savlon Handwash,5,95,475,Cash,Kolkata
TXN109409,2025-02-12,CUST507,FMCG,Aashirvaad Atta,4,65,260,Card,Bangalore
TXN109410,2025-04-05,CUST517,Snacks,Bingo Mad Angles,3,25,75,Card,Chennai
TXN109411,2025-05-17,CUST710,Snacks,Bingo Chips,2,20,40,UPI,Delhi
TXN109412,2025-06-14,CUST895,Personal Care,Savlon Sanitizer,1,70,70,Card,Hyderabad
TXN109413,2025-01-12,CUST247,Personal Care,Vivel Soap,1,35,35,UPI,Hyderabad
TXN109414,2025-05-11,CUST369,Personal Care,Savlon Handwash,5,95,475,Card,Chennai
TXN109415,2025-01-10,CUST859,Personal Care,Savlon Handwash,4,95,380,UPI,Bangalore
TXN109416,2025-02-17,CUST379,Personal Care,Savlon Handwash,2,95,190,Card,Bangalore
TXN109417,2025-02-02,CUST173,Beverages,Sunbean Coffee,5,180,900,Cash,Mumbai
TXN109418,2025-03-15,CUST330,Beverages,B Natural Juice,2,40,80,Cash,Chennai
TXN109419,2025-06-21,CUST183,Beverages,Sunbean Coffee,3,180,540,Cash,Mumbai
TXN109420,2025-05-02,CUST851,Personal Care,Vivel Soap,1,35,35,UPI,Hyderabad
TXN109421,2025-01-07,CUST405,FMCG,Aashirvaad Atta,2,65,130,Cash,Delhi
TXN109422,2025-06-22,CUST167,FMCG,Aashirvaad Atta,3,65,195,UPI,Mumbai
TXN109423,2025-04-16,CUST754,FMCG,Aashirvaad Atta,4,65,260,Card,Kolkata
TXN109424,2025-02-08,CUST230,Personal Care,Savlon Sanitizer,1,70,70,Card,Kolkata
TXN109425,2025-04-17,CUST589,Beverages,B Natural Juice,1,40,40,Cash,Bangalore
TXN109426,2025-04-15,CUST594,Personal Care,Vivel Soap,5,35,175,Cash,Bangalore
TXN109427,2025-05-20,CUST735,FMCG,Aashirvaad Atta,3,65,195,UPI,Mumbai
TXN109428,2025-06-26,CUST413,Personal Care,Vivel Soap,1,35,35,Cash,Delhi
TXN109429,2025-06-10,CUST986,FMCG,Aashirvaad Atta,1,65,65,Card,Chennai
TXN109430,2025-05-26,CUST264,Personal Care,Vivel Soap,3,35,105,UPI,Hyderabad
TXN109431,2025-03-12,CUST573,Personal Care,Vivel Soap,2,35,70,UPI,Kolkata
TXN109432,2025-01-02,CUST878,Personal Care,Savlon Handwash,5,95,475,UPI,Kolkata
TXN109433,2025-06-22,CUST612,Personal Care,Savlon Sanitizer,3,70,210,UPI,Delhi
TXN109434,2025-03-02,CUST143,FMCG,Aashirvaad Atta,1,65,65,UPI,Hyderabad
TXN109435,2025-05-01,CUST702,Snacks,Bingo Mad Angles,4,25,100,Cash,Kolkata
TXN109436,2025-01-30,CUST148,FMCG,Aashirvaad Atta,5,65,325,Cash,Mumbai
TXN109437,2025-03-28,CUST663,Snacks,Bingo Chips,4,20,80,Card,Hyderabad
TXN109438,2025-05-30,CUST326,Personal Care,Vivel Soap,5,35,175,Card,Chennai
TXN109439,2025-06-23,CUST256,Snacks,Bingo Mad Angles,1,25,25,UPI,Bangalore
TXN109440,2025-04-19,CUST884,Snacks,Bingo Chips,3,20,60,Cash,Delhi
TXN109441,2025-01-05,CUST858,Beverages,B Natural Juice,1,40,40,Card,Delhi
TXN109442,2025-04-03,CUST857,FMCG,Aashirvaad Atta,2,65,130,Card,Kolkata
TXN109443,2025-06-25,CUST163,Personal Care,Savlon Handwash,5,95,475,UPI,Hyderabad
TXN109444,2025-06-26,CUST255,Beverages,Sunbean Coffee,4,180,720,UPI,Hyderabad
TXN109445,2025-04-15,CUST537,Personal Care,Vivel Soap,4,35,140,Cash,Chennai
TXN109446,2025-05-07,CUST389,Beverages,B Natural Juice,2,40,80,Card,Chennai
TXN109447,2025-01-29,CUST111,Personal Care,Vivel Soap,2,35,70,Card,Delhi
TXN109448,2025-02-20,CUST538,Beverages,Sunbean Coffee,4,180,720,UPI,Chennai
TXN109449,2025-04-16,CUST587,Beverages,B Natural Juice,4,40,160,UPI,Delhi
TXN109450,2025-04-19,CUST711,Beverages,B Natural Juice,4,40,160,UPI,Chennai
TXN109451,2025-02-05,CUST691,Snacks,Bingo Chips,5,20,100,Card,Hyderabad
TXN109452,2025-03-13,CUST973,Personal Care,Savlon Sanitizer,5,70,350,Cash,Mumbai
TXN109453,2025-06-16,CUST342,Personal Care,Vivel Soap,4,35,140,Card,Hyderabad
TXN109454,2025-01-31,CUST289,Personal Care,Vivel Soap,4,35,140,Cash,Delhi
TXN109455,2025-02-07,CUST447,Beverages,Sunbean Coffee,3,180,540,UPI,Kolkata
TXN109456,2025-02-08,CUST298,Personal Care,Savlon Handwash,3,95,285,UPI,Delhi
TXN109457,2025-02-14,CUST724,Beverages,Sunbean Coffee,5,180,900,Card,Kolkata
TXN109458,2025-05-14,CUST176,FMCG,Aashirvaad Atta,4,65,260,Cash,Chennai
TXN109459,2025-01-21,CUST336,FMCG,Aashirvaad Atta,3,65,195,Card,Hyderabad
TXN109460,2025-01-10,CUST932,Personal Care,Savlon Handwash,2,95,190,Cash,Delhi
TXN109461,2025-04-02,CUST480,Snacks,Bingo Chips,1,20,20,Card,Delhi
TXN109462,2025-02-18,CUST778,FMCG,Aashirvaad Atta,4,65,260,UPI,Bangalore
TXN109463,2025-06-09,CUST106,FMCG,Aashirvaad Atta,5,65,325,Card,Kolkata
TXN109464,2025-06-22,CUST113,Beverages,B Natural Juice,1,40,40,Cash,Bangalore
TXN109465,2025-01-02,CUST228,FMCG,Aashirvaad Atta,3,65,195,Card,Mumbai
TXN109466,2025-04-16,CUST293,Personal Care,Vivel Soap,5,35,175,Card,Mumbai
TXN109467,2025-02-25,CUST990,Snacks,Bingo Chips,2,20,40,Card,Bangalore
TXN109468,2025-01-23,CUST206,Beverages,Sunbean Coffee,4,180,720,Card,Bangalore
TXN109469,2025-02-01,CUST821,Beverages,B Natural Juice,5,40,200,Card,Kolkata
TXN109470,2025-06-22,CUST547,Personal Care,Savlon Handwash,1,95,95,Card,Kolkata
TXN109471,2025-06-02,CUST938,Personal Care,Savlon Sanitizer,5,70,350,Cash,Mumbai
TXN109472,2025-04-26,CUST232,Personal Care,Savlon Handwash,1,95,95,Cash,Chennai
TXN109473,2025-01-18,CUST759,Snacks,Bingo Mad Angles,1,25,25,Card,Mumbai
TXN109474,2025-01-27,CUST118,FMCG,Aashirvaad Atta,5,65,325,UPI,Bangalore
TXN109475,2025-03-09,CUST113,Beverages,B Natural Juice,1,40,40,Cash,Bangalore
TXN109476,2025-01-24,CUST437,Snacks,Bingo Mad Angles,3,25,75,UPI,Hyderabad
TXN109477,2025-06-24,CUST183,Personal Care,Vivel Soap,5,35,175,UPI,Chennai
TXN109478,2025-02-08,CUST885,Beverages,B Natural Juice,2,40,80,UPI,Hyderabad
TXN109479,2025-05-13,CUST529,Beverages,Sunbean Coffee,2,180,360,Card,Kolkata
TXN109480,2025-03-13,CUST935,FMCG,Aashirvaad Atta,3,65,195,Card,Mumbai
TXN109481,2025-03-28,CUST914,Personal Care,Savlon Handwash,1,95,95,UPI,Delhi
TXN109482,2025-02-21,CUST765,Personal Care,Savlon Handwash,2,95,190,Card,Delhi
TXN109483,2025-06-18,CUST973,Personal Care,Vivel Soap,2,35,70,UPI,Bangalore
TXN109484,2025-04-10,CUST547,Beverages,B Natural Juice,2,40,80,UPI,Kolkata
TXN109485,2025-02-16,CUST560,Snacks,Bingo Mad Angles,1,25,25,Card,Bangalore
TXN109486,2025-04-07,CUST567,Personal Care,Savlon Handwash,1,95,95,Cash,Hyderabad
TXN109487,2025-02-23,CUST432,Personal Care,Vivel Soap,3,35,105,Card,Delhi
TXN109488,2025-02-25,CUST575,Personal Care,Savlon Handwash,5,95,475,UPI,Hyderabad
TXN109489,2025-03-30,CUST518,Beverages,B Natural Juice,3,40,120,Cash,Bangalore
TXN109490,2025-01-04,CUST956,Beverages,B Natural Juice,2,40,80,UPI,Delhi
TXN109491,2025-04-04,CUST969,FMCG,Aashirvaad Atta,5,65,325,Cash,Delhi
TXN109492,2025-05-02,CUST932,FMCG,Aashirvaad Atta,5,65,325,Card,Hyderabad
TXN109493,2025-04-21,CUST417,Snacks,Bingo Chips,5,20,100,UPI,Kolkata
TXN109494,2025-06-20,CUST566,Beverages,Sunbean Coffee,3,180,540,Cash,Kolkata
TXN109495,2025-04-28,CUST622,FMCG,Aashirvaad Atta,4,65,260,Cash,Delhi
TXN109496,2025-01-15,CUST920,Snacks,Bingo Mad Angles,2,25,50,Cash,Mumbai
TXN109497,2025-01-09,CUST705,Beverages,B Natural Juice,3,40,120,UPI,Hyderabad
TXN109498,2025-05-14,CUST895,Beverages,B Natural Juice,2,40,80,UPI,Chennai
TXN109499,2025-05-13,CUST464,Beverages,B Natural Juice,5,40,200,Card,Chennai
TXN109500,2025-05-06,CUST874,Personal Care,Savlon Handwash,5,95,475,Cash,Kolkata
TXN109501,2025-06-15,CUST659,FMCG,Aashirvaad Atta,4,65,260,Cash,Bangalore
TXN109502,2025-06-02,CUST169,Personal Care,Savlon Sanitizer,1,70,70,Cash,Mumbai
TXN109503,2025-03-10,CUST999,Beverages,Sunbean Coffee,2,180,360,Cash,Delhi
TXN109504,2025-05-20,CUST786,Personal Care,Savlon Handwash,4,95,380,Card,Mumbai
TXN109505,2025-06-04,CUST721,FMCG,Aashirvaad Atta,5,65,325,Cash,Delhi
TXN109506,2025-05-24,CUST860,Snacks,Bingo Chips,2,20,40,Cash,Bangalore
TXN109507,2025-04-13,CUST850,Beverages,B Natural Juice,3,40,120,UPI,Bangalore
TXN109508,2025-04-09,CUST643,Beverages,Sunbean Coffee,4,180,720,UPI,Chennai
TXN109509,2025-03-01,CUST817,Snacks,Bingo Chips,5,20,100,UPI,Delhi
TXN109510,2025-03-22,CUST751,Snacks,Bingo Mad Angles,1,25,25,Card,Delhi
TXN109511,2025-06-28,CUST416,Snacks,Bingo Chips,2,20,40,Card,Bangalore
TXN109512,2025-05-02,CUST698,Beverages,Sunbean Coffee,1,180,180,Card,Delhi
TXN109513,2025-05-08,CUST818,Beverages,Sunbean Coffee,2,180,360,UPI,Hyderabad
TXN109514,2025-04-22,CUST495,Beverages,Sunbean Coffee,4,180,720,Cash,Bangalore
TXN109515,2025-06-06,CUST910,FMCG,Aashirvaad Atta,4,65,260,Cash,Kolkata
TXN109516,2025-01-26,CUST369,Beverages,Sunbean Coffee,5,180,900,Card,Kolkata
TXN109517,2025-06-16,CUST134,Personal Care,Savlon Handwash,1,95,95,UPI,Chennai
TXN109518,2025-05-22,CUST286,Personal Care,Savlon Sanitizer,5,70,350,Card,Kolkata
TXN109519,2025-05-04,CUST799,FMCG,Aashirvaad Atta,1,65,65,Card,Kolkata
TXN109520,2025-05-15,CUST330,Personal Care,Savlon Handwash,3,95,285,Card,Hyderabad
TXN109521,2025-02-14,CUST742,Snacks,Bingo Mad Angles,2,25,50,Card,Hyderabad
TXN109522,2025-01-29,CUST417,Snacks,Bingo Chips,1,20,20,Card,Chennai
TXN109523,2025-01-24,CUST922,Beverages,Sunbean Coffee,4,180,720,UPI,Chennai
TXN109524,2025-05-24,CUST735,Beverages,B Natural Juice,1,40,40,UPI,Mumbai
TXN109525,2025-04-24,CUST798,Snacks,Bingo Mad Angles,1,25,25,Card,Chennai
TXN109526,2025-03-16,CUST926,Personal Care,Savlon Sanitizer,5,70,350,Cash,Bangalore
TXN109527,2025-05-16,CUST160,Snacks,Bingo Chips,3,20,60,UPI,Kolkata
TXN109528,2025-01-19,CUST334,Snacks,Bingo Mad Angles,2,25,50,Card,Chennai
TXN109529,2025-05-22,CUST169,Snacks,Bingo Mad Angles,1,25,25,UPI,Kolkata
TXN109530,2025-05-17,CUST800,Beverages,Sunbean Coffee,4,180,720,UPI,Hyderabad
TXN109531,2025-05-21,CUST123,Personal Care,Savlon Handwash,4,95,380,Cash,Delhi
TXN109532,2025-02-24,CUST911,Personal Care,Vivel Soap,3,35,105,Cash,Kolkata
TXN109533,2025-06-29,CUST679,FMCG,Aashirvaad Atta,5,65,325,UPI,Kolkata
TXN109534,2025-02-11,CUST480,Personal Care,Savlon Handwash,2,95,190,Card,Mumbai
TXN109535,2025-06-22,CUST573,Beverages,B Natural Juice,2,40,80,UPI,Delhi
TXN109536,2025-04-11,CUST885,Personal Care,Vivel Soap,5,35,175,UPI,Chennai
TXN109537,2025-06-25,CUST796,Beverages,Sunbean Coffee,1,180,180,UPI,Mumbai
TXN109538,2025-03-05,CUST355,Beverages,Sunbean Coffee,2,180,360,UPI,Hyderabad
TXN109539,2025-01-20,CUST904,Personal Care,Vivel Soap,3,35,105,Cash,Delhi
TXN109540,2025-02-06,CUST566,Beverages,B Natural Juice,2,40,80,Cash,Delhi
TXN109541,2025-04-19,CUST334,Beverages,Sunbean Coffee,1,180,180,Cash,Chennai
TXN109542,2025-04-11,CUST459,FMCG,Aashirvaad Atta,4,65,260,Card,Kolkata
TXN109543,2025-01-22,CUST913,Beverages,Sunbean Coffee,5,180,900,Card,Delhi
TXN109544,2025-01-24,CUST960,FMCG,Aashirvaad Atta,5,65,325,UPI,Mumbai
TXN109545,2025-02-24,CUST191,Personal Care,Savlon Sanitizer,3,70,210,Cash,Bangalore
TXN109546,2025-04-21,CUST124,Snacks,Bingo Chips,1,20,20,Card,Hyderabad
TXN109547,2025-05-25,CUST237,Beverages,B Natural Juice,1,40,40,Card,Kolkata
TXN109548,2025-02-14,CUST385,Personal Care,Savlon Handwash,3,95,285,UPI,Bangalore
TXN109549,2025-06-24,CUST164,Personal Care,Savlon Handwash,5,95,475,Card,Bangalore
TXN109550,2025-05-25,CUST678,Snacks,Bingo Chips,1,20,20,Cash,Bangalore
TXN109551,2025-01-21,CUST847,FMCG,Aashirvaad Atta,3,65,195,Card,Chennai
TXN109552,2025-02-02,CUST749,Beverages,Sunbean Coffee,4,180,720,Card,Bangalore
TXN109553,2025-02-28,CUST182,FMCG,Aashirvaad Atta,2,65,130,UPI,Chennai
TXN109554,2025-05-21,CUST488,Beverages,Sunbean Coffee,5,180,900,UPI,Bangalore
TXN109555,2025-06-13,CUST271,Personal Care,Savlon Sanitizer,4,70,280,Card,Bangalore
TXN109556,2025-01-30,CUST879,Personal Care,Savlon Handwash,3,95,285,UPI,Hyderabad
TXN109557,2025-05-12,CUST108,Snacks,Bingo Chips,2,20,40,Card,Hyderabad
TXN109558,2025-06-23,CUST318,FMCG,Aashirvaad Atta,2,65,130,UPI,Hyderabad
TXN109559,2025-06-01,CUST466,Personal Care,Vivel Soap,1,35,35,Cash,Kolkata
TXN109560,2025-05-30,CUST787,FMCG,Aashirvaad Atta,2,65,130,UPI,Mumbai
TXN109561,2025-05-30,CUST554,Beverages,B Natural Juice,3,40,120,Cash,Mumbai
TXN109562,2025-03-05,CUST809,Personal Care,Savlon Handwash,4,95,380,Card,Chennai
TXN109563,2025-04-19,CUST793,FMCG,Aashirvaad Atta,3,65,195,UPI,Hyderabad
TXN109564,2025-03-27,CUST805,Snacks,Bingo Chips,5,20,100,Card,Delhi
TXN109565,2025-03-05,CUST398,Beverages,B Natural Juice,2,40,80,UPI,Kolkata
TXN109566,2025-01-09,CUST906,FMCG,Aashirvaad Atta,5,65,325,Card,Mumbai
TXN109567,2025-01-10,CUST714,FMCG,Aashirvaad Atta,4,65,260,UPI,Mumbai
TXN109568,2025-02-08,CUST248,Beverages,B Natural Juice,2,40,80,UPI,Bangalore
TXN109569,2025-03-10,CUST573,Personal Care,Savlon Sanitizer,1,70,70,Cash,Chennai
TXN109570,2025-02-22,CUST627,Personal Care,Vivel Soap,5,35,175,Card,Mumbai
TXN109571,2025-05-29,CUST733,Personal Care,Vivel Soap,5,35,175,UPI,Kolkata
TXN109572,2025-02-04,CUST372,FMCG,Aashirvaad Atta,1,65,65,UPI,Bangalore
TXN109573,2025-03-09,CUST429,Snacks,Bingo Mad Angles,5,25,125,UPI,Kolkata
TXN109574,2025-06-04,CUST172,Personal Care,Savlon Sanitizer,2,70,140,Card,Delhi
TXN109575,2025-04-28,CUST536,Beverages,B Natural Juice,4,40,160,Cash,Bangalore
TXN109576,2025-04-16,CUST572,Personal Care,Savlon Sanitizer,4,70,280,UPI,Delhi
TXN109577,2025-01-05,CUST742,Personal Care,Savlon Sanitizer,4,70,280,Card,Bangalore
TXN109578,2025-04-21,CUST880,Snacks,Bingo Chips,1,20,20,Cash,Chennai
TXN109579,2025-05-16,CUST435,Beverages,Sunbean Coffee,5,180,900,Card,Mumbai
TXN109580,2025-04-27,CUST711,Beverages,Sunbean Coffee,5,180,900,Card,Bangalore
TXN109581,2025-05-23,CUST139,FMCG,Aashirvaad Atta,5,65,325,UPI,Bangalore
TXN109582,2025-04-24,CUST387,FMCG,Aashirvaad Atta,4,65,260,Card,Kolkata
TXN109583,2025-01-16,CUST209,Personal Care,Savlon Sanitizer,5,70,350,UPI,Delhi
TXN109584,2025-04-24,CUST671,Personal Care,Savlon Handwash,2,95,190,Card,Chennai
TXN109585,2025-03-14,CUST689,Personal Care,Vivel Soap,5,35,175,Cash,Kolkata
TXN109586,2025-03-15,CUST367,Personal Care,Savlon Sanitizer,1,70,70,Cash,Chennai
TXN109587,2025-04-20,CUST620,Personal Care,Vivel Soap,2,35,70,Card,Hyderabad
TXN109588,2025-04-20,CUST799,Beverages,B Natural Juice,1,40,40,UPI,Bangalore
TXN109589,2025-06-04,CUST427,Snacks,Bingo Chips,5,20,100,Cash,Delhi
TXN109590,2025-01-16,CUST778,Beverages,Sunbean Coffee,5,180,900,UPI,Hyderabad
TXN109591,2025-06-08,CUST431,Snacks,Bingo Mad Angles,5,25,125,Card,Delhi
TXN109592,2025-05-27,CUST408,Beverages,B Natural Juice,1,40,40,UPI,Kolkata
TXN109593,2025-02-04,CUST895,Personal Care,Vivel Soap,2,35,70,UPI,Kolkata
TXN109594,2025-03-17,CUST171,Personal Care,Vivel Soap,1,35,35,Card,Hyderabad
TXN109595,2025-01-05,CUST291,Beverages,Sunbean Coffee,2,180,360,Cash,Mumbai
TXN109596,2025-04-03,CUST796,Snacks,Bingo Mad Angles,4,25,100,Cash,Delhi
TXN109597,2025-04-19,CUST981,Snacks,Bingo Mad Angles,4,25,100,UPI,Mumbai
TXN109598,2025-05-04,CUST883,Personal Care,Savlon Handwash,2,95,190,Cash,Bangalore
TXN109599,2025-03-31,CUST669,FMCG,Aashirvaad Atta,4,65,260,Card,Delhi
TXN109600,2025-04-08,CUST163,FMCG,Aashirvaad Atta,5,65,325,UPI,Chennai
TXN109601,2025-04-07,CUST296,Beverages,Sunbean Coffee,3,180,540,Card,Hyderabad
TXN109602,2025-04-06,CUST796,Snacks,Bingo Chips,5,20,100,Cash,Kolkata
TXN109603,2025-01-17,CUST861,Beverages,Sunbean Coffee,2,180,360,UPI,Kolkata
TXN109604,2025-03-29,CUST894,Personal Care,Savlon Handwash,1,95,95,Cash,Bangalore
TXN109605,2025-02-07,CUST423,Beverages,Sunbean Coffee,1,180,180,Card,Chennai
TXN109606,2025-01-18,CUST559,Beverages,Sunbean Coffee,4,180,720,UPI,Delhi
TXN109607,2025-03-07,CUST417,Beverages,Sunbean Coffee,4,180,720,UPI,Hyderabad
TXN109608,2025-02-18,CUST849,Beverages,B Natural Juice,3,40,120,Cash,Kolkata
TXN109609,2025-05-21,CUST353,Personal Care,Vivel Soap,4,35,140,Card,Chennai
TXN109610,2025-03-24,CUST928,Personal Care,Savlon Handwash,3,95,285,UPI,Kolkata
TXN109611,2025-05-12,CUST807,FMCG,Aashirvaad Atta,3,65,195,UPI,Mumbai
TXN109612,2025-03-19,CUST240,Snacks,Bingo Chips,5,20,100,Card,Mumbai
TXN109613,2025-05-10,CUST381,Snacks,Bingo Mad Angles,1,25,25,Card,Mumbai
TXN109614,2025-05-13,CUST202,Snacks,Bingo Chips,1,20,20,UPI,Delhi
TXN109615,2025-03-05,CUST459,Personal Care,Savlon Handwash,3,95,285,Card,Bangalore
TXN109616,2025-02-15,CUST409,Personal Care,Vivel Soap,3,35,105,UPI,Bangalore
TXN109617,2025-06-21,CUST744,Beverages,B Natural Juice,1,40,40,Card,Delhi
TXN109618,2025-01-12,CUST886,FMCG,Aashirvaad Atta,2,65,130,Cash,Chennai
TXN109619,2025-06-18,CUST852,Personal Care,Savlon Handwash,5,95,475,UPI,Bangalore
TXN109620,2025-06-02,CUST461,Personal Care,Savlon Sanitizer,2,70,140,UPI,Chennai
TXN109621,2025-03-23,CUST162,Beverages,Sunbean Coffee,5,180,900,UPI,Delhi
TXN109622,2025-04-07,CUST959,Personal Care,Savlon Handwash,2,95,190,UPI,Hyderabad
TXN109623,2025-06-20,CUST446,Personal Care,Savlon Sanitizer,3,70,210,Card,Hyderabad
TXN109624,2025-05-31,CUST560,Beverages,Sunbean Coffee,5,180,900,UPI,Delhi
TXN109625,2025-05-20,CUST409,Personal Care,Savlon Sanitizer,4,70,280,Cash,Chennai
TXN109626,2025-02-25,CUST253,Snacks,Bingo Chips,3,20,60,UPI,Kolkata
TXN109627,2025-01-14,CUST207,Beverages,Sunbean Coffee,3,180,540,UPI,Delhi
TXN109628,2025-01-14,CUST223,Beverages,Sunbean Coffee,5,180,900,UPI,Chennai
TXN109629,2025-02-25,CUST242,Personal Care,Vivel Soap,4,35,140,Card,Mumbai
TXN109630,2025-01-10,CUST171,Personal Care,Savlon Handwash,4,95,380,UPI,Mumbai
TXN109631,2025-05-25,CUST972,FMCG,Aashirvaad Atta,2,65,130,Cash,Hyderabad
TXN109632,2025-01-27,CUST975,Snacks,Bingo Mad Angles,3,25,75,Card,Bangalore
TXN109633,2025-04-30,CUST308,Personal Care,Savlon Handwash,3,95,285,UPI,Kolkata
TXN109634,2025-05-29,CUST850,Personal Care,Savlon Handwash,5,95,475,UPI,Hyderabad
TXN109635,2025-02-03,CUST306,Snacks,Bingo Mad Angles,1,25,25,UPI,Mumbai
TXN109636,2025-06-25,CUST610,Personal Care,Vivel Soap,1,35,35,Cash,Delhi
TXN109637,2025-05-25,CUST111,FMCG,Aashirvaad Atta,1,65,65,Card,Bangalore
TXN109638,2025-05-27,CUST782,Personal Care,Savlon Handwash,5,95,475,Card,Bangalore
TXN109639,2025-06-14,CUST675,Snacks,Bingo Mad Angles,3,25,75,Cash,Delhi
TXN109640,2025-01-02,CUST215,FMCG,Aashirvaad Atta,5,65,325,Cash,Chennai
TXN109641,2025-01-24,CUST718,Snacks,Bingo Mad Angles,5,25,125,Card,Bangalore
TXN109642,2025-05-20,CUST923,Beverages,Sunbean Coffee,5,180,900,Cash,Delhi
TXN109643,2025-04-18,CUST494,Snacks,Bingo Mad Angles,5,25,125,UPI,Bangalore
TXN109644,2025-04-05,CUST911,Snacks,Bingo Chips,1,20,20,UPI,Chennai
TXN109645,2025-04-03,CUST644,Snacks,Bingo Mad Angles,2,25,50,Card,Hyderabad
TXN109646,2025-05-03,CUST906,Beverages,Sunbean Coffee,1,180,180,UPI,Hyderabad
TXN109647,2025-05-25,CUST603,Beverages,Sunbean Coffee,1,180,180,Card,Chennai
TXN109648,2025-05-16,CUST518,FMCG,Aashirvaad Atta,2,65,130,UPI,Chennai
TXN109649,2025-06-26,CUST100,Snacks,Bingo Chips,1,20,20,UPI,Bangalore
TXN109650,2025-06-01,CUST566,Personal Care,Vivel Soap,2,35,70,UPI,Mumbai
TXN109651,2025-03-10,CUST615,Personal Care,Savlon Handwash,4,95,380,UPI,Bangalore
TXN109652,2025-05-13,CUST692,Personal Care,Savlon Sanitizer,3,70,210,UPI,Chennai
TXN109653,2025-06-30,CUST595,Beverages,B Natural Juice,3,40,120,Cash,Chennai
TXN109654,2025-03-27,CUST855,Beverages,B Natural Juice,5,40,200,Card,Bangalore
TXN109655,2025-03-17,CUST859,Personal Care,Savlon Sanitizer,3,70,210,Card,Chennai
TXN109656,2025-01-30,CUST727,Beverages,B Natural Juice,1,40,40,UPI,Mumbai
TXN109657,2025-04-10,CUST489,Personal Care,Vivel Soap,3,35,105,Card,Chennai
TXN109658,2025-02-04,CUST512,FMCG,Aashirvaad Atta,2,65,130,UPI,Chennai
TXN109659,2025-03-09,CUST275,Personal Care,Vivel Soap,4,35,140,Card,Delhi
TXN109660,2025-06-03,CUST289,Snacks,Bingo Mad Angles,5,25,125,Card,Kolkata
TXN109661,2025-06-10,CUST395,Snacks,Bingo Chips,5,20,100,UPI,Delhi
TXN109662,2025-06-17,CUST334,Personal Care,Vivel Soap,2,35,70,Cash,Chennai
TXN109663,2025-02-15,CUST911,Snacks,Bingo Chips,4,20,80,UPI,Bangalore
TXN109664,2025-02-15,CUST724,Personal Care,Vivel Soap,1,35,35,Card,Delhi
TXN109665,2025-06-02,CUST120,Snacks,Bingo Mad Angles,1,25,25,UPI,Chennai
TXN109666,2025-02-27,CUST141,Snacks,Bingo Mad Angles,5,25,125,Card,Chennai
TXN109667,2025-03-07,CUST919,Beverages,B Natural Juice,3,40,120,Card,Kolkata
TXN109668,2025-04-29,CUST721,Personal Care,Savlon Sanitizer,1,70,70,Cash,Hyderabad
TXN109669,2025-06-07,CUST409,Personal Care,Vivel Soap,3,35,105,UPI,Delhi
TXN109670,2025-06-23,CUST227,Personal Care,Vivel Soap,1,35,35,UPI,Chennai
TXN109671,2025-02-03,CUST247,Snacks,Bingo Mad Angles,1,25,25,UPI,Bangalore
TXN109672,2025-04-21,CUST340,FMCG,Aashirvaad Atta,3,65,195,Card,Kolkata
TXN109673,2025-02-15,CUST501,FMCG,Aashirvaad Atta,2,65,130,Card,Bangalore
TXN109674,2025-05-04,CUST901,Snacks,Bingo Mad Angles,5,25,125,Card,Chennai
TXN109675,2025-06-13,CUST442,Snacks,Bingo Mad Angles,1,25,25,Cash,Mumbai
TXN109676,2025-05-09,CUST686,FMCG,Aashirvaad Atta,2,65,130,UPI,Delhi
TXN109677,2025-01-18,CUST979,FMCG,Aashirvaad Atta,1,65,65,Cash,Delhi
TXN109678,2025-05-09,CUST502,Snacks,Bingo Mad Angles,5,25,125,Card,Bangalore
TXN109679,2025-05-31,CUST909,Personal Care,Savlon Sanitizer,2,70,140,Cash,Hyderabad
TXN109680,2025-03-22,CUST967,Snacks,Bingo Mad Angles,3,25,75,UPI,Mumbai
TXN109681,2025-03-15,CUST653,Personal Care,Vivel Soap,1,35,35,UPI,Delhi
TXN109682,2025-06-21,CUST123,Personal Care,Savlon Sanitizer,5,70,350,Cash,Bangalore
TXN109683,2025-02-11,CUST574,Personal Care,Savlon Handwash,5,95,475,Cash,Delhi
TXN109684,2025-02-22,CUST388,Snacks,Bingo Mad Angles,5,25,125,Cash,Mumbai
TXN109685,2025-04-04,CUST869,Beverages,Sunbean Coffee,5,180,900,UPI,Delhi
TXN109686,2025-02-18,CUST911,Beverages,B Natural Juice,4,40,160,UPI,Hyderabad
TXN109687,2025-02-03,CUST595,Personal Care,Vivel Soap,4,35,140,UPI,Bangalore
TXN109688,2025-04-11,CUST862,FMCG,Aashirvaad Atta,2,65,130,UPI,Hyderabad
TXN109689,2025-03-01,CUST540,Snacks,Bingo Mad Angles,2,25,50,UPI,Kolkata
TXN109690,2025-02-25,CUST251,Beverages,Sunbean Coffee,4,180,720,Card,Bangalore
TXN109691,2025-04-20,CUST190,Personal Care,Vivel Soap,1,35,35,Card,Delhi
TXN109692,2025-03-01,CUST827,Personal Care,Savlon Handwash,3,95,285,UPI,Bangalore
TXN109693,2025-02-11,CUST643,Snacks,Bingo Chips,1,20,20,Card,Bangalore
TXN109694,2025-04-07,CUST998,Personal Care,Savlon Sanitizer,2,70,140,UPI,Bangalore
TXN109695,2025-04-27,CUST606,Snacks,Bingo Mad Angles,3,25,75,Cash,Bangalore
TXN109696,2025-02-23,CUST202,Beverages,B Natural Juice,5,40,200,UPI,Hyderabad
TXN109697,2025-05-25,CUST215,FMCG,Aashirvaad Atta,3,65,195,Card,Chennai
TXN109698,2025-05-21,CUST842,Personal Care,Savlon Sanitizer,4,70,280,Cash,Kolkata
TXN109699,2025-05-13,CUST419,Personal Care,Savlon Sanitizer,3,70,210,Cash,Chennai
TXN109700,2025-05-20,CUST180,Personal Care,Vivel Soap,5,35,175,UPI,Delhi
TXN109701,2025-05-28,CUST721,FMCG,Aashirvaad Atta,1,65,65,UPI,Chennai
TXN109702,2025-05-15,CUST360,Snacks,Bingo Mad Angles,1,25,25,Cash,Bangalore
TXN109703,2025-05-17,CUST666,Personal Care,Savlon Sanitizer,4,70,280,Cash,Delhi
TXN109704,2025-04-09,CUST729,Personal Care,Vivel Soap,5,35,175,Cash,Kolkata
TXN109705,2025-03-08,CUST118,FMCG,Aashirvaad Atta,1,65,65,UPI,Delhi
TXN109706,2025-02-09,CUST767,Personal Care,Savlon Handwash,3,95,285,Card,Hyderabad
TXN109707,2025-01-08,CUST645,Snacks,Bingo Mad Angles,4,25,100,Card,Mumbai
TXN109708,2025-03-17,CUST952,Personal Care,Vivel Soap,4,35,140,UPI,Kolkata
TXN109709,2025-04-17,CUST294,Personal Care,Savlon Sanitizer,3,70,210,Card,Chennai
TXN109710,2025-03-02,CUST820,Personal Care,Savlon Handwash,4,95,380,UPI,Hyderabad
TXN109711,2025-03-24,CUST697,Personal Care,Savlon Sanitizer,1,70,70,Card,Kolkata
TXN109712,2025-04-17,CUST444,FMCG,Aashirvaad Atta,2,65,130,Card,Kolkata
TXN109713,2025-03-10,CUST271,Personal Care,Vivel Soap,1,35,35,Cash,Hyderabad
TXN109714,2025-02-12,CUST412,Personal Care,Vivel Soap,2,35,70,Cash,Chennai
TXN109715,2025-06-22,CUST522,FMCG,Aashirvaad Atta,5,65,325,UPI,Delhi
TXN109716,2025-03-24,CUST896,Snacks,Bingo Chips,3,20,60,Card,Hyderabad
TXN109717,2025-06-16,CUST824,Beverages,Sunbean Coffee,3,180,540,UPI,Mumbai
TXN109718,2025-06-23,CUST534,Beverages,Sunbean Coffee,1,180,180,UPI,Chennai
TXN109719,2025-04-30,CUST706,Snacks,Bingo Mad Angles,3,25,75,UPI,Kolkata
TXN109720,2025-06-27,CUST405,Beverages,B Natural Juice,5,40,200,Card,Mumbai
TXN109721,2025-06-27,CUST143,Snacks,Bingo Chips,5,20,100,Card,Mumbai
TXN109722,2025-06-09,CUST239,Beverages,Sunbean Coffee,5,180,900,Card,Bangalore
TXN109723,2025-04-10,CUST515,Beverages,B Natural Juice,2,40,80,UPI,Chennai
TXN109724,2025-01-20,CUST743,Beverages,Sunbean Coffee,2,180,360,UPI,Hyderabad
TXN109725,2025-02-27,CUST208,Personal Care,Savlon Handwash,2,95,190,UPI,Delhi
TXN109726,2025-03-19,CUST117,Beverages,Sunbean Coffee,3,180,540,UPI,Kolkata
TXN109727,2025-02-22,CUST177,Snacks,Bingo Mad Angles,1,25,25,Card,Bangalore
TXN109728,2025-04-19,CUST149,Snacks,Bingo Mad Angles,1,25,25,Cash,Hyderabad
TXN109729,2025-02-23,CUST602,FMCG,Aashirvaad Atta,3,65,195,UPI,Kolkata
TXN109730,2025-06-13,CUST603,Personal Care,Vivel Soap,3,35,105,Cash,Mumbai
TXN109731,2025-06-21,CUST236,Beverages,B Natural Juice,1,40,40,UPI,Delhi
TXN109732,2025-02-26,CUST602,Snacks,Bingo Chips,4,20,80,Cash,Mumbai
TXN109733,2025-03-21,CUST136,Beverages,B Natural Juice,5,40,200,Card,Chennai
TXN109734,2025-04-07,CUST774,FMCG,Aashirvaad Atta,4,65,260,Card,Hyderabad
TXN109735,2025-01-31,CUST652,FMCG,Aashirvaad Atta,1,65,65,UPI,Delhi
TXN109736,2025-02-13,CUST243,Personal Care,Vivel Soap,3,35,105,UPI,Delhi
TXN109737,2025-04-28,CUST264,FMCG,Aashirvaad Atta,2,65,130,Cash,Hyderabad
TXN109738,2025-04-28,CUST218,FMCG,Aashirvaad Atta,5,65,325,UPI,Chennai
TXN109739,2025-04-26,CUST857,Snacks,Bingo Chips,3,20,60,Cash,Bangalore
TXN109740,2025-01-17,CUST790,Personal Care,Savlon Handwash,5,95,475,Card,Kolkata
TXN109741,2025-04-12,CUST112,Snacks,Bingo Chips,1,20,20,Cash,Hyderabad
TXN109742,2025-01-14,CUST815,Beverages,B Natural Juice,2,40,80,Card,Kolkata
TXN109743,2025-03-28,CUST679,Personal Care,Vivel Soap,5,35,175,Cash,Hyderabad
TXN109744,2025-04-25,CUST374,Snacks,Bingo Mad Angles,2,25,50,Cash,Mumbai
TXN109745,2025-02-21,CUST864,Beverages,Sunbean Coffee,4,180,720,Cash,Delhi
TXN109746,2025-06-18,CUST889,Personal Care,Savlon Sanitizer,5,70,350,Cash,Kolkata
TXN109747,2025-04-26,CUST338,Beverages,B Natural Juice,4,40,160,UPI,Mumbai
TXN109748,2025-02-19,CUST636,Beverages,B Natural Juice,5,40,200,Cash,Mumbai
TXN109749,2025-02-16,CUST860,Snacks,Bingo Mad Angles,3,25,75,Card,Kolkata
TXN109750,2025-04-29,CUST694,Beverages,B Natural Juice,2,40,80,UPI,Chennai
TXN109751,2025-01-07,CUST655,Beverages,Sunbean Coffee,2,180,360,UPI,Delhi
TXN109752,2025-05-24,CUST455,Beverages,Sunbean Coffee,4,180,720,UPI,Kolkata
TXN109753,2025-04-02,CUST598,Personal Care,Savlon Handwash,2,95,190,UPI,Bangalore
TXN109754,2025-01-27,CUST817,Beverages,B Natural Juice,2,40,80,Card,Chennai
TXN109755,2025-01-11,CUST134,Personal Care,Vivel Soap,4,35,140,Card,Mumbai
TXN109756,2025-03-31,CUST911,Personal Care,Savlon Sanitizer,5,70,350,Card,Hyderabad
TXN109757,2025-05-17,CUST222,Snacks,Bingo Chips,3,20,60,Cash,Hyderabad
TXN109758,2025-06-01,CUST812,FMCG,Aashirvaad Atta,5,65,325,Cash,Mumbai
TXN109759,2025-06-28,CUST100,Personal Care,Vivel Soap,4,35,140,UPI,Mumbai
TXN109760,2025-01-12,CUST939,Beverages,Sunbean Coffee,2,180,360,Card,Chennai
TXN109761,2025-03-25,CUST546,Snacks,Bingo Chips,3,20,60,Card,Delhi
TXN109762,2025-06-22,CUST184,Personal Care,Vivel Soap,2,35,70,UPI,Delhi
TXN109763,2025-04-08,CUST330,Beverages,Sunbean Coffee,4,180,720,UPI,Mumbai
TXN109764,2025-01-02,CUST753,Personal Care,Vivel Soap,5,35,175,UPI,Bangalore
TXN109765,2025-01-22,CUST746,Personal Care,Savlon Sanitizer,1,70,70,Card,Delhi
TXN109766,2025-05-20,CUST998,Beverages,B Natural Juice,3,40,120,UPI,Chennai
TXN109767,2025-01-19,CUST550,Beverages,B Natural Juice,3,40,120,UPI,Chennai
TXN109768,2025-04-22,CUST909,Beverages,Sunbean Coffee,2,180,360,UPI,Hyderabad
TXN109769,2025-03-01,CUST919,Snacks,Bingo Chips,1,20,20,UPI,Chennai
TXN109770,2025-03-18,CUST113,Beverages,Sunbean Coffee,5,180,900,Card,Hyderabad
TXN109771,2025-02-16,CUST572,Personal Care,Savlon Handwash,2,95,190,Cash,Hyderabad
TXN109772,2025-03-09,CUST897,Snacks,Bingo Mad Angles,1,25,25,UPI,Hyderabad
TXN109773,2025-02-14,CUST427,Personal Care,Savlon Sanitizer,4,70,280,Card,Delhi
TXN109774,2025-02-24,CUST141,Beverages,Sunbean Coffee,3,180,540,Cash,Hyderabad
TXN109775,2025-02-22,CUST571,Snacks,Bingo Chips,3,20,60,Card,Chennai
TXN109776,2025-02-20,CUST997,Personal Care,Vivel Soap,2,35,70,UPI,Chennai
TXN109777,2025-03-30,CUST949,Beverages,B Natural Juice,1,40,40,Card,Hyderabad
TXN109778,2025-06-14,CUST490,Beverages,Sunbean Coffee,2,180,360,Cash,Mumbai
TXN109779,2025-01-07,CUST451,Beverages,Sunbean Coffee,3,180,540,UPI,Chennai
TXN109780,2025-03-21,CUST224,Snacks,Bingo Mad Angles,3,25,75,UPI,Kolkata
TXN109781,2025-01-24,CUST992,Beverages,Sunbean Coffee,3,180,540,Cash,Bangalore
TXN109782,2025-03-17,CUST965,Personal Care,Vivel Soap,3,35,105,Card,Hyderabad
TXN109783,2025-01-04,CUST743,Snacks,Bingo Mad Angles,4,25,100,UPI,Hyderabad
TXN109784,2025-04-09,CUST819,FMCG,Aashirvaad Atta,3,65,195,UPI,Hyderabad
TXN109785,2025-01-06,CUST880,Snacks,Bingo Chips,1,20,20,Card,Kolkata
TXN109786,2025-02-25,CUST916,Beverages,Sunbean Coffee,3,180,540,Card,Bangalore
TXN109787,2025-01-18,CUST818,FMCG,Aashirvaad Atta,3,65,195,Cash,Bangalore
TXN109788,2025-06-16,CUST847,Personal Care,Savlon Handwash,1,95,95,Card,Kolkata
TXN109789,2025-05-24,CUST795,Personal Care,Vivel Soap,4,35,140,Card,Kolkata
TXN109790,2025-02-27,CUST761,Personal Care,Savlon Sanitizer,4,70,280,Cash,Kolkata
TXN109791,2025-03-15,CUST325,Personal Care,Savlon Sanitizer,3,70,210,Cash,Hyderabad
TXN109792,2025-05-25,CUST999,Snacks,Bingo Mad Angles,1,25,25,Cash,Kolkata
TXN109793,2025-03-13,CUST129,Beverages,Sunbean Coffee,2,180,360,Card,Chennai
TXN109794,2025-06-13,CUST419,Personal Care,Vivel Soap,4,35,140,Card,Mumbai
TXN109795,2025-04-08,CUST752,Beverages,Sunbean Coffee,2,180,360,Cash,Kolkata
TXN109796,2025-01-30,CUST847,Personal Care,Vivel Soap,2,35,70,Card,Hyderabad
TXN109797,2025-04-23,CUST328,Personal Care,Savlon Handwash,2,95,190,UPI,Bangalore
TXN109798,2025-06-21,CUST359,FMCG,Aashirvaad Atta,5,65,325,Card,Bangalore
TXN109799,2025-04-24,CUST418,Snacks,Bingo Chips,4,20,80,UPI,Chennai
TXN109800,2025-02-11,CUST252,Beverages,B Natural Juice,4,40,160,Card,Bangalore
TXN109801,2025-01-04,CUST417,Snacks,Bingo Chips,2,20,40,Card,Chennai
TXN109802,2025-03-09,CUST570,Beverages,B Natural Juice,1,40,40,Card,Mumbai
TXN109803,2025-05-29,CUST499,Snacks,Bingo Mad Angles,3,25,75,Cash,Kolkata
TXN109804,2025-06-20,CUST787,Personal Care,Savlon Sanitizer,2,70,140,Card,Bangalore
TXN109805,2025-04-19,CUST740,Personal Care,Vivel Soap,4,35,140,Cash,Kolkata
TXN109806,2025-02-23,CUST184,Personal Care,Vivel Soap,2,35,70,UPI,Bangalore
TXN109807,2025-06-09,CUST221,Snacks,Bingo Chips,1,20,20,Card,Chennai
TXN109808,2025-03-14,CUST328,Snacks,Bingo Mad Angles,1,25,25,Card,Bangalore
TXN109809,2025-06-03,CUST246,Beverages,Sunbean Coffee,2,180,360,UPI,Chennai
TXN109810,2025-06-12,CUST213,Personal Care,Savlon Sanitizer,5,70,350,UPI,Chennai
TXN109811,2025-02-24,CUST291,Personal Care,Savlon Handwash,2,95,190,Card,Chennai
TXN109812,2025-05-22,CUST781,Personal Care,Vivel Soap,2,35,70,Card,Kolkata
TXN109813,2025-06-10,CUST799,FMCG,Aashirvaad Atta,4,65,260,UPI,Delhi
TXN109814,2025-06-21,CUST218,Snacks,Bingo Chips,3,20,60,Cash,Hyderabad
TXN109815,2025-05-14,CUST892,Personal Care,Savlon Sanitizer,4,70,280,UPI,Delhi
TXN109816,2025-01-02,CUST316,Snacks,Bingo Chips,2,20,40,UPI,Delhi
TXN109817,2025-04-02,CUST247,Snacks,Bingo Mad Angles,1,25,25,Cash,Hyderabad
TXN109818,2025-05-16,CUST873,Personal Care,Savlon Sanitizer,3,70,210,UPI,Kolkata
TXN109819,2025-06-12,CUST339,FMCG,Aashirvaad Atta,1,65,65,UPI,Kolkata
TXN109820,2025-06-26,CUST495,Beverages,B Natural Juice,5,40,200,UPI,Bangalore
TXN109821,2025-02-26,CUST613,Snacks,Bingo Mad Angles,5,25,125,Card,Kolkata
TXN109822,2025-01-04,CUST382,Personal Care,Savlon Handwash,2,95,190,UPI,Mumbai
TXN109823,2025-01-02,CUST927,Personal Care,Vivel Soap,3,35,105,Cash,Delhi
TXN109824,2025-04-24,CUST414,Snacks,Bingo Chips,2,20,40,Cash,Kolkata
TXN109825,2025-05-11,CUST576,FMCG,Aashirvaad Atta,1,65,65,Cash,Bangalore
TXN109826,2025-03-05,CUST830,Personal Care,Savlon Sanitizer,4,70,280,Card,Chennai
TXN109827,2025-04-04,CUST614,Personal Care,Vivel Soap,2,35,70,Card,Mumbai
TXN109828,2025-04-27,CUST407,Personal Care,Vivel Soap,4,35,140,Card,Chennai
TXN109829,2025-01-11,CUST925,Snacks,Bingo Mad Angles,2,25,50,Card,Mumbai
TXN109830,2025-05-02,CUST372,Snacks,Bingo Chips,2,20,40,Cash,Chennai
TXN109831,2025-02-23,CUST613,Snacks,Bingo Mad Angles,1,25,25,UPI,Chennai
TXN109832,2025-01-03,CUST878,FMCG,Aashirvaad Atta,5,65,325,Cash,Bangalore
TXN109833,2025-01-02,CUST463,Beverages,Sunbean Coffee,2,180,360,Card,Chennai
TXN109834,2025-05-14,CUST835,Beverages,Sunbean Coffee,4,180,720,Cash,Mumbai
TXN109835,2025-05-01,CUST922,FMCG,Aashirvaad Atta,3,65,195,Card,Delhi
TXN109836,2025-06-23,CUST125,Personal Care,Vivel Soap,2,35,70,Card,Kolkata
TXN109837,2025-06-10,CUST182,Personal Care,Vivel Soap,5,35,175,UPI,Delhi
TXN109838,2025-01-26,CUST743,FMCG,Aashirvaad Atta,2,65,130,UPI,Bangalore
TXN109839,2025-05-11,CUST326,FMCG,Aashirvaad Atta,1,65,65,UPI,Mumbai
TXN109840,2025-03-13,CUST386,Beverages,Sunbean Coffee,3,180,540,Card,Hyderabad
TXN109841,2025-03-15,CUST799,Personal Care,Vivel Soap,3,35,105,Cash,Mumbai
TXN109842,2025-05-09,CUST792,Snacks,Bingo Mad Angles,4,25,100,Card,Kolkata
TXN109843,2025-01-23,CUST794,Personal Care,Vivel Soap,1,35,35,Cash,Hyderabad
TXN109844,2025-06-25,CUST745,FMCG,Aashirvaad Atta,3,65,195,UPI,Mumbai
TXN109845,2025-01-14,CUST668,FMCG,Aashirvaad Atta,3,65,195,Cash,Mumbai
TXN109846,2025-01-08,CUST217,Beverages,Sunbean Coffee,2,180,360,Card,Bangalore
TXN109847,2025-04-17,CUST603,FMCG,Aashirvaad Atta,4,65,260,UPI,Kolkata
TXN109848,2025-03-31,CUST335,Personal Care,Savlon Sanitizer,2,70,140,Cash,Bangalore
TXN109849,2025-01-21,CUST375,Snacks,Bingo Mad Angles,4,25,100,Card,Delhi
TXN109850,2025-06-26,CUST112,Snacks,Bingo Mad Angles,2,25,50,Card,Bangalore
TXN109851,2025-05-16,CUST277,Personal Care,Savlon Handwash,2,95,190,Card,Bangalore
TXN109852,2025-04-02,CUST767,FMCG,Aashirvaad Atta,1,65,65,UPI,Kolkata
TXN109853,2025-06-08,CUST361,Personal Care,Savlon Handwash,3,95,285,Cash,Hyderabad
TXN109854,2025-05-02,CUST631,Snacks,Bingo Chips,5,20,100,UPI,Kolkata
TXN109855,2025-01-29,CUST851,Beverages,B Natural Juice,5,40,200,UPI,Delhi
TXN109856,2025-01-07,CUST882,FMCG,Aashirvaad Atta,4,65,260,Cash,Kolkata
TXN109857,2025-03-29,CUST877,Snacks,Bingo Mad Angles,2,25,50,Card,Delhi
TXN109858,2025-06-06,CUST193,FMCG,Aashirvaad Atta,1,65,65,Cash,Hyderabad
TXN109859,2025-03-28,CUST553,Snacks,Bingo Chips,5,20,100,Cash,Kolkata
TXN109860,2025-02-11,CUST871,Personal Care,Savlon Sanitizer,1,70,70,UPI,Hyderabad
TXN109861,2025-02-17,CUST904,Snacks,Bingo Chips,3,20,60,Cash,Kolkata
TXN109862,2025-06-12,CUST980,Beverages,Sunbean Coffee,4,180,720,Card,Kolkata
TXN109863,2025-03-25,CUST788,Personal Care,Vivel Soap,5,35,175,UPI,Mumbai
TXN109864,2025-06-08,CUST635,Beverages,Sunbean Coffee,3,180,540,Card,Mumbai
TXN109865,2025-01-25,CUST346,Beverages,Sunbean Coffee,3,180,540,Cash,Hyderabad
TXN109866,2025-03-11,CUST264,Beverages,B Natural Juice,2,40,80,UPI,Kolkata
TXN109867,2025-02-04,CUST801,Snacks,Bingo Chips,4,20,80,UPI,Hyderabad
TXN109868,2025-02-16,CUST733,Snacks,Bingo Mad Angles,2,25,50,Cash,Hyderabad
TXN109869,2025-03-04,CUST429,Beverages,B Natural Juice,2,40,80,Cash,Bangalore
TXN109870,2025-03-08,CUST875,Snacks,Bingo Mad Angles,3,25,75,Cash,Chennai
TXN109871,2025-01-20,CUST649,Snacks,Bingo Chips,4,20,80,UPI,Kolkata
TXN109872,2025-02-01,CUST731,Personal Care,Vivel Soap,4,35,140,Card,Chennai
TXN109873,2025-01-01,CUST443,Personal Care,Savlon Sanitizer,2,70,140,Cash,Bangalore
TXN109874,2025-02-26,CUST249,Personal Care,Savlon Sanitizer,4,70,280,Cash,Kolkata
TXN109875,2025-06-20,CUST787,FMCG,Aashirvaad Atta,4,65,260,Cash,Chennai
TXN109876,2025-06-14,CUST460,Personal Care,Savlon Sanitizer,5,70,350,Cash,Delhi
TXN109877,2025-03-08,CUST924,Beverages,B Natural Juice,5,40,200,UPI,Kolkata
TXN109878,2025-02-12,CUST278,Personal Care,Savlon Sanitizer,5,70,350,UPI,Kolkata
TXN109879,2025-04-06,CUST179,FMCG,Aashirvaad Atta,4,65,260,Cash,Mumbai
TXN109880,2025-04-27,CUST840,Beverages,B Natural Juice,3,40,120,Cash,Kolkata
TXN109881,2025-01-12,CUST404,Snacks,Bingo Mad Angles,5,25,125,Card,Hyderabad
TXN109882,2025-02-27,CUST446,Beverages,Sunbean Coffee,4,180,720,Card,Delhi
TXN109883,2025-01-08,CUST751,Beverages,Sunbean Coffee,3,180,540,Cash,Bangalore
TXN109884,2025-04-16,CUST623,Personal Care,Vivel Soap,3,35,105,UPI,Delhi
TXN109885,2025-06-27,CUST603,Snacks,Bingo Mad Angles,3,25,75,Card,Chennai
TXN109886,2025-05-09,CUST663,Beverages,B Natural Juice,4,40,160,Card,Mumbai
TXN109887,2025-06-06,CUST844,FMCG,Aashirvaad Atta,3,65,195,UPI,Mumbai
TXN109888,2025-01-15,CUST421,Snacks,Bingo Chips,3,20,60,UPI,Bangalore
TXN109889,2025-06-06,CUST779,Personal Care,Savlon Handwash,4,95,380,Cash,Chennai
TXN109890,2025-04-03,CUST591,FMCG,Aashirvaad Atta,4,65,260,Card,Bangalore
TXN109891,2025-03-12,CUST235,Personal Care,Savlon Handwash,3,95,285,Card,Chennai
TXN109892,2025-04-26,CUST315,Personal Care,Savlon Handwash,5,95,475,UPI,Bangalore
TXN109893,2025-06-19,CUST303,Personal Care,Savlon Handwash,4,95,380,UPI,Chennai
TXN109894,2025-03-05,CUST155,Snacks,Bingo Mad Angles,5,25,125,UPI,Kolkata
TXN109895,2025-05-19,CUST419,Beverages,Sunbean Coffee,2,180,360,UPI,Mumbai
TXN109896,2025-02-07,CUST763,Personal Care,Savlon Handwash,4,95,380,UPI,Hyderabad
TXN109897,2025-02-16,CUST224,Personal Care,Savlon Handwash,4,95,380,UPI,Bangalore
TXN109898,2025-04-20,CUST324,Personal Care,Vivel Soap,4,35,140,UPI,Chennai
TXN109899,2025-01-17,CUST543,Snacks,Bingo Mad Angles,3,25,75,Card,Kolkata
TXN109900,2025-03-18,CUST366,FMCG,Aashirvaad Atta,2,65,130,Card,Hyderabad
TXN109901,2025-06-03,CUST215,Personal Care,Vivel Soap,2,35,70,Cash,Chennai
TXN109902,2025-04-07,CUST499,Beverages,Sunbean Coffee,1,180,180,Card,Kolkata
TXN109903,2025-03-18,CUST120,FMCG,Aashirvaad Atta,1,65,65,UPI,Kolkata
TXN109904,2025-01-07,CUST729,Personal Care,Savlon Sanitizer,4,70,280,UPI,Hyderabad
TXN109905,2025-01-14,CUST240,Snacks,Bingo Chips,3,20,60,UPI,Bangalore
TXN109906,2025-05-30,CUST715,Personal Care,Vivel Soap,4,35,140,Cash,Kolkata
TXN109907,2025-01-26,CUST474,Beverages,B Natural Juice,1,40,40,UPI,Hyderabad
TXN109908,2025-06-10,CUST208,Personal Care,Vivel Soap,5,35,175,Card,Delhi
TXN109909,2025-06-09,CUST439,Personal Care,Savlon Sanitizer,5,70,350,UPI,Chennai
TXN109910,2025-06-19,CUST453,Personal Care,Savlon Handwash,1,95,95,Card,Hyderabad
TXN109911,2025-02-22,CUST418,Personal Care,Savlon Sanitizer,1,70,70,UPI,Bangalore
TXN109912,2025-04-11,CUST232,Beverages,Sunbean Coffee,1,180,180,Cash,Chennai
TXN109913,2025-02-10,CUST167,FMCG,Aashirvaad Atta,1,65,65,UPI,Hyderabad
TXN109914,2025-05-27,CUST709,FMCG,Aashirvaad Atta,5,65,325,Card,Kolkata
TXN109915,2025-05-02,CUST814,Snacks,Bingo Mad Angles,1,25,25,UPI,Kolkata
TXN109916,2025-04-22,CUST219,Beverages,Sunbean Coffee,5,180,900,UPI,Kolkata
TXN109917,2025-04-11,CUST198,Beverages,Sunbean Coffee,5,180,900,UPI,Kolkata
TXN109918,2025-01-09,CUST324,Beverages,B Natural Juice,2,40,80,UPI,Hyderabad
TXN109919,2025-01-24,CUST712,Beverages,Sunbean Coffee,2,180,360,UPI,Kolkata
TXN109920,2025-01-10,CUST108,Personal Care,Savlon Sanitizer,4,70,280,UPI,Kolkata
TXN109921,2025-02-21,CUST335,Beverages,Sunbean Coffee,5,180,900,UPI,Kolkata
TXN109922,2025-01-29,CUST763,Snacks,Bingo Mad Angles,1,25,25,Card,Chennai
TXN109923,2025-01-11,CUST586,Personal Care,Savlon Handwash,5,95,475,Cash,Hyderabad
TXN109924,2025-06-18,CUST753,Personal Care,Vivel Soap,4,35,140,UPI,Delhi
TXN109925,2025-03-26,CUST566,Snacks,Bingo Mad Angles,2,25,50,Cash,Delhi
TXN109926,2025-03-30,CUST813,Personal Care,Savlon Handwash,3,95,285,Card,Delhi
TXN109927,2025-04-24,CUST688,Snacks,Bingo Mad Angles,3,25,75,UPI,Delhi
TXN109928,2025-05-17,CUST320,Beverages,B Natural Juice,5,40,200,Card,Kolkata
TXN109929,2025-01-11,CUST147,Personal Care,Savlon Handwash,4,95,380,UPI,Hyderabad
TXN109930,2025-01-01,CUST190,Beverages,B Natural Juice,4,40,160,Card,Hyderabad
TXN109931,2025-04-19,CUST971,Beverages,B Natural Juice,4,40,160,Cash,Hyderabad
TXN109932,2025-05-09,CUST571,Personal Care,Savlon Handwash,3,95,285,UPI,Bangalore
TXN109933,2025-03-09,CUST731,FMCG,Aashirvaad Atta,4,65,260,UPI,Hyderabad
TXN109934,2025-05-23,CUST587,Snacks,Bingo Chips,2,20,40,Card,Bangalore
TXN109935,2025-06-24,CUST215,Personal Care,Savlon Sanitizer,3,70,210,UPI,Delhi
TXN109936,2025-01-27,CUST892,Personal Care,Savlon Sanitizer,3,70,210,Card,Delhi
TXN109937,2025-05-05,CUST209,FMCG,Aashirvaad Atta,1,65,65,UPI,Kolkata
TXN109938,2025-05-18,CUST981,Beverages,Sunbean Coffee,4,180,720,Card,Delhi
TXN109939,2025-03-20,CUST767,Personal Care,Savlon Sanitizer,2,70,140,UPI,Bangalore
TXN109940,2025-03-16,CUST575,Personal Care,Savlon Handwash,3,95,285,Card,Kolkata
TXN109941,2025-06-18,CUST637,Snacks,Bingo Chips,1,20,20,Card,Hyderabad
TXN109942,2025-05-11,CUST478,Beverages,B Natural Juice,1,40,40,Card,Delhi
TXN109943,2025-03-24,CUST812,Personal Care,Savlon Sanitizer,2,70,140,Cash,Hyderabad
TXN109944,2025-01-06,CUST997,Personal Care,Savlon Handwash,1,95,95,Card,Hyderabad
TXN109945,2025-05-20,CUST357,Personal Care,Vivel Soap,5,35,175,Cash,Delhi
TXN109946,2025-04-23,CUST535,Personal Care,Savlon Handwash,5,95,475,Cash,Delhi
TXN109947,2025-04-01,CUST795,Personal Care,Savlon Handwash,3,95,285,Card,Hyderabad
TXN109948,2025-05-28,CUST264,Snacks,Bingo Chips,4,20,80,Cash,Mumbai
TXN109949,2025-03-01,CUST676,FMCG,Aashirvaad Atta,5,65,325,Cash,Mumbai
TXN109950,2025-03-01,CUST503,Beverages,B Natural Juice,4,40,160,Card,Chennai
TXN109951,2025-01-21,CUST271,Beverages,B Natural Juice,3,40,120,Cash,Chennai
TXN109952,2025-05-06,CUST792,Snacks,Bingo Mad Angles,5,25,125,Cash,Mumbai
TXN109953,2025-06-19,CUST505,FMCG,Aashirvaad Atta,1,65,65,UPI,Chennai
TXN109954,2025-01-08,CUST556,Snacks,Bingo Mad Angles,4,25,100,UPI,Mumbai
TXN109955,2025-05-10,CUST312,Personal Care,Savlon Handwash,2,95,190,Card,Delhi
TXN109956,2025-02-01,CUST978,Personal Care,Vivel Soap,2,35,70,Card,Chennai
TXN109957,2025-04-07,CUST693,FMCG,Aashirvaad Atta,4,65,260,Cash,Chennai
TXN109958,2025-06-25,CUST840,Personal Care,Vivel Soap,1,35,35,UPI,Bangalore
TXN109959,2025-04-28,CUST793,Beverages,B Natural Juice,2,40,80,Cash,Kolkata
TXN109960,2025-06-15,CUST551,FMCG,Aashirvaad Atta,1,65,65,UPI,Bangalore
TXN109961,2025-01-23,CUST410,Snacks,Bingo Mad Angles,2,25,50,Card,Chennai
TXN109962,2025-02-02,CUST504,Personal Care,Savlon Handwash,2,95,190,UPI,Delhi
TXN109963,2025-02-24,CUST618,Beverages,B Natural Juice,5,40,200,Card,Kolkata
TXN109964,2025-01-19,CUST817,Snacks,Bingo Chips,2,20,40,Cash,Bangalore
TXN109965,2025-02-26,CUST274,Personal Care,Savlon Handwash,2,95,190,Card,Chennai
TXN109966,2025-06-17,CUST331,Personal Care,Savlon Handwash,4,95,380,UPI,Mumbai
TXN109967,2025-06-13,CUST517,Personal Care,Vivel Soap,2,35,70,UPI,Hyderabad
TXN109968,2025-05-14,CUST198,Snacks,Bingo Chips,5,20,100,UPI,Hyderabad
TXN109969,2025-06-21,CUST525,FMCG,Aashirvaad Atta,1,65,65,UPI,Kolkata
TXN109970,2025-03-29,CUST654,Beverages,Sunbean Coffee,2,180,360,UPI,Hyderabad
TXN109971,2025-01-05,CUST875,Beverages,Sunbean Coffee,1,180,180,Card,Chennai
TXN109972,2025-03-06,CUST674,FMCG,Aashirvaad Atta,5,65,325,UPI,Mumbai
TXN109973,2025-05-09,CUST381,Beverages,B Natural Juice,4,40,160,Card,Chennai
TXN109974,2025-04-30,CUST698,Personal Care,Savlon Handwash,1,95,95,Card,Bangalore
TXN109975,2025-02-01,CUST171,Beverages,Sunbean Coffee,1,180,180,Cash,Delhi
TXN109976,2025-01-16,CUST475,Personal Care,Vivel Soap,5,35,175,Card,Chennai
TXN109977,2025-03-05,CUST200,Beverages,B Natural Juice,5,40,200,Card,Mumbai
TXN109978,2025-05-18,CUST643,Personal Care,Savlon Sanitizer,3,70,210,Cash,Delhi
TXN109979,2025-01-04,CUST831,Beverages,Sunbean Coffee,4,180,720,Card,Chennai
TXN109980,2025-03-10,CUST476,Personal Care,Savlon Handwash,2,95,190,Card,Kolkata
TXN109981,2025-05-31,CUST538,Snacks,Bingo Mad Angles,2,25,50,Cash,Hyderabad
TXN109982,2025-01-07,CUST873,Beverages,B Natural Juice,4,40,160,UPI,Hyderabad
TXN109983,2025-01-30,CUST529,FMCG,Aashirvaad Atta,5,65,325,UPI,Chennai
TXN109984,2025-01-26,CUST185,Snacks,Bingo Chips,5,20,100,Card,Bangalore
TXN109985,2025-06-09,CUST630,FMCG,Aashirvaad Atta,4,65,260,UPI,Hyderabad
TXN109986,2025-01-20,CUST870,Personal Care,Savlon Sanitizer,1,70,70,Cash,Kolkata
TXN109987,2025-03-29,CUST669,Beverages,B Natural Juice,1,40,40,UPI,Hyderabad
TXN109988,2025-05-29,CUST639,Personal Care,Savlon Sanitizer,2,70,140,UPI,Chennai
TXN109989,2025-02-22,CUST855,Personal Care,Savlon Sanitizer,5,70,350,Card,Kolkata
TXN109990,2025-04-06,CUST776,Personal Care,Savlon Sanitizer,1,70,70,Card,Chennai
TXN109991,2025-03-03,CUST458,Snacks,Bingo Chips,1,20,20,UPI,Bangalore
TXN109992,2025-06-19,CUST865,Snacks,Bingo Mad Angles,5,25,125,Cash,Bangalore
TXN109993,2025-01-15,CUST285,Beverages,Sunbean Coffee,2,180,360,Card,Bangalore
TXN109994,2025-02-05,CUST182,FMCG,Aashirvaad Atta,4,65,260,Card,Bangalore
TXN109995,2025-03-07,CUST200,Snacks,Bingo Chips,3,20,60,Card,Delhi
TXN109996,2025-05-11,CUST154,Personal Care,Savlon Sanitizer,3,70,210,UPI,Hyderabad
TXN109997,2025-06-17,CUST726,Snacks,Bingo Mad Angles,2,25,50,UPI,Delhi
TXN109998,2025-05-24,CUST738,Snacks,Bingo Chips,1,20,20,UPI,Delhi
TXN109999,2025-02-02,CUST821,Beverages,B Natural Juice,5,40,200,UPI,Delhi
